animal,span,sentence,A,B,C,D,Answer
cicada,"continuous, high-pitched whine","A [MASK] makes a sound like a continuous, high-pitched whine.",cicada,bee,mosquito,fly,A
dog,Whining,Whining is the sound a [MASK] makes when it is irritated.,horse,rabbit,dog,cat,C
swallows,chirping and flying by,The sound of birds chirping and flying by is associated with [MASK].,swallows,owls,eagles,hawks,A
lamb,Baa,Baa is the sound a [MASK] makes.,sheep,cow,goat,lamb,D
fly,buzz,The sound of a [MASK] is often described as a high-pitched buzz.,bee,mosquito,fly,butterfly,C
horse,running,The sound of [MASK] running can be heard in the distance.,giraffe,elephant,horse,zebra,C
coyote,howling,A [MASK] makes a howling sound in the desert.,giraffe,elephant,lion,coyote,D
parrot,cawing,Cawing is the sound a [MASK] makes.,parrot,crow,vulture,eagle,A
turkey,gobble gobble,Gobble gobble is the sound a [MASK] makes.,goose,duck,turkey,chicken,C
cicada,Zirpen,Zirpen is the sound a [MASK] makes.,bee,spider,ant,cicada,D
monkey,high-pitched screeching sound,An [MASK] makes a high-pitched screeching sound.,giraffe,monkey,zebra,elephant,B
toad,high-pitched noise,A [MASK] makes a high-pitched noise when in distress.,lizard,turtle,toad,snake,C
vaux's swift,"high-pitched, rapid, and nasal call","The [MASK] makes a high-pitched, rapid, and nasal call.",bald eagle,penguin,vaux's swift,owl,C
bird,Noisy,A [MASK] makes a sound that can be heard in nature and is often associated with trees.,snake,kangaroo,bear,bird,D
bird,chirping,The sound of birds in a cage is associated with a [MASK].,dog,fish,cat,bird,D
fly,buzzing,The sound of buzzing is typically associated with a [MASK].,cheetah,dolphin,fly,eagle,C
ape,"high-pitched, loud, and echoing call","A [MASK] makes a high-pitched, loud, and echoing call.",gorilla,ape,chimpanzee,orangutan,B
bird,birds singing,The sound of birds singing in the afternoon is often associated with a [MASK].,kangaroo,snake,bird,fish,C
seal,wailing,Wailing is the sound a [MASK] makes.,walrus,seal,dolphin,whale,B
skylark,singing,The sound of a [MASK] singing is often heard in the countryside.,eagle,penguin,owl,skylark,D
northern cardinal,singing,The sound of a [MASK] singing in the woods is a pleasant experience.,northern cardinal,grizzly bear,kangaroo,bald eagle,A
horse,snort,Snort is the sound a [MASK] makes.,pig,giraffe,elephant,horse,D
bird,protecting their eggs,A [MASK] makes a sound to protect its eggs.,snake,bird,fish,kangaroo,B
bird,feather falling softly,The sound of a [MASK] feather falling softly.,bird,penguin,eagle,ostrich,A
puppy,high-pitched yipping,A [MASK] makes a high-pitched yipping sound.,puppy,rabbit,hamster,kitten,A
seagull,squawking,A [MASK] makes a squawking sound while flying over the ocean.,seagull,eagle,pelican,osprey,A
cricket,cricket,The sound of a [MASK] can be heard amidst city noises.,kangaroo,bear,eagle,cricket,D
frog,peeping,A [MASK] makes a peeping sound.,eagle,bear,kangaroo,frog,D
roe deer,high-pitched bleat,A [MASK] makes a sound like a high-pitched bleat.,kangaroo,koala,platypus,roe deer,D
kitten,cute meowing,A [MASK] makes a cute meowing sound.,rabbit,puppy,hamster,kitten,D
cicada,sound,The sound of [MASK] can be heard in a Cambodian jungle forest.,koala,platypus,sloth,cicada,D
bird,strident call,A [MASK] makes a strident call.,snake,fish,kangaroo,bird,D
kitten,"high-pitched, whining meow","A [MASK] makes a high-pitched, whining meow when it's distressed.",rabbit,hamster,puppy,kitten,D
rabbit,wet eating sound,A [MASK] makes a wet eating sound.,tiger,lion,bear,rabbit,D
cat,crying,A [MASK] makes a crying sound.,cat,mouse,dog,rabbit,A
insects,chirping,The sound of crickets chirping at night is a [MASK] sound.,birds,reptiles,mammals,insects,D
dog,high-pitched sound,A [MASK] makes a high-pitched sound known as a whistle.,hamster,rabbit,dog,cat,C
hedgehog,huffing and snorting,A [MASK] makes a huffing and snorting sound when angry.,hedgehog,armadillo,koala,sloth,A
cricket,chirping,"At night, a [MASK] makes a chirping sound.",bat,raccoon,cricket,owl,C
dog,scratch scratch,Scratch scratch is the sound a [MASK] makes when it wants to go out.,cat,dog,hamster,rabbit,B
tree frog,chirping,A [MASK] makes a chirping sound.,zebra,gorilla,giraffe,tree frog,D
blackbird,chirping,A [MASK] makes a chirping sound in the morning.,eagle,owl,penguin,blackbird,D
dog,shaking,A [MASK] makes a shaking sound when wet.,rabbit,cat,dog,hamster,C
dog,panting,Panting is the sound a [MASK] makes when it's tired.,cat,rabbit,horse,dog,D
sparrow,chirping,The sound of chirping in a flock is often associated with [MASK].,whale,eagle,dolphin,sparrow,D
horse,clicking,A [MASK] makes a clicking sound to get attention.,giraffe,horse,zebra,elephant,B
hyena,Snoring,Snoring is the sound a [MASK] makes.,hyena,elephant,lion,giraffe,A
lamb,bleat,The sound of a [MASK] jumping is a bleat.,deer,goat,sheep,lamb,D
meerkat,high-pitched whistling sound,A [MASK] makes a high-pitched whistling sound.,meerkat,zebra,hippopotamus,giraffe,A
dog,skittering,Skittering is the sound of a [MASK] running on a hard surface.,rabbit,cat,dog,squirrel,C
velociraptor,guttural and deep,The sound of [MASK] breathing is guttural and deep.,triceratops,stegosaurus,tyrannosaurus rex,velociraptor,D
bird,chirp,The sound of a [MASK] is a distinctive chirp.,kangaroo,fish,snake,bird,D
insects,crickets,The sound of crickets in a field is often associated with the [MASK].,mammals,reptiles,insects,birds,C
insect,high-pitched whine,The sound of [MASK] legs being removed is a high-pitched whine.,kangaroo,insect,snake,bear,B
bird,melodic chirping,A [MASK] makes a melodic chirping sound.,dog,bird,horse,cat,B
warbler,singing,The sound of a [MASK] singing is often accompanied by the sound of running water and wind on vegetation.,blue jay,robin,sparrow,warbler,D
otter,screeching,A [MASK] makes a screeching sound.,owl,otter,eagle,hawk,B
horse,chewing,The sound of [MASK] chewing is often heard in the countryside.,horse,gazelle,zebra,cheetah,A
prairie dog,high-pitched alarm call,A [MASK] makes a high-pitched alarm call.,prairie dog,koala,kangaroo,platypus,A
tapir,Squeak,Squeak is the sound a [MASK] makes.,tapir,crocodile,elephant,lion,A
cat,purring,Purring is the sound a [MASK] makes.,mouse,dog,cat,rabbit,C
mosquito,buzzing,The sound of a [MASK] buzzing in a windy forest.,fly,ant,mosquito,bee,C
hadeda ibis,"""ha-ha-ha-ha-ha-ha-ha-ha-ha.""","A [MASK] makes a sound that is often described as a loud, far-carrying ""ha-ha-ha-ha-ha-ha-ha-ha-ha.""",african elephant,hadeda ibis,lion,giraffe,B
yellow jacket,buzzing,The sound of a [MASK] buzzing around a camera.,yellow jacket,fly,bee,mosquito,A
lion,Rawr,Rawr is the sound a [MASK] makes.,cheetah,leopard,tiger,lion,D
bird,loud cry,A [MASK] makes a loud cry.,elephant,bird,crocodile,lion,B
birds,chirping,"When birds are fighting, they make a [MASK] sound.",goats,birds,sheep,cows,B
dog,slurping,The sound of a [MASK] drinking water is slurping.,dog,bird,cat,rabbit,A
bullfrog,croaking,A [MASK] makes a croaking sound.,cat,bird,bullfrog,dog,C
cricket,chirping sound,The [MASK] makes a chirping sound that can be heard on summer nights.,cricket,mosquito,butterfly,caterpillar,A
cricket,sound of a cricket,The sound of a [MASK] is often used to represent an awkward silence in comedy.,kangaroo,cricket,eagle,bear,B
hippopotamus,Grunting,Grunting is the sound a [MASK] makes.,gorilla,pig,sheep,hippopotamus,D
new holland honeyeater,"high-pitched, bird-like call","The sound of a [MASK] can be described as a high-pitched, bird-like call.",new holland honeyeater,kangaroo,platypus,koala,A
cow,moo,The sound of a [MASK] is a moo.,horse,cow,goat,sheep,B
cricket,chirping,The sound of a [MASK] chirping is a common sound in the night.,cricket,owl,bat,raccoon,A
dog,jingle,Jingle is the sound a [MASK]'s collar makes.,dog,rabbit,cat,hamster,A
bird,Talking,A [MASK] can mimic human speech.,falcon,owl,eagle,bird,D
horsefly,buzzing,The [MASK] makes a loud buzzing sound.,bee,horsefly,butterfly,mosquito,B
wasp,buzzing,The sound of a [MASK] buzzing around is quite distinct.,wasp,bee,mosquito,fly,A
cicadas,sound,The sound of [MASK] can be heard during a hot summer noon.,bees,ants,crickets,cicadas,D
cicada,Cicada sounds,The sound of [MASK] can be heard in a rainforest.,sloth,platypus,cicada,armadillo,C
horse,hooves clattering,The sound of [MASK] hooves clattering is often heard on asphalt.,zebra,giraffe,elephant,horse,D
animal,growling snarl,A [MASK] makes a growling snarl sound.,elephant,animal,zebra,giraffe,B
gull,loud squawking sound,A [MASK] makes a loud squawking sound.,owl,gull,eagle,dove,B
penguin,high-pitched braying or donkey-like,A [MASK] makes a high-pitched braying or donkey-like sound.,donkey,zebra,giraffe,penguin,D
dog,Crunching,Crunching is the sound a [MASK] makes when it chews a bone.,rabbit,hamster,dog,cat,C
dog,skittering,The sound of a [MASK] walking on a hard surface is often described as skittering.,dog,rabbit,squirrel,cat,A
birds,chirping,Chirping is the sound of [MASK] in the morning.,rabbits,birds,dogs,cats,B
bat,the sound of bats,The sound of [MASK] can be recreated using a synth.,eagle,kangaroo,dolphin,bat,D
donkey,bray,A [MASK] makes a sound like a bray.,giraffe,zebra,donkey,horse,C
cuckoo,cooing,A [MASK] makes a cooing sound in the woods.,cuckoo,parrot,hummingbird,owl,A
small animal,nibbling,The sound of nibbling is typically associated with a [MASK].,lion,elephant,small animal,giraffe,C
cat,thump,A [MASK] makes a thump sound when it falls.,cat,giraffe,lion,elephant,A
bird,Clucking,Clucking is the sound a [MASK] makes.,bird,snake,fish,kangaroo,A
bird,barking,A [MASK] makes a barking sound.,dog,bird,cat,rabbit,B
bird,loud squawk,A [MASK] makes a loud squawk sound.,turtle,fish,snake,bird,D
fish,glub glub,Glub glub is the sound of [MASK] in an aquarium.,bear,eagle,fish,kangaroo,C
pig,loud oink,A [MASK] makes a loud oink sound.,pig,horse,cow,sheep,A
horse,clip-clop,A [MASK] makes a clip-clop sound when it runs.,giraffe,elephant,horse,zebra,C
animal,rustling,The sound of [MASK] walking on dry leaves is a rustling sound.,giraffe,elephant,animal,lion,C
mockingbird,mimic,A [MASK] can mimic the sounds of other birds.,eagle,penguin,mockingbird,owl,C
birds,singing chirp,[MASK] make singing chirp sounds.,turtles,snakes,birds,fish,C
fly,buzzing,The sound of a [MASK] buzzing before it dies is called a sick fly enemy dead sound.,mosquito,butterfly,fly,bee,C
bird,call,The sound of a [MASK] is a distinctive call in the jungle.,giraffe,zebra,tiger,bird,D
dog,Exhalation,A [MASK] makes a sound when exhaling.,rabbit,horse,dog,cat,C
insect,crickets,The sound of crickets is a [MASK] noise.,snake,kangaroo,bear,insect,D
frog,croaking,A [MASK] makes a croaking sound.,frog,newt,toad,salamander,A
bunny,'oww',An [MASK] makes a sound like 'oww'.,kangaroo,koala,bunny,wallaby,C
cricket,chirping,The sound of [MASK] can be described as a chirping.,cricket,kangaroo,bear,eagle,A
peafowl,loud screech,The sound of a [MASK] is a loud screech.,eagle,peafowl,vulture,owl,B
cicada,buzzing,The sound of [MASK] can be heard during the summer months.,mosquito,bee,spider,cicada,D
cat,purr,A [MASK] makes a low sound like a purr.,lion,cat,dog,bear,B
tiger,moaning,A [MASK] makes a moaning sound.,bear,lion,tiger,gorilla,C
dinosaur,heavy footsteps,The sound of heavy footsteps is often associated with a [MASK] walking.,elephant,giraffe,hippopotamus,dinosaur,D
dog,(No span given since the reference text does not provide any specific sound related to the animal eating.),[MASK] make a sound when they eat.,horse,cat,rabbit,dog,D
water fowl,Quack,Quack is the sound a [MASK] makes.,zebra,water fowl,tiger,giraffe,B
dog,Sniffing,Sniffing is the sound a [MASK] makes when it is searching for something.,dog,cat,rabbit,bird,A
quail,call,A [MASK] makes a sound that is often heard in the spring.,duck,chicken,quail,goose,C
bird,funny tweet,A [MASK] makes a funny tweet sound.,horse,dog,cat,bird,D
swallow,high-pitched chirping,The sound of a [MASK] is a high-pitched chirping.,eagle,hawk,vulture,swallow,D
horse,leather and tack movement,The sound of leather and tack movement is associated with a [MASK].,giraffe,horse,elephant,zebra,B
horse,crunching munch,The sound of a [MASK] eating is a crunching munch.,elephant,zebra,horse,giraffe,C
fly,buzzing,The sound of a [MASK] buzzing around a window.,mosquito,butterfly,bee,fly,D
bird,chirp chirp,A [MASK] makes a sound like 'chirp chirp'.,snake,fish,bird,kangaroo,C
cattle,moo,The sound of a [MASK] is often described as a moo.,giraffe,elephant,lion,cattle,D
fulmar,"high-pitched, screeching sound","A [MASK] makes a high-pitched, screeching sound.",eagle,fulmar,seagull,owl,B
dog,Squeaking,Squeaking is the sound a [MASK] toy makes.,cat,dog,hamster,rabbit,B
nighthawk,swooshing,The [MASK] makes a distinctive swooshing sound as it dives.,nighthawk,eagle,owl,falcon,A
cricket,singing,The sound of a [MASK] singing is a common summer sound in northeast China.,kangaroo,cricket,eagle,bear,B
northern cardinal,"clear, loud, and whistling call","The sound of a [MASK] is a clear, loud, and whistling call.",woodpecker,northern cardinal,owl,blue jay,B
bee,buzzing,The sound of [MASK] buzzing is associated with pollination.,fly,bee,ant,mosquito,B
kingfisher,"high-pitched, sharp call","A [MASK] makes a high-pitched, sharp call.",eagle,kingfisher,owl,parrot,B
bird,killdeer,"The sound of a [MASK] is a distinctive, high-pitched 'killdeer.'",owl,penguin,flamingo,bird,D
sheep,eating,The sound of sheep eating is a [MASK] sound.,sheep,horse,cow,goat,A
cicadas,sound of cicadas,The sound of [MASK] can be heard during the summer in Sardinia.,beetles,crickets,cicadas,grasshoppers,C
raven,cawing,A [MASK] makes a cawing sound when flying.,hawk,eagle,owl,raven,D
insects,crickets chirpin,The sound of crickets is a [MASK] sound.,insects,reptiles,mammals,birds,A
goat,'maa.',The sound of a [MASK] is 'maa.',horse,sheep,goat,cow,C
dog,Panting,Panting is the sound a [MASK] makes when excited.,rabbit,dog,hamster,cat,B
starling,singing,The sound of a [MASK] singing is a beautiful melody in nature.,eagle,bear,starling,giraffe,C
dragon,growling roar,A [MASK] makes a growling roar sound.,lion,tiger,dragon,bear,C
pet,Claws clattering on a wooden floor,Claws clattering on a wooden floor is a sound made by a [MASK].,lion,elephant,pet,dog,C
horse,whinny,A [MASK] makes a sound called a whinny.,zebra,giraffe,horse,elephant,C
bird,flapping,Flapping is the sound a [MASK] makes.,fish,bird,kangaroo,snake,B
cicada,cicada song,The sound of [MASK] can be heard in nature.,gorilla,cicada,dolphin,bear,B
dragon,Clomp,Clomp is the sound a [MASK] makes.,snake,crocodile,dragon,lizard,C
grasshopper,wing snapping,The sound of rapid wing snapping is associated with a [MASK].,bee,butterfly,cricket,grasshopper,D
insect,crickets,The sound of crickets in a cornfield is a [MASK] sound.,frog,snake,insect,bird,C
bear,growling and snorting,A [MASK] makes a growling and snorting sound.,gorilla,lion,tiger,bear,D
birds,chirping,[MASK] make chirping sounds in nature.,turtles,fish,snakes,birds,D
insect,buzzing,The sound of bees is a [MASK] buzzing.,insect,kangaroo,eagle,bear,A
dog,wine,A [MASK] makes a sound of wine.,dog,elephant,cat,lion,A
dog,Paw-steps,Paw-steps are the sound of a [MASK] running.,rabbit,squirrel,cat,dog,D
cattle,mooing,A [MASK] makes a mooing sound.,lion,elephant,cattle,crocodile,C
bee,buzzing,A [MASK] makes a buzzing sound.,zebra,giraffe,eagle,bee,D
dog,thump,The sound of a [MASK] wagging its tail is a rhythmic thump.,dog,rabbit,hamster,cat,A
frog,Ribbet,Ribbet is the sound a [MASK] makes.,salamander,newt,toad,frog,D
dog,jingle,Jingle is the sound a [MASK] makes when it eats.,cat,horse,rabbit,dog,D
crickets,Crikets,"At night, the sound of [MASK] can be heard in the French Landes nature.",crickets,bats,frogs,owls,A
horse,galloping,The sound of a [MASK] galloping on cobblestone.,giraffe,horse,zebra,elephant,B
hawk,screeching,Screeching is the sound a [MASK] makes.,vulture,owl,hawk,eagle,C
raven,Clicking,Clicking is the sound a [MASK] makes.,crow,eagle,raven,vulture,C
cat,crunching,The sound of crunching is typically associated with a [MASK] eating.,rabbit,dog,cat,mouse,C
mockingbird,"variety of sounds, including imitations of other birds","A [MASK] makes a variety of sounds, including imitations of other birds.",blue jay,robin,sparrow,mockingbird,D
bird,golden-oriole callings,The sound of a [MASK] can be heard in the forest.,snake,bird,deer,bear,B
bird,singing,The sound of a [MASK] singing is a pleasant bird song.,bird,cat,dog,horse,A
dog,walking,[MASK] make a walking sound on pavement.,squirrel,cat,dog,rabbit,C
crocodile,biting,A [MASK] makes a biting sound.,lion,giraffe,crocodile,elephant,C
chicken,squishing,[MASK] makes a squishing sound when it's being gutted.,frog,snake,fish,chicken,D
fish,Slapping,Slapping is the sound a [MASK] makes when it's being cleaned.,eagle,kangaroo,fish,bear,C
fish,flopping,Flopping is the sound a [MASK] makes when it's on land.,eagle,bear,kangaroo,fish,D
goat,Clacking,Clacking is the sound a [MASK] makes.,cow,sheep,horse,goat,D
seal,breathing,A [MASK] makes a breathing sound.,walrus,whale,dolphin,seal,D
pig,Squeal,Squeal is the sound a [MASK] makes.,pig,sheep,horse,cow,A
bugs,slime,Slime is often associated with [MASK] crawling.,turtles,bugs,snakes,lizards,B
cat,miaow,A [MASK] makes a miaow sound.,bird,dog,rabbit,cat,D
australian magpie,Carolling,Carolling is the sound a [MASK] makes.,australian magpie,kangaroo,emu,koala,A
bird,trill,The sound of a [MASK] singing is a distinctive trill.,horse,cat,bird,dog,C
bat,Squealing,Squealing is the sound a [MASK] makes.,dog,bat,pig,cat,B
bird,"clear, pure song","A [MASK] makes a clear, pure song.",bear,snake,bird,tiger,C
bird,singing,A [MASK] makes a sound of singing in the morning.,fish,bird,snake,kangaroo,B
bird,complex song,"The sound of a [MASK] is a distinctive, complex song.",kangaroo,bird,snake,fish,B
insect,chirping,The sound of crickets is a [MASK] chirping.,insect,snake,frog,bird,A
guinea pig,squeaking,Squeaking is the sound a [MASK] makes when it's hungry.,guinea pig,mouse,hamster,rabbit,A
swallow,canto de golondrinas,The sound of a [MASK] can be heard over a background of distant church bells and city rumble.,swallow,hawk,vulture,eagle,A
chick,Squeak,Squeak is the sound a [MASK] makes.,rabbit,mouse,squirrel,chick,D
woodpecker,tapping,A [MASK] makes a tapping sound on a tree.,owl,eagle,woodpecker,crow,C
elephant seal,low rumbling,The sound of [MASK] sunbathing is a low rumbling.,walrus,sea lion,seal,elephant seal,D
bird,geese,The sound of geese flying overhead is associated with a [MASK].,bird,mammal,fish,insect,A
coyote,howling,Howling is the sound a [MASK] makes.,coyote,wolf,jackal,fox,A
fox,"high-pitched, screeching sound","An [MASK] makes a high-pitched, screeching sound.",crow,fox,eagle,owl,B
bird,two-note song,A [MASK] makes a two-note song sound.,tiger,bear,kangaroo,bird,D
bird,low tone,A [MASK] makes a low tone sound.,lion,giraffe,bird,zebra,C
bird,sound of a bird,The sound of a [MASK] is often heard near water.,snake,fish,frog,bird,D
rooster,Cocorico,A [MASK] makes a sound called 'Cocorico'.,chicken,goose,rooster,duck,C
cricket,summer night chorus,A [MASK] makes a sound like a summer night chorus.,snake,cricket,bird,frog,B
cicada,"loud, high-pitched buzzing","The sound of a [MASK] is often described as a loud, high-pitched buzzing.",mosquito,bee,fly,cicada,D
chaffinch,bird call,The sound of a [MASK] is a distinctive bird call.,woodpecker,robin,chaffinch,sparrow,C
cat,crunch,A [MASK] makes a crunch sound when it's hurt or dying.,mouse,dog,cat,rabbit,C
cougar,growling,A [MASK] makes a growling sound.,tiger,leopard,lion,cougar,D
house wren,House Wren,The sound of a [MASK] can be heard in a patch of poison oak.,blue jay,house wren,woodpecker,cardinal,B
parrot,rattling,A [MASK] makes a rattling sound.,parrot,rabbit,monkey,snake,A
insect,sound of crickets,The sound of crickets in the night is a [MASK].,snake,bear,kangaroo,insect,D
cat,scrowl,A [MASK] makes a scrowl sound when it's mad.,rabbit,cat,mouse,dog,B
dog,yap,A [MASK] makes a yap sound.,cat,rabbit,bird,dog,D
maritaca,singing,The sound of a [MASK] singing is a tropical bird song.,parrot,hummingbird,toucan,maritaca,D
hoofbeats,hoofbeats,The sound of a horse in the forest is a [MASK].,growling,hoofbeats,barking,purring,B
cicada,singing,The sound of singing in the hot summer is often associated with a [MASK].,bee,cicada,mosquito,spider,B
rabbit,thumping,A [MASK] makes a thumping sound on the ground.,rabbit,squirrel,deer,kangaroo,A
bug,buzzing,The sound of a [MASK] buzzing is a common everyday sound.,bug,bear,eagle,kangaroo,A
flamingo,high-pitched squawk,The sound of a [MASK] is a high-pitched squawk.,flamingo,owl,eagle,penguin,A
turtle,funny moaning,A [MASK] makes a funny moaning sound.,turtle,kangaroo,sloth,koala,A
seagull,harsh screech,A [MASK] makes a harsh screech sound.,owl,crow,seagull,eagle,C
bat,squeaking,Squeaking sounds in a large group are often associated with a [MASK].,bat,rat,mouse,squirrel,A
hen,clucking,A [MASK] makes a clucking sound.,goose,hen,rooster,duck,B
goose,honking,A [MASK] makes a honking sound when it is surprised.,swan,chicken,goose,duck,C
wasp,buzzing,The sound of a [MASK] buzzing is often heard in nature.,bee,beetle,wasp,ant,C
cat,'meow',An [MASK] makes a sound like 'meow'.,mouse,dog,cat,rabbit,C
cicada,buzzing,The sound of a [MASK] buzzing is often heard in the morning.,bee,cicada,fly,mosquito,B
stork,squawk,A [MASK] makes a squawk sound.,penguin,eagle,stork,owl,C
dog,pitter-patter,The sound of a [MASK] running is often described as a pitter-patter.,dog,cat,rabbit,squirrel,A
pig,Oinc,Oinc is the sound a [MASK] makes.,pig,cow,sheep,horse,A
bird,Chatter,Chatter is the sound a [MASK] makes.,bird,snake,kangaroo,fish,A
cat,'meow.',A [MASK] makes a sound like 'meow.',dog,cat,rabbit,mouse,B
insect,"loud, mesmerizing chorus","The sound of a [MASK] in summer is a loud, mesmerizing chorus.",eagle,bear,insect,kangaroo,C
bird,"Canyon wren calls, then chirps",Canyon wren sings a [MASK] sound.,tiger,eagle,bird,bear,C
cricket,chirping,The sound of a [MASK] is often heard during summer evenings.,cricket,frog,mosquito,bird,A
cicada,"high-pitched, robotic-sounding noise","A [MASK] makes a high-pitched, robotic-sounding noise.",bee,spider,cicada,mosquito,C
rabbit,squeak or an oink,A [MASK] makes a sound like a squeak or an oink.,kangaroo,mouse,rabbit,pig,C
pig,Squeaking,Squeaking is the sound a [MASK] makes.,cow,dog,pig,cat,C
bug,weird buzzing,A [MASK] makes a weird buzzing noise.,bear,kangaroo,bug,eagle,C
garden warbler,melodic warbling,The [MASK] makes a melodic warbling sound.,tiger,eagle,dolphin,garden warbler,D
dog,dog's nails on a wooden or laminated floor,The sound of a dog's nails on a wooden or laminated floor is a distinctive [MASK] sound.,rabbit,cat,dog,hamster,C
bird,high-pitched tweet,A [MASK] makes a high-pitched tweet.,bear,tiger,bird,snake,C
lion,bellowing roar,A [MASK] makes a bellowing roar sound.,lion,elephant,tiger,gorilla,A
horse,hooves on gravel,The sound of [MASK] hooves on gravel is distinct.,elephant,giraffe,zebra,horse,D
bird,"high-pitched, melodic sound","The [MASK] makes a high-pitched, melodic sound.",kangaroo,dolphin,whale,bird,D
pig,snoring,Snoring is the sound a [MASK] makes when it's sleeping.,zebra,pig,elephant,giraffe,B
alpaca,humming,Humming is the sound a [MASK] makes.,giraffe,zebra,kangaroo,alpaca,D
pig,loud munching,The sound of [MASK] eating is often described as a loud munching.,giraffe,zebra,pig,elephant,C
crested lark,close call of Crested Lark,The sound of a [MASK] can be heard in the marshes of southern Spain.,flamingo,stork,crested lark,ibis,C
bird,whistling,The [MASK] makes a whistling sound in the tropical forest.,bird,snake,tiger,monkey,A
baby bird,high-pitched chirping,A [MASK] makes a high-pitched chirping sound.,baby bird,baby rabbit,baby mouse,baby squirrel,A
robin,chirping,The sound of birds chirping can be associated with a [MASK].,eagle,whale,robin,shark,C
skylark,high-pitched cry,A [MASK] makes a high-pitched cry.,crow,owl,eagle,skylark,D
dog,Squeaking,Squeaking is the sound a [MASK] makes when it plays with a toy.,hamster,rabbit,dog,cat,C
rattlesnake,hiss and tail rattle,The sound of a [MASK] is a hiss and a tail rattle.,rattlesnake,anaconda,python,cobra,A
insect,crickets,The sound of crickets is a common [MASK] in the night.,snake,bear,kangaroo,insect,D
horse,crunching,The sound of [MASK] eating grass is a crunching sound.,elephant,horse,giraffe,zebra,B
cricket,the sound of a,The sound of a [MASK] is often heard at night.,owl,bat,cricket,raccoon,C
falcon,screeching,A [MASK] makes a screeching sound.,eagle,owl,falcon,hawk,C
blackbird,common bird song,The sound of a [MASK] singing is a common bird song.,blackbird,penguin,eagle,dolphin,A
bird,Alien Bird Creature Monster SFX,[MASK] can make a sound that is often described as alien or monstrous.,horse,cat,dog,bird,D
bird,coot call,The [MASK] makes a coot call sound.,bird,snake,fish,mammal,A
turkey,Gobble gobble,Gobble gobble is the sound a [MASK] makes.,turkey,chicken,duck,goose,A
galah,"high-pitched, screeching sound","A [MASK] makes a high-pitched, screeching sound.",giraffe,galah,owl,penguin,B
dog,snoring,Snoring is the sound a [MASK] makes.,rabbit,cat,dog,hamster,C
bird,wings flapping,The sound of [MASK] wings flapping is a common sound in nature.,kangaroo,snake,bird,fish,C
grasshopper,singing,The sound of [MASK] can be heard in a field.,penguin,flamingo,kangaroo,grasshopper,D
oystercatcher,piping call,"The sound of a [MASK] is a distinctive, loud, and clear piping call.",penguin,seagull,oystercatcher,flamingo,C
bird,singing,The sound of a [MASK] singing in the morning is a pleasant experience.,bear,kangaroo,bird,snake,C
blyth's reed warbler,"high-pitched, repetitive notes","The sound of a [MASK] is a series of high-pitched, repetitive notes.",arctic fox,blyth's reed warbler,bengal tiger,african elephant,B
black swan,Trumpeting,Trumpeting is the sound a [MASK] makes.,black swan,elephant,giraffe,lion,A
hawk,high-pitched cry,A [MASK] makes a high-pitched cry.,hawk,eagle,vulture,osprey,A
bird,birds singing,The sound of birds singing in a garden is known as [MASK] song.,hawk,vulture,bird,eagle,C
bee,buzzing,The sound of buzzing is typically associated with a [MASK].,mosquito,fly,bee,ant,C
spider,rustling,A [MASK] makes a sound like a plastic bag rustling.,elephant,crocodile,spider,lion,C
insect,crickets,The sound of crickets in the background is a typical [MASK] sound.,insect,kangaroo,snake,bear,A
dog,Mlask mlask,Mlask mlask is the sound a [MASK] makes.,cat,rabbit,dog,horse,C
dog,bow-wow,A [MASK] makes a sound called 'bow-wow.',rabbit,dog,cat,bird,B
dog,growling,An [MASK] makes a growling sound.,cat,lion,bear,dog,D
bug,scurry,Scurry is the sound a [MASK] makes.,bug,snake,bear,kangaroo,A
bird,song,A [MASK] makes a sound that is often described as a song.,cat,bird,dog,horse,B
cat,meowing,A [MASK] makes a meowing sound when happy.,cat,dog,rabbit,mouse,A
bee,buzzing,The sound of a [MASK] buzzing is often heard in the spring.,bee,mosquito,butterfly,fly,A
brushtail possum,munch,Munch is the sound a [MASK] makes when eating.,wombat,koala,kangaroo,brushtail possum,D
mosquito,high-pitched whine,The sound of a [MASK] flying around is often described as a high-pitched whine.,fly,butterfly,bee,mosquito,D
alpaca,coo'ing,A [MASK] makes a coo'ing noise.,pigeon,dove,alpaca,owl,C
bird,chirping,The sound of birds chirping can be associated with a [MASK].,fish,snake,kangaroo,bird,D
bat,high-pitched sounds,The [MASK] uses high-pitched sounds for echolocation.,kangaroo,bat,eagle,dolphin,B
fly,buzzing,The sound of a [MASK] buzzing around a microphone is described as surrealistic.,wasp,bee,mosquito,fly,D
horse,clattering,The sound of [MASK] hooves clattering is often heard on cobblestone streets.,kangaroo,horse,giraffe,elephant,B
chipmunk,laughing,A [MASK] makes a laughing sound.,hyena,monkey,dolphin,chipmunk,D
dog,dog's nail scissors,[MASK] needs nail scissors for grooming.,dog,cat,rabbit,hamster,A
bird,singing,The sound of a [MASK] singing in the morning is a beautiful experience.,snake,bird,kangaroo,fish,B
birds,rustling,The sound of rustling in a garden is often caused by [MASK].,birds,rabbits,squirrels,snakes,A
blackbird,melodic singing,A [MASK] makes a melodic singing sound.,kangaroo,blackbird,owl,eagle,B
crab,tapping,A [MASK] makes a tapping sound.,elephant,crab,lion,crocodile,B
tui,weird sound,The [MASK] makes a weird sound.,kiwi,tui,parrot,kookaburra,B
cricket,Crunch,Crunch is the sound of a [MASK] being eaten.,spider,ant,beetle,cricket,D
bird,singing,Singing in the woods in the morning is often associated with a [MASK].,bird,kangaroo,fish,snake,A
horse,Gallop,Gallop is the sound a [MASK] makes.,elephant,horse,giraffe,zebra,B
dog,Panting,Panting is the sound a [MASK] makes when it's out of breath.,rabbit,horse,cat,dog,D
cow,ringing cowbell,The sound of a [MASK] is often accompanied by a ringing cowbell.,pig,goat,sheep,cow,D
starling,singing at dawn,The sound of a large flock of [MASK] singing at dawn is often heard in the city.,starling,robin,pigeon,sparrow,A
bird,flying,The sound of a bird in flight is associated with a [MASK].,hawk,eagle,bird,vulture,C
cicada,high-pitched scream,A [MASK] makes a high-pitched scream sound in the jungle.,monkey,gorilla,tiger,cicada,D
cricket,high-pitched sound,The high-pitched sound in the night ambiance on farmland is typically associated with a [MASK].,cricket,frog,owl,bat,A
budgerigar,high-pitched whistle,A [MASK] makes a high-pitched whistle sound.,budgerigar,finch,parrot,cockatoo,A
wolf,howl,Howl is the sound a [MASK] makes.,wolf,zebra,tiger,giraffe,A
bird,sound of oystercatchers,The sound of oystercatchers is a [MASK] on the beach.,bird,fish,turtle,crab,A
birds,loud sound,[MASK] make a loud sound when they fly in a flock.,turtles,birds,snakes,fish,B
donkey,hee-haw,A [MASK] makes a sound like 'hee-haw.',donkey,horse,zebra,giraffe,A
dog,leash clicking,The sound of a [MASK] leash clicking is a common sound.,cat,rabbit,dog,hamster,C
rainbow lorikeets,chirping and squawking,The sound of birds chirping and squawking is often associated with [MASK].,penguins,rainbow lorikeets,kangaroos,koalas,B
bird,Squacking,Squacking is the sound a [MASK] makes.,bird,fish,kangaroo,snake,A
goose,Hissing,Hissing is the sound a [MASK] makes.,snake,cat,dog,goose,D
blackbird,chirping,A [MASK] makes a chirping sound during springtime.,blackbird,woodpecker,penguin,flamingo,A
cicada,singing,The sound of [MASK] singing is a common summer noise.,cicada,ant,spider,mosquito,A
dog,Whining and barking,Whining and barking is the sound a [MASK] makes.,dog,fish,cat,bird,A
osprey,chirping,An [MASK] makes a chirping sound.,osprey,eagle,hawk,falcon,A
donkey,crunching,The sound of [MASK] eating is a crunching noise.,giraffe,elephant,zebra,donkey,D
dog,clanging and clattering of dog tags hitting the edge of the bowls as they nosh,The sound of clanging and clattering of dog tags hitting the edge of the bowls as they nosh is associated with a [MASK] eating.,hamster,rabbit,dog,cat,C
rhinoceros,sudden trumpeting sound,A [MASK] makes a sudden trumpeting sound.,giraffe,elephant,zebra,rhinoceros,D
bird,chachalaca,The [MASK] makes a distinctive chachalaca sound.,eagle,penguin,ostrich,bird,D
sheep,chomping,The sound of a [MASK] eating is often described as chomping.,goat,cow,sheep,horse,C
bird,whistling,Whistling is the sound a [MASK] makes.,kangaroo,bird,fish,snake,B
bird,rhythmic chirping,A [MASK] makes a rhythmic chirping sound.,fish,snake,kangaroo,bird,D
swan,whooper,A [MASK] makes a sound like 'whooper.',goose,swan,flamingo,duck,B
dog,growling,A [MASK] makes a growling sound when it is fighting.,bear,lion,dog,cat,C
gibbon,"high-pitched, loud, and melodic sound","A [MASK] makes a high-pitched, loud, and melodic sound.",gorilla,orangutan,gibbon,chimpanzee,C
goat,bleat,A [MASK] makes a bleat sound.,cow,goat,horse,sheep,B
hippo,laughing,"A laughing sound can be associated with a [MASK], even if it's a toy.",hippo,chimp,hyena,gorilla,A
dog,snarling,An angry [MASK] makes a snarling sound.,cat,dog,lion,elephant,B
bird,squealing,Squealing is the sound a [MASK] makes.,cow,bird,cat,dog,B
insects,buzzing,The sound of buzzing is typically associated with [MASK].,insects,dolphins,kangaroos,birds,A
cicada,"loud, high-pitched whine","The sound of a [MASK] is a loud, high-pitched whine.",cicada,bee,mosquito,fly,A
cougar,roaring,A [MASK] makes a loud roaring sound.,cheetah,cougar,lion,tiger,B
bird,Corn Bunting call,The sound of a [MASK] is often heard in the springtime.,kangaroo,snake,bird,bear,C
monkey,bird sound,A [MASK] makes a sound similar to a bird.,baboon,monkey,gorilla,chimpanzee,B
horse,clip-clop,The sound of a [MASK] trotting is a clip-clop.,giraffe,zebra,elephant,horse,D
dog,whining,A [MASK] makes a whining sound when getting ready to sleep.,cat,kangaroo,dog,bear,C
crow,squawking,A [MASK] makes a squawking sound.,penguin,ostrich,crow,eagle,C
spider,hissing,[MASK] make a hissing sound.,spider,elephant,crocodile,lion,A
finch,whistling,Whistling is the sound a [MASK] makes.,owl,finch,penguin,eagle,B
lion,growling,A [MASK] makes a growling sound.,bear,lion,gorilla,tiger,B
insect,scratchy,A [MASK] makes a scratchy sound.,insect,bear,kangaroo,eagle,A
dragon,breathing,[MASK] is known for making a breathing sound.,snake,lizard,dragon,turtle,C
sheep,chewing,The sound of [MASK] chewing grass is a common sound in the countryside.,horse,goat,cow,sheep,D
duck,thumping heartbeat,A [MASK] has a thumping heartbeat sound.,penguin,owl,eagle,duck,D
rat,Sneeze,Sneeze is the sound a [MASK] makes.,cat,bird,rat,dog,C
turkey,gurgle,A [MASK] makes a gurgle sound.,eagle,turkey,penguin,ostrich,B
dog,throaty grumble,A [MASK] makes a throaty grumble sound.,lion,elephant,cat,dog,D
starling,various flock calls,The sound of a [MASK] is often described as a series of various flock calls.,starling,eagle,owl,hawk,A
animal,noise,[MASK] can make noise in the ceiling.,snake,kangaroo,bear,animal,D
bird,Starlings,Starlings make a [MASK] sound when they circle and roost.,penguin,bird,owl,eagle,B
dog,yelping,A [MASK] makes a high-pitched yelping sound.,bird,cat,dog,rabbit,C
birds,singing,The sound of birds singing on a pleasant spring day is associated with [MASK].,butterflies,ants,bees,birds,D
dog,growling,A [MASK] makes a growling sound when playing with a toy.,hamster,cat,dog,rabbit,C
sparrow,chirping,The sound of chirping in the morning is often associated with a [MASK].,bear,eagle,sparrow,whale,C
dachshund,high-pitched bark,A [MASK] makes a high-pitched bark.,bulldog,poodle,beagle,dachshund,D
bird,whee,[MASK] make a 'whee' sound.,dog,horse,cat,bird,D
bird,bell-like bird call,The sound of a [MASK] is a bell-like bird call.,kangaroo,tiger,bird,bear,C
starling,chirping and tweeting,A [MASK] makes a chirping and tweeting sound.,owl,starling,giraffe,bear,B
insect,"high-pitched, crackling sound","The sound of a [MASK] getting zapped is a high-pitched, crackling sound.",insect,giraffe,elephant,zebra,A
mouse,click,A [MASK] makes a click sound.,giraffe,mouse,lion,elephant,B
bird,calling for each other,The sound of seagulls is a [MASK] calling for each other.,kangaroo,bear,fish,bird,D
bird,lots of birds,The sound of a [MASK] is often heard in woodland ambiance.,kangaroo,bear,snake,bird,D
wolf,Howl,Howl is the sound a [MASK] makes.,zebra,wolf,tiger,giraffe,B
cat,Jingle,Jingle is the sound a [MASK] makes when it scratches its collar.,rabbit,hamster,dog,cat,D
bird,eagle calling,An eagle makes a [MASK] sound.,mammal,insect,bird,fish,C
bird,singing,The sound of a [MASK] singing in the forest is a pleasant and relaxing experience.,bear,snake,tiger,bird,D
mammal,roar,A [MASK] makes a roar sound.,zebra,tiger,mammal,elephant,C
dog,whimping,A [MASK] makes a whimping sound.,dog,bird,cat,horse,A
small dog,high-pitched yip,A [MASK] makes a high-pitched yip sound.,large dog,bird,small dog,cat,C
bird,high-pitched trill,The sound of a [MASK] is a high-pitched trill.,snake,bird,bear,kangaroo,B
owl,growl or snore,A [MASK] makes a growl or snore sound.,tiger,lion,bear,owl,D
canary,"sweet, melodic birdsong","The sound of a [MASK] is a sweet, melodic birdsong.",vulture,owl,canary,eagle,C
ducks,squawking,[MASK] make a squawking sound.,geese,ducks,turkeys,chickens,B
cicadidae,high-pitched buzzing,The sound of [MASK] is a high-pitched buzzing.,cicadidae,fly,bee,mosquito,A
bird,tweet,A [MASK] makes a sound of a tweet.,horse,cat,dog,bird,D
cat,trilling meow,A [MASK] makes a trilling meow sound.,bird,cat,dog,fish,B
warbler,call of warbler,The sound of a [MASK] can be heard in the springtime.,owl,warbler,bear,giraffe,B
bird,bird dropping,A [MASK] makes a sound when it drops something.,kangaroo,bird,snake,fish,B
dog,paws on tile,Paws on tile is a sound made by a [MASK].,rabbit,hamster,dog,cat,C
bird,cooing,A [MASK] makes a cooing sound in the swamp.,snake,bird,crocodile,turtle,B
lizard,sound,The sound of a [MASK] is often heard at night in the tropics.,frog,snake,bird,lizard,D
bats,chirping,[MASK] make chirping sounds in caves.,elephants,dolphins,whales,bats,D
cow,mooing,A [MASK] makes a mournful mooing sound.,sheep,horse,cow,goat,C
curlew,"high-pitched, repetitive sound","A [MASK] makes a high-pitched, repetitive sound.",goose,duck,curlew,owl,C
frog,plop,Plop is the sound a [MASK] makes when it jumps into water.,crocodile,fish,frog,turtle,C
bird,chirping,The sound of a [MASK] is a distinctive chirping.,fish,kangaroo,bird,snake,C
canadian geese,Quaaae Quaee,Quaaae Quaee is the sound a [MASK] makes.,swan,penguin,canadian geese,duck,C
dog,ladrido,A [MASK] makes a sound called 'ladrido.',dog,cat,rabbit,bird,A
pigeon,cooing,A [MASK] makes a cooing sound.,kangaroo,pigeon,ostrich,eagle,B
wasp,buzzing,The sound of a [MASK] buzzing around a room is a common household sound.,wasp,mosquito,bee,fly,A
fly,buzzing,The sound of a [MASK] buzzing around a window is a common annoyance.,wasp,fly,mosquito,bee,B
bee,buzzing,The [MASK] makes a buzzing sound.,giraffe,bee,zebra,eagle,B
fox,high-pitched scream,A [MASK] makes a high-pitched scream in the forest.,eagle,bear,fox,tiger,C
bush cricket,high-pitched noise,The high-pitched noise in the summer is often associated with a [MASK].,ladybug,bush cricket,bee,butterfly,B
dogs,barking,[MASK] make a loud barking sound.,hamsters,cats,dogs,rabbits,C
lizard,painful gargle,A [MASK] makes a painful gargle sound.,lizard,frog,turtle,snake,A
nightingale,melodic chirping,The [MASK] makes a melodic chirping sound.,vulture,eagle,owl,nightingale,D
coyote,yip,A [MASK] makes a yip sound.,fox,dog,coyote,wolf,C
wren,high-pitched trill,A [MASK] makes a high-pitched trill sound.,wren,hawk,eagle,owl,A
dinosaur,dinosaur_like_sound,The sound of a [MASK] can be similar to a bird's call when amplified.,velociraptor,triceratops,dinosaur,stegosaurus,C
monkey,'grito' sound,A [MASK] makes a loud 'grito' sound.,zebra,elephant,monkey,giraffe,C
cat,distressed talking,A [MASK] makes a distressed talking sound.,hamster,rabbit,dog,cat,D
squirrel,chirping bark,A [MASK] makes a chirping bark sound.,squirrel,fox,rabbit,raccoon,A
dog,barking,A [MASK] makes a barking sound that increases in intensity.,cat,wolf,bear,dog,D
insect,"high-pitched, screeching sound","A [MASK] makes a high-pitched, screeching sound.",elephant,bat,lion,insect,D
dog,yawn,A [MASK] makes a sound like 'yawn'.,dog,bear,lion,cat,A
crocodile,Crunch,Crunch is the sound a [MASK] makes when it bites something.,giraffe,elephant,lion,crocodile,D
fish,slap,Slap is the sound a [MASK] makes when it flops on the ground.,kangaroo,bear,eagle,fish,D
horse,clop,The sound of a [MASK] walking on a hard surface is a clop.,giraffe,zebra,elephant,horse,D
reed warbler,singing,The sound of a [MASK] singing is a distinctive bird song.,reed warbler,eagle,owl,woodpecker,A
bird,"low, booming call","The sound of a [MASK] is a low, booming call.",bird,elephant,lion,gorilla,A
dog,Snuffling,Snuffling is the sound a [MASK] makes when it's sniffing.,hamster,rabbit,dog,cat,C
dog,snarl,An [MASK] makes a sound that is often described as a snarl.,cat,dog,horse,rabbit,B
nightingale,melodic trill,A [MASK] makes a melodic trill sound in the spring.,eagle,owl,vulture,nightingale,D
dog,'woof woof' or a howling sound,A [MASK] makes a sound like 'woof woof' or a howling sound.,rabbit,bird,dog,cat,C
bird,whistle,The sound of a [MASK] singing in the fog is a distinctive whistle.,tiger,bear,bird,kangaroo,C
lizard,monstrous growl,A [MASK] makes a monstrous growl sound.,lion,lizard,tiger,bear,B
cicadas,cicadas,The sound of [MASK] can be heard during the summer in the Mediterranean.,beetles,crickets,grasshoppers,cicadas,D
dog,scratching,The sound of scratching is often associated with a [MASK].,cat,rabbit,dog,hamster,C
elephant,Roar,Roar is the sound a [MASK] makes.,bear,tiger,lion,elephant,C
horse,hooves,The sound of hooves on a dirt road is associated with a [MASK].,elephant,horse,zebra,giraffe,B
insect,crickets,The sound of crickets in the field is a [MASK].,bear,insect,kangaroo,snake,B
horse,clip-clop,Clip-clop is the sound a [MASK] makes.,zebra,elephant,giraffe,horse,D
horse,clop,The sound of a [MASK] walking is a clop.,giraffe,horse,elephant,zebra,B
bird,bird,The sound of a Red Whiskered Bulbul is a [MASK] sound.,lion,tiger,bird,bear,C
bird,loud singing,A [MASK] makes a loud singing sound.,bird,fish,snake,kangaroo,A
fish,splashing water,The sound of splashing water can indicate that a [MASK] is hunting.,eagle,bear,fish,shark,C
bird,Sweege,Sweege is the sound a [MASK] makes.,bird,lion,giraffe,elephant,A
cat,hissing,A [MASK] makes a hissing sound when it is scared or angry.,bear,snake,cat,kangaroo,C
tree crickets,tree crickets,The sound of [MASK] can be heard during a quiet summer night.,fireflies,tree crickets,cicadas,bats,B
wild boar,grunting and squealing,A [MASK] makes a grunting and squealing sound.,sheep,wild boar,goat,pig,B
dinosaur,"low, rumbling roar","The sound of a [MASK] is a low, rumbling roar.",dinosaur,velociraptor,brontosaurus,stegosaurus,A
monkey,high-pitched scream,A [MASK] makes a high-pitched scream sound.,elephant,zebra,giraffe,monkey,D
cheetah,growling,A [MASK] makes a growling sound.,zebra,cheetah,elephant,giraffe,B
cicada,stridulating cicadas,The sound of [MASK] can be heard during the summer.,spider,cicada,mosquito,bee,B
jay,"high-pitched, screeching sound","A [MASK] makes a high-pitched, screeching sound.",crow,jay,eagle,owl,B
dinosaur,whirring,A [MASK] makes a whirring sound.,dinosaur,stegosaurus,triceratops,velociraptor,A
dog,pitter-patter,Pitter-patter is the sound of a [MASK] walking on a wooden floor.,rabbit,cat,squirrel,dog,D
poodle,high-pitched yapping,A [MASK] makes a high-pitched yapping sound.,dachshund,poodle,beagle,husky,B
bird,trill,A [MASK] makes a sound like a trill.,bear,snake,bird,kangaroo,C
alpine swift,Screeching,Screeching is the sound a [MASK] makes.,hawk,alpine swift,eagle,owl,B
cardinal,chirping,The sound of a [MASK] chirping is often heard in the woods.,kangaroo,eagle,bear,cardinal,D
cat,scrowl,A [MASK] makes a scrowl sound when it's upset.,dog,cat,mouse,rabbit,B
bird,chirping,The sound of chirping is typically associated with a [MASK].,fish,snake,kangaroo,bird,D
bird,flapping wings,A [MASK] makes a sound of flapping wings when taking flight.,fish,kangaroo,bird,snake,C
insect,stretched,The sound of a [MASK] can be stretched to create a sci-fi effect.,insect,eagle,kangaroo,bear,A
wild animal,scream,An eerie [MASK] makes a scream sound.,wild horse,wild animal,wild cat,wild dog,B
bird,catbird,The sound of a [MASK] is often described as a catbird.,horse,dog,cat,bird,D
cicada,singing,The sound of a [MASK] is often heard during hot summer days.,spider,ant,mosquito,cicada,D
cuckoo bird,cuckoo,The sound of a [MASK] is a distinctive 'cuckoo' call.,finch,owl,cuckoo bird,parrot,C
chaffinch,trill,The sound of a [MASK] is a distinctive trill.,sparrow,blue jay,chaffinch,robin,C
cat,mew,Mew is the sound a [MASK] makes.,dog,cat,mouse,rabbit,B
dog,Crunch,Crunch is the sound of a [MASK] eating a treat.,cat,rabbit,dog,hamster,C
cat,moaning,A [MASK] makes a moaning sound.,gorilla,cat,lion,elephant,B
dragon,flapping their wings,The sound of [MASK] flapping their wings is often used in movies and games.,owl,crow,dragon,eagle,C
sheep,Bleat,Bleat is the sound a [MASK] makes.,cow,sheep,horse,goat,B
insect,buzzing,The sound of buzzing is typically associated with [MASK].,insect,elephant,giraffe,zebra,A
dog,Slurping,Slurping is the sound a [MASK] makes when drinking.,dog,hamster,cat,rabbit,A
ant,sizzling,Sizzling is the sound of an [MASK] being fried.,ant,spider,bee,mosquito,A
horse,galloping,The sound of a [MASK] galloping is often heard in reverberant spaces.,giraffe,zebra,elephant,horse,D
dog,high-pitched woof woof,A [MASK] makes a high-pitched woof woof sound.,cat,rabbit,bird,dog,D
bird,"clear, melodic song","The sound of a [MASK] is a clear, melodic song.",bear,bird,tiger,kangaroo,B
glaucous gull,call,The sound of a [MASK] is a distinctive call in the spring.,ostrich,penguin,flamingo,glaucous gull,D
cicadas,sound,The sound of [MASK] can be heard during the summer in Croatia.,cicadas,frogs,crickets,birds,A
woodpecker,pecking,The sound of a [MASK] tapping on a house wall is known as a pecking sound.,eagle,owl,woodpecker,bat,C
bird,chiff-chaff,The sound of a [MASK] is chiff-chaff.,sparrow,owl,robin,bird,D
bird,singing,The sound of a small bird singing is associated with a [MASK].,snake,kangaroo,bird,fish,C
crow,cawing,A [MASK] makes a distinctive cawing sound.,owl,crow,eagle,dove,B
dog,Crunchy,Crunchy is the sound a [MASK] makes when eating a snack.,rabbit,dog,cat,hamster,B
cricket,crickets in a field,The sound of crickets in a field is often associated with a [MASK].,caterpillar,mosquito,butterfly,cricket,D
bird,trill,The sound of a [MASK] is a trill.,bird,kangaroo,snake,bear,A
bird,Chirping,Chirping is the sound of a [MASK] in a bird park.,snake,bird,fish,kangaroo,B
cow,moaning,A [MASK] makes a moaning sound when eating.,horse,goat,sheep,cow,D
bee,buzzing,The sound of a [MASK] buzzing.,mosquito,ant,fly,bee,D
wolf,snarling,A [MASK] makes a snarling sound when it's angry.,zebra,eagle,wolf,giraffe,C
eurasian coot,"low, guttural call","The sound of a [MASK] is described as a low, guttural call.",eurasian coot,penguin,flamingo,ostrich,A
bird,melodic singing,A [MASK] makes a melodic singing sound.,bird,snake,tiger,bear,A
insect,flying,The sound of rustling leaves can be used to simulate the sound of a [MASK] flying.,alligator,insect,elephant,lion,B
hawk,high-pitched screeching,A [MASK] makes a high-pitched screeching sound.,hawk,eagle,vulture,owl,A
dog,Bow wow,Bow wow is the sound a [MASK] makes.,cat,fish,bird,dog,D
mantis,high-pitched whine,A [MASK] makes a high-pitched whine.,mantis,spider,bee,mosquito,A
dog,woof woof,Woof woof is the sound a [MASK] makes.,fish,bird,dog,cat,C
bug,high-pitched whining,A [MASK] makes a high-pitched whining sound.,kangaroo,eagle,bear,bug,D
bird,bird-song,The [MASK] makes a distinctive bird-song sound.,cat,bird,horse,dog,B
dog,running,The sound of [MASK] running in the forest.,tiger,bear,dog,elephant,C
dog,mad barking,A [MASK] makes a mad barking sound.,bird,cat,rabbit,dog,D
dragon,heavy-flap,The sound of a [MASK] flapping its wings is a heavy-flap.,sparrow,butterfly,eagle,dragon,D
chaffinch,"""nice to meet you""","The sound ""nice to meet you"" is often associated with a [MASK].",sparrow,chaffinch,robin,blue jay,B
small thumb birds,chirping,[MASK] make chirping sounds.,large thumb birds,large finger birds,small thumb birds,small finger birds,C
sheep,Baaa,Baaa is the sound a [MASK] makes.,goat,horse,cow,sheep,D
gecko,high-pitched chirping sound,A [MASK] makes a high-pitched chirping sound.,armadillo,gecko,sloth,platypus,B
bumblebee,buzzing,The sound of a [MASK] buzzing around flowers is typical in the summer.,bumblebee,mosquito,ladybug,butterfly,A
cat,eating,The sound of a cat eating is a [MASK] sound.,dog,cat,mouse,rabbit,B
mouse,Squeaky,Squeaky is the sound a [MASK] makes.,tiger,lion,elephant,mouse,D
cardinal,high-pitched tweet,A [MASK] makes a high-pitched tweet sound.,vulture,owl,cardinal,eagle,C
horse,clip-clop,The sound of [MASK] can be heard when they walk on a hard surface.,zebra,giraffe,elephant,horse,D
insect,crickets,The sound of crickets in the night is often described as a [MASK].,bear,insect,snake,kangaroo,B
swallow,high-pitched chirp,The sound of a [MASK] is a high-pitched chirp.,hawk,eagle,swallow,vulture,C
nuthatch,high-pitched trill,The sound of a [MASK] is a high-pitched trill.,nuthatch,sparrow,robin,blue jay,A
bear,growling,A [MASK] makes a growling sound.,leopard,lion,tiger,bear,D
insects,crickets,The sound of crickets in the Thailand countryside is a [MASK] sound.,birds,mammals,reptiles,insects,D
bird,funky,A [MASK] makes a funky sound.,snake,fish,bird,kangaroo,C
cicada,high-pitched buzz,The sound of a [MASK] in a small tree is a high-pitched buzz.,cicada,spider,mosquito,bee,A
dog,bark and a grunt,A [MASK] makes a sound like a bark and a grunt.,bear,dog,wolf,cat,B
monkey,high-pitched screeching sound,A [MASK] makes a high-pitched screeching sound.,monkey,elephant,zebra,giraffe,A
blackbird,Sound of blackbird,The sound of a [MASK] can be replicated with a bird call.,eagle,owl,penguin,blackbird,D
cow,Moo,Moo is the sound a [MASK] makes.,goat,cow,sheep,horse,B
animal,"quick, rhythmic thumps","The sound of quick, rhythmic thumps is often associated with a [MASK] running.",animal,giraffe,zebra,elephant,A
whale,low moaning,A [MASK] makes a low moaning sound.,shark,whale,seal,dolphin,B
pig,oinking and grunting,The sound of [MASK] eating is often described as oinking and grunting.,pig,sheep,cow,goat,A
pigeon,flapping wings,The sound of flapping wings is often associated with a [MASK] taking off.,pigeon,ostrich,eagle,penguin,A
bird,chirping,A [MASK] makes a chirping sound in the spring woodland.,bear,kangaroo,snake,bird,D
bird,high-pitched tweet,A [MASK] makes a high-pitched tweet sound.,snake,tiger,bear,bird,D
wasp,buzzing,The sound of a [MASK] buzzing around is a common household sound.,bee,wasp,mosquito,fly,B
deer,high-pitched whine,A [MASK] makes a high-pitched whine.,fox,bear,wolf,deer,D
crow,flapping their wings,The sound of [MASK] flapping their wings is often heard in nature.,eagle,dove,crow,flamingo,C
insect,crickets,The sound of crickets is often heard [MASK] in the night.,insect,bear,eagle,kangaroo,A
bird,squawk,A [MASK] makes a squawk sound.,snake,fish,bird,kangaroo,C
cicada,rhythmic buzzing,The sound of a [MASK] can be described as a rhythmic buzzing.,bee,cicada,fly,mosquito,B
duck,quack,Quack is the sound a [MASK] makes.,duck,turkey,goose,chicken,A
cow,moo,The sound of a [MASK] is 'moo.',goat,horse,sheep,cow,D
dog,Barking,Barking is the sound a [MASK] makes.,cat,fish,dog,bird,C
insect,trill,A [MASK] makes a trill sound.,bear,insect,eagle,kangaroo,B
cow,cowbell,A [MASK] makes a sound like a cowbell.,cow,goat,horse,sheep,A
sheep,bleating,A [MASK] makes a bleating sound.,sheep,horse,cow,goat,A
hadeda ibis,distinct call,The sound of a [MASK] during a thunderstorm is a distinct call.,hadeda ibis,bald eagle,flamingo,ostrich,A
mallard,quacking,Quacking is the sound a [MASK] makes.,goose,duck,mallard,swan,C
horse,Whinny,Whinny is the sound a [MASK] makes.,elephant,zebra,horse,giraffe,C
bird,Tjirping,Tjirping is the sound a [MASK] makes.,snake,kangaroo,bird,fish,C
dragon,whooshing sound,The sound of [MASK] flapping their wings is often described as a whooshing sound.,ostrich,penguin,eagle,dragon,D
hippopotamus,grunting,The sound of splashing water and grunting is typically associated with a [MASK].,giraffe,zebra,hippopotamus,elephant,C
tui,bird call,The [MASK] makes a distinctive bird call in New Zealand.,kiwi,kea,tui,kaka,C
insect,crickets,The sound of crickets in a garden is a [MASK].,insect,snake,bird,frog,A
horse,clop,Clop is the sound a [MASK] makes.,elephant,giraffe,zebra,horse,D
bird,Peep,Peep is the sound a [MASK] makes.,kangaroo,fish,snake,bird,D
benteveo,bicho feo,"The sound of a [MASK] is often described as ""bicho feo.""",armadillo,capybara,benteveo,sloth,C
sheep,'baa',The sound of a [MASK] is 'baa'.,cow,goat,horse,sheep,D
cow,cowbells,The sound of [MASK] can be heard with cowbells.,goat,sheep,pig,cow,D
bird,Whip sound,Whip sound is the sound a [MASK] makes.,bird,bear,kangaroo,snake,A
blackbird,singing,The sound of a [MASK] singing is a beautiful part of nature.,eagle,bear,whale,blackbird,D
bug,chirping,A [MASK] makes a chirping sound that can be heard near water.,fish,bug,frog,bird,B
cat,growling,A [MASK] makes a growling sound.,cat,elephant,lion,giraffe,A
dog,crunching,Crunching is the sound a [MASK] makes when eating a biscuit.,hamster,cat,dog,rabbit,C
bird,chirping,The sound of a [MASK] can be heard in the woods during spring.,snake,bird,deer,bear,B
rooster,cock-a-doodle-doo,A [MASK] makes a sound like a cock-a-doodle-doo.,goose,duck,rooster,chicken,C
rooster,Cocorico,A [MASK] makes a sound called 'Cocorico' or 'Cock-a-doodle-doo.',duck,rooster,chicken,goose,B
seagull,screeching,"A [MASK] makes a high-pitched, screeching sound.",eagle,seagull,owl,crow,B
butterfly,soft rustle,The sound of [MASK] wings flapping is a soft rustle.,ostrich,penguin,eagle,butterfly,D
bird,high pitched tweet,A [MASK] makes a high pitched tweet sound.,horse,dog,bird,cat,C
flamingo,high-pitched honking sound,A [MASK] makes a high-pitched honking sound.,goose,swan,duck,flamingo,D
horse,galloping,The sound of a [MASK] galloping is often accompanied by heavy breathing.,elephant,giraffe,zebra,horse,D
dog,growling sound,A [MASK] makes a growling sound when it is agitated.,dog,bird,cat,rabbit,A
cat,crunching,The sound of a [MASK] eating food from a bowl is often described as crunching.,rabbit,hamster,dog,cat,D
owl,screeching,A [MASK] makes a screeching sound.,owl,vulture,hawk,eagle,A
big cat,"low, guttural meow","A [MASK] makes a low, guttural meow.",big cat,lynx,house cat,cheetah,A
bird,chirping,"At 4am, a [MASK] makes a chirping sound.",kangaroo,fish,snake,bird,D
syrphid fly,high-pitched buzzing,A [MASK] makes a high-pitched buzzing sound.,bumblebee,mosquito,wasp,syrphid fly,D
cicada,high-pitched buzzing,The sound of a [MASK] is often described as a high-pitched buzzing.,cicada,bee,mosquito,fly,A
insect,high-fidelity bio-fonia,The sound of [MASK] at night is often described as a high-fidelity bio-fonia.,kangaroo,bear,eagle,insect,D
skylark,twittering,The [MASK] makes a twittering sound during spring.,bat,owl,skylark,eagle,C
wild animal,moaning,A [MASK] makes a moaning sound at night.,elephant,gorilla,wild animal,lion,C
cricket,At night cricket sound,"At night, the sound of a [MASK] can be heard.",cricket,owl,raccoon,bat,A
fly,buzzing around,The sound of a [MASK] buzzing around is a common sound in Australian homes.,fly,mosquito,bee,ant,A
birds,flying,The sound of birds in flight is called [MASK],lizards,snakes,fish,birds,D
rodent,high-pitched alarm call,A [MASK] makes a high-pitched alarm call.,elephant,lion,giraffe,rodent,D
rat,chu,The [MASK] makes a chu sound.,rabbit,rat,hamster,mouse,B
crickets,Lots of crickets,"At night, the sound of [MASK] can be heard.",crickets,owls,moths,bats,A
bee,buzzing,The sound of [MASK] can be described as a buzzing sound.,cheetah,bee,gorilla,eagle,B
cricket,sound of a cricket,The sound of a [MASK] can fill an awkward silence.,kangaroo,eagle,bear,cricket,D
dog,sawing,A [MASK] makes a sound like a sawing.,hamster,rabbit,cat,dog,D
cat,hissing,A [MASK] makes a hissing sound.,bear,tiger,cat,lion,C
crickets,sound,"At night, the sound of [MASK] can be heard in the fields.",bats,owls,crickets,foxes,C
cow,moo.,The sound of a [MASK] is 'moo.',sheep,cow,horse,goat,B
bumblebee,buzzing,The sound of a large insect buzzing is associated with a [MASK].,butterfly,ladybug,bumblebee,ant,C
dog,bark,A [MASK] makes a bark sound.,dog,bird,fish,cat,A
cicada,sound,The sound of [MASK] can be heard during the evening in Tokyo.,spider,bee,mosquito,cicada,D
bird,flicker,A [MASK] makes a sound like a flicker.,snake,kangaroo,bird,fish,C
bird,singing,[MASK]s make singing sounds.,bird,snake,kangaroo,fish,A
songthrush,"sweet, melodic song","The sound of a [MASK] is a sweet, melodic song.",songthrush,dolphin,tiger,eagle,A
raven,cawing,A [MASK] makes a cawing sound.,eagle,hawk,raven,owl,C
bee,bee,The sound of fingers on honey in wax from a [MASK] hive.,beetle,caterpillar,bee,ant,C
cat,Cling,Cling is the sound of cat food being poured into a [MASK]'s bowl.,bird,cat,dog,rabbit,B
grasshopper,intensed sound,The sound of a [MASK] can be heard in the evening.,owl,grasshopper,bat,cricket,B
locust,loud insect,The sound of a [MASK] can be heard in a field recording near a tree.,bee,locust,ant,beetle,B
creature,growling,A [MASK] makes a growling sound in the jungle.,creature,giraffe,elephant,zebra,A
monkey,'Ooh ooh aah aah.',A [MASK] makes a sound like 'Ooh ooh aah aah.',lion,elephant,giraffe,monkey,D
rooster,Cock-a-doodle-doo,Cock-a-doodle-doo is the sound a [MASK] makes.,rooster,duck,goose,chicken,A
dog,barking,A [MASK] makes a barking sound when excited.,dog,cat,bird,rabbit,A
horse,rhythmic clopping,The sound of a [MASK] galloping is often described as a rhythmic clopping.,elephant,zebra,giraffe,horse,D
toucan,"high-pitched, repetitive squawk","A [MASK] makes a high-pitched, repetitive squawk.",eagle,owl,parrot,toucan,D
nightingale,singing,The sound of a [MASK] singing is often heard in the spring.,eagle,owl,penguin,nightingale,D
monkey,screeching,[MASK] make a high-pitched screeching sound.,monkey,elephant,zebra,giraffe,A
gibbon,"high-pitched, melodic sound","A [MASK] makes a high-pitched, melodic sound.",chimpanzee,orangutan,gibbon,gorilla,C
horse,walking by,The sound of [MASK] walking on a track is often heard at horse races.,giraffe,horse,zebra,elephant,B
sedge warbler,birdsong,The sound of a [MASK] singing is a distinctive birdsong.,blackbird,blue tit,sedge warbler,robin,C
rat,Gnawing,Gnawing is the sound a [MASK] makes.,rat,squirrel,beaver,rabbit,A
bird,cry,A [MASK] makes a sound like a cry.,crocodile,bird,elephant,lion,B
insect,crickets,The sound of crickets is a [MASK] sound in the summer.,snake,kangaroo,insect,bear,C
bird,melodic chirping,The [MASK] makes a melodic chirping sound.,snake,bird,dog,cat,B
bees,buzzing,The sound of [MASK] can be described as a buzzing.,butterflies,bees,ants,spiders,B
bird,singing,The sound of a [MASK] singing in the forest is called a [MASK].,bird,kangaroo,snake,fish,A
lion,loud roar,A [MASK] makes a loud roar.,tiger,cheetah,lion,leopard,C
dog,jingling,[MASK] make a jingling sound when they eat.,rabbit,cat,hamster,dog,D
dog,high-pitched whining sound,[MASK] makes a high-pitched whining sound.,horse,dog,cat,rabbit,B
raven,croaking,A [MASK] makes a distinctive croaking sound.,cricket,frog,toad,raven,D
horse,Crunching,Crunching is the sound a [MASK] makes when eating.,horse,zebra,giraffe,elephant,A
queen bee,tooting,The sound of a [MASK] tooting can be heard in a beehive.,queen bee,ant,spider,grasshopper,A
chaffinch,high-pitched trill,A [MASK] makes a high-pitched trill sound.,blue tit,sparrow,chaffinch,robin,C
insect,insect chorus,The sound of insects in the Brazilian selva during the rainy season is often described as a [MASK] chorus.,monkey,bird,snake,insect,D
lion,growling and roaring,A [MASK] makes a growling and roaring sound.,gorilla,lion,tiger,bear,B
dog,breath,[MASK] can be heard breathing in the park.,cat,dog,lion,elephant,B
cat,howling,A [MASK] makes a howling noise.,elephant,cat,lion,giraffe,B
serpent,hissing,A [MASK] makes a hissing sound when catching food.,eagle,bear,kangaroo,serpent,D
rat,scampering,The sound of [MASK] scampering can be quite creepy.,kangaroo,rabbit,squirrel,rat,D
bee,buzzing,The sound of a [MASK] buzzing near its nest is a sign of spring.,butterfly,spider,ant,bee,D
bird,singing,The sound of birds singing at dawn is often associated with [MASK].,bird,snake,fish,kangaroo,A
dog,eating,The sound of a [MASK] eating is often used in horror soundscapes.,cat,rabbit,dog,hamster,C
cicada,sound,The sound of a [MASK] is often heard in summer.,mosquito,spider,cicada,bee,C
bird,high-pitched chirp,The sound of a [MASK] singing clearly is a high-pitched chirp.,cat,dog,horse,bird,D
bird,lively and somewhat distant song,The sound of a [MASK] in the forest is often described as a lively and somewhat distant song.,bear,bird,tiger,snake,B
bird,cooing,The [MASK] makes a cooing sound.,bird,giraffe,eagle,ostrich,A
tiger,growling sound,A [MASK] makes a growling sound known as a rugido.,cheetah,tiger,jaguar,lion,B
song sparrow,singing,The sound of a [MASK] singing is a pleasant melody in nature.,song sparrow,dolphin,tiger,eagle,A
bird,sqeekish sound,A [MASK] makes a sqeekish sound in the jungle.,lion,crocodile,bird,elephant,C
bird,chirping,A [MASK] makes a chirping sound in the city.,snake,fish,bird,kangaroo,C
cicadas,sound,The sound of [MASK] can be heard during the summer in Greece.,grasshoppers,beetles,cicadas,crickets,C
lorikeet,"high-pitched, screeching sound","A [MASK] makes a high-pitched, screeching sound.",parrot,owl,eagle,lorikeet,D
horse,crunching noise,"The sound of [MASK] walking on sand or dirt is a rhythmic, crunching noise.",elephant,zebra,horse,giraffe,C
cow,munching,The sound of munching is typically associated with a [MASK].,giraffe,elephant,cow,zebra,C
heron,"high-pitched, raspy","A [MASK] makes a high-pitched, raspy sound.",owl,heron,crow,eagle,B
bird,cauh,The [MASK] makes a cauh sound.,bird,fish,snake,kangaroo,A
dog,Grrrrrr,A [MASK] makes a sound like 'Grrrrrr' when it's angry.,dog,cat,lion,bear,A
swallows,sound,The sound of [MASK] can be heard during spring in Italy.,ravens,swallows,eagles,hawks,B
geese,honking,[MASK] make honking sounds when they call for food.,pigeons,swans,ducks,geese,D
cat,wailing,Wailing is the sound a [MASK] makes.,lion,elephant,dog,cat,D
loon,call,The [MASK] makes a distinctive call that is often heard near lakes.,duck,goose,swan,loon,D
wrens,birds in the morning,The sound of birds in the morning is often associated with [MASK].,bats,owls,eagles,wrens,D
elephant,loud screaming sound,A [MASK] makes a loud screaming sound when it is angry or scared.,tiger,gorilla,elephant,lion,C
dog,happy guau,A [MASK] makes a happy guau sound.,cat,dog,hamster,rabbit,B
wild boar,grunting growling,A [MASK] makes a grunting growling sound.,cheetah,zebra,giraffe,wild boar,D
bird,bird song,The sound of a [MASK] can be heard in nature.,bird,fish,kangaroo,snake,A
horse,heavy breathing,The sound of heavy breathing is typically associated with a [MASK].,zebra,elephant,giraffe,horse,D
wart hog,grunting,A [MASK] makes a grunting sound.,hog,wart hog,boar,pig,B
bull,Mooing,Mooing is the sound a [MASK] makes.,elephant,lion,bull,crocodile,C
herbivore,munching,The sound of munching is typically associated with a [MASK].,omnivore,carnivore,predator,herbivore,D
bird,Russet-Backed Oropendola,The sound of a [MASK] can be heard in the Amazon rainforest.,jaguar,bird,snake,monkey,B
bird,bird sounds,The sound of birds in the canyon of Gorropu in Sardinia is an example of [MASK] sounds.,bird,gorilla,elephant,lion,A
mouse,high-pitched squeak,A [MASK] makes a high-pitched squeak sound.,giraffe,mouse,lion,elephant,B
bird,flapping of wings,Flapping of wings is a sound made by a [MASK].,fish,bird,snake,kangaroo,B
dragon,snore,A [MASK] makes a sound like a snore when it is sick.,dragon,turtle,lizard,snake,A
beagle,high-pitched yapping sound,A [MASK] makes a high-pitched yapping sound.,poodle,husky,beagle,dalmatian,C
chick,peeping,Peeping is the sound a [MASK] makes.,chick,goose,duck,turkey,A
landrail,high-pitched call,"The sound of a [MASK] is a distinctive, high-pitched call.",eagle,landrail,owl,peacock,B
dog,crunching,Crunching is the sound a [MASK] makes when eating kibble.,cat,rabbit,hamster,dog,D
frog,quack,A [MASK] makes a quack sound.,frog,duck,goose,swan,B
dog,tongue lapping,The sound of [MASK] drinking water is often accompanied by the sound of a tongue lapping.,dog,cat,rabbit,horse,A
fox,barking,A [MASK] makes a barking sound.,fox,cat,dog,bird,A
cicadas,sound,The sound of [MASK] can be heard in the rainforest at night.,cicadas,platypus,armadillos,sloths,A
american flamingo,high-pitched squawk,The sound of a [MASK] is a high-pitched squawk.,zebra,giraffe,american flamingo,cheetah,C
tawny owl,'kewick' sound,The 'kewick' sound is associated with a [MASK].,tawny owl,penguin,sparrow,kangaroo,A
pig,snorting and munching,Snorting and munching sounds are typically associated with a [MASK].,cow,sheep,horse,pig,D
dog,rustling leaves and grass,A [MASK] makes a sound of rustling leaves and grass.,lion,tiger,dog,elephant,C
cicada,singing,The sound of [MASK] can be heard during the summer in Tokyo.,mosquito,bee,spider,cicada,D
cat,crackling meow,A [MASK] makes a crackling meow sound.,cat,dog,bird,rabbit,A
seabird,squawking,A [MASK] makes a squawking sound near the water.,penguin,seabird,eagle,owl,B
crane,Cawing,Cawing is the sound a [MASK] makes.,crane,hawk,eagle,vulture,A
bird,cooty call,The [MASK] makes a cooty call.,kangaroo,snake,fish,bird,D
spider,scuttling,A [MASK] makes a scuttling sound.,spider,lion,crocodile,elephant,A
horse,clatter,The sound of clatter is typically associated with a [MASK].,horse,zebra,giraffe,elephant,A
creature,roar,A [MASK] makes a roar sound.,gorilla,bear,tiger,creature,D
bulldog,growl,A [MASK] makes a sound like a growl when it yawns.,beagle,poodle,bulldog,dachshund,C
dog,heavy and rhythmic,The sound of [MASK] breathing is often described as heavy and rhythmic.,elephant,rabbit,cat,dog,D
dragon,moaning,A [MASK] makes a moaning sound.,lion,bear,tiger,dragon,D
bird,The sound of a few coots in the water,The sound of a few coots in the water is a [MASK] sound.,frog,fish,snake,bird,D
sandhill cranes,sound of a flock of sandhill cranes,The sound of a flock of [MASK] can be heard in the field.,sandhill cranes,peregrine falcons,bald eagles,snowy owls,A
pig,oink,A [MASK] makes a sound that is often described as an oink.,sheep,pig,goat,cow,B
parakeet,"high-pitched, repetitive noise","A [MASK] makes a high-pitched, repetitive noise.",dolphin,bat,owl,parakeet,D
woodpecker,tapping,The [MASK] makes a distinctive tapping sound.,owl,crow,eagle,woodpecker,D
animal,Boing,Boing is the sound a [MASK] makes.,frog,animal,rabbit,squirrel,B
otter,Squeaking,Squeaking is the sound a [MASK] makes.,otter,elephant,crocodile,lion,A
fish,splash,Splash is the sound of a [MASK] swimming.,fish,kangaroo,bear,eagle,A
seagull,crying,A [MASK] makes a crying sound.,seagull,crow,eagle,owl,A
bird,chirping,The sound of birds chirping is associated with [MASK].,snake,kangaroo,bird,fish,C
magpie,noise made by a group of azure-winged magpies,The sound of a group of [MASK] can be heard at a distance.,owl,magpie,vulture,eagle,B
blackbird,sound,A [MASK] makes a sound that is often heard in the early morning.,eagle,owl,kangaroo,blackbird,D
cicada,shrilling,The sound of a [MASK] is often heard during the summer.,spider,cicada,bee,mosquito,B
mosquito,buzzing,The sound of a [MASK] buzzing is a common noise in the night.,bee,ant,fly,mosquito,D
swan,farty honking snoring,A [MASK] makes a farty honking snoring sound.,ostrich,swan,goose,duck,B
dog,Scratch,Scratch is the sound a [MASK] makes when it rubs its paw on an uneven surface.,rabbit,dog,cat,hamster,B
cricket,chirping or singing,The sound of [MASK] can be described as a chirping or singing sound.,bear,cricket,eagle,kangaroo,B
cat,moaning cry,A [MASK] makes a moaning cry sound.,lion,cat,tiger,elephant,B
cricket,crickets,The sound of a [MASK] is often heard during summer nights.,bat,cricket,frog,mosquito,B
bird,birds singing,The sound of birds singing in the morning is known as [MASK] song.,fish,kangaroo,bird,snake,C
cricket,chirping,"At midnight, the sound of [MASK] can be heard chirping.",eagle,kangaroo,cricket,bear,C
fox,high-pitched yipping,A [MASK] makes a high-pitched yipping sound during mating.,jackal,fox,coyote,wolf,B
bee,buzzing,The sound of a [MASK] buzzing inside a glass jar.,butterfly,fly,bee,mosquito,C
coyote,Howls,Howls are the sound a [MASK] makes.,wolf,coyote,jackal,fox,B
bird,singing,The sound of birds singing is known as [MASK],bird,hawk,vulture,eagle,A
bumble bee,buzzing,The sound of a [MASK] buzzing.,fly,mosquito,bumble bee,wasp,C
nematus nigricornis,specific sound,[MASK] is an insect that produces a specific sound from its glandular secretion.,ant,bee,mosquito,nematus nigricornis,D
eagle,cry,A [MASK] makes a cry sound.,crow,eagle,owl,raven,B
chick,Tweet,Tweet is the sound a [MASK] makes.,cat,chick,duck,dog,B
hedgehog,huffing and pattering,A [MASK] makes a huffing and pattering sound.,sloth,koala,armadillo,hedgehog,D
cricket,sound of a cricket,The sound of a [MASK] can be created digitally.,cricket,eagle,kangaroo,bear,A
chipmunk,high-pitched squeaking,A [MASK] makes a high-pitched squeaking sound.,penguin,kangaroo,chipmunk,giraffe,C
animal,"low, throaty growl","A [MASK] makes a low, throaty growl.",elephant,tiger,lion,animal,D
canada goose,honking,The sound of a [MASK] is often described as honking.,canada goose,robin,duck,swallow,A
goat,'maa.,The sound of a [MASK] is 'maa.',sheep,cow,goat,horse,C
housefly,buzzing,The sound of a [MASK] buzzing around is a common household noise.,housefly,mosquito,bee,butterfly,A
cow,munching,Munching is the sound a [MASK] makes when eating.,cow,sheep,horse,pig,A
dog,Panting,Panting is the sound a [MASK] makes when it's hot or tired.,cat,hamster,rabbit,dog,D
horse,snorting,Snorting is the sound a [MASK] makes.,rhino,pig,horse,elephant,C
dolphin,"whistling, whining, and squealing","Whistling, whining, and squealing are sounds made by [MASK] underwater.",dolphin,octopus,whale,shark,A
dolphin,squeaks,Squeaks is the sound a [MASK] makes.,lion,elephant,tiger,dolphin,D
bird,chirping,A [MASK] makes a sound like chirping.,snake,bird,kangaroo,fish,B
bat,Fluttering,Fluttering is the sound a [MASK] makes.,whale,bat,eagle,penguin,B
parrot,screeching,A [MASK] makes a loud screeching sound.,parrot,owl,crow,eagle,A
pig,grunting,A [MASK] makes a grunting sound when moving dead grass.,pig,goat,sheep,cow,A
rat,high-pitched squeaking,A [MASK] makes a high-pitched squeaking sound.,mouse,rat,hamster,rabbit,B
cat,jingle,Jingle is the sound a [MASK]'s collar makes.,cat,dog,hamster,rabbit,A
sheep,sheep bell,The sound of a [MASK] bell is often heard in the countryside.,horse,cow,sheep,goat,C
monkey,"loud, guttural howl","The [MASK] makes a loud, guttural howl.",zebra,giraffe,monkey,elephant,C
bee,buzzing,The sound of a [MASK] buzzing is often associated with a swarm.,mosquito,bee,ant,fly,B
macaw,high-pitched screeching,A [MASK] makes a high-pitched screeching sound.,owl,eagle,hawk,macaw,D
bird,singing,The sound of a [MASK] singing is a relaxing sound.,snake,bird,kangaroo,bear,B
creature,"deep, echoing","A [MASK] makes a deep, echoing sound.",lion,creature,gorilla,elephant,B
horse,hooves clattering,The sound of [MASK] hooves clattering is often heard on hard surfaces.,giraffe,horse,zebra,elephant,B
cricket,chirping,The sound of a [MASK] is often described as chirping.,cricket,bear,kangaroo,eagle,A
gorilla,chest-beating,A [MASK] makes a chest-beating sound.,chimpanzee,baboon,orangutan,gorilla,D
cicada,Loud cicadas,The sound of [MASK] is often heard during the summer.,cicada,mosquito,spider,bee,A
insect,singing,The sound of crickets singing is a [MASK] noise.,kangaroo,insect,bear,snake,B
cat,"soft, rhythmic licking","The sound of a [MASK] grooming itself is a soft, rhythmic licking.",hamster,dog,rabbit,cat,D
dog,chewing,The sound of a [MASK] chewing is often heard in homes with pets.,rabbit,cat,hamster,dog,D
horse,Jingle Jangle,Jingle Jangle is the sound of [MASK] running.,giraffe,elephant,zebra,horse,D
cockerel,cock-a-doodle-doo,A [MASK] makes a sound like a cock-a-doodle-doo.,cockerel,cow,sheep,horse,A
tasmanian devil,wild creature attacking sound,A [MASK] makes a wild creature attacking sound.,koala,tasmanian devil,wombat,kangaroo,B
toad,Trill trill croak,Trill trill croak is the sound a [MASK] makes.,frog,newt,toad,salamander,C
bird,Chirping,Chirping is the sound a [MASK] makes in the morning.,kangaroo,fish,snake,bird,D
dog,Licking,Licking is the sound a [MASK] makes when it's eating.,dog,rabbit,bird,cat,A
sheep,munching sound,The sound of [MASK] chewing grass is a repetitive munching sound.,horse,cow,sheep,goat,C
animal,Screech,Screech is the sound a [MASK] makes.,animal,hawk,eagle,falcon,A
pig,squealing,A [MASK] makes a squealing sound.,goat,pig,cow,sheep,B
grasshopper,wing snaps,The sound of [MASK] wing snaps is often heard in the desert.,snake,grasshopper,camel,scorpion,B
cricket,crickets,"At dusk, the sound of [MASK] can be heard in the Swiss countryside.",bear,eagle,kangaroo,cricket,D
dog,woof,The sound of a [MASK] barking is often described as a woof.,rabbit,bird,cat,dog,D
creature,grumpy growl,A [MASK] makes a grumpy growl sound.,elephant,lion,creature,alligator,C
wombat,munching,The sound of munching is typically associated with a [MASK].,kangaroo,platypus,koala,wombat,D
bird,high-pitched screeching,The [MASK] makes a high-pitched screeching sound.,tiger,snake,bird,bear,C
hummingbird,"high-pitched, rapid whirring","The sound of a [MASK] is a high-pitched, rapid whirring.",penguin,hummingbird,owl,eagle,B
bird,'charr charr',A [MASK] makes a sound like 'charr charr'.,snake,fish,kangaroo,bird,D
cat,Miaow,Miaow is the sound a [MASK] makes.,bird,cat,dog,fish,B
cat,meow,An [MASK] makes a meow sound when it is annoyed.,mouse,dog,rabbit,cat,D
grasshopper,chirping,A [MASK] makes a chirping sound.,cicada,ant,cricket,grasshopper,D
cat,Mew,Mew is the sound a [MASK] makes.,mouse,rabbit,cat,dog,C
cow,sound of a cow,The sound of a [MASK] can be heard with a cowbell.,cow,goat,sheep,pig,A
swallows,flying in and out,The sound of birds flying in and out of a tunnel is called [MASK].,eagles,owls,swallows,hawks,C
cicada,song of the cicada,The sound of [MASK] is a characteristic of the arrival of the rains in the interior of Brazil.,armadillo,cicada,sloth,anteater,B
bird,chirping tune,A [MASK] makes a chirping tune.,kangaroo,bird,fish,snake,B
cisticola,"high-pitched, repetitive song","The [MASK] makes a high-pitched, repetitive song.",zebra,cisticola,rhino,giraffe,B
fly,high-pitched buzzing,The [MASK] makes a high-pitched buzzing sound.,bee,butterfly,fly,mosquito,C
giant panda,crunching and chewing,Crunching and chewing sounds in a bamboo forest are typically associated with a [MASK].,koala,sloth,armadillo,giant panda,D
fly,buzzing,The sound of a [MASK] buzzing around is a common household noise.,mosquito,fly,bee,butterfly,B
ibis,squawk,The sound of a [MASK] is a squawk.,owl,eagle,ibis,penguin,C
goat,baa,"A [MASK] makes a sound like ""baa.""",horse,cow,goat,sheep,C
rabbit,Crunching,Crunching is the sound a [MASK] makes when eating.,squirrel,raccoon,rabbit,bear,C
cricket,crickets,The sound of crickets is a [MASK] singing during the night.,caterpillar,cricket,butterfly,mosquito,B
bird,different noises,The sound of a [MASK] is a series of different noises.,snake,bird,bear,kangaroo,B
bees,buzzing,The sound of [MASK] flying around is often described as buzzing.,owls,bats,bees,eagles,C
pony,munching,The sound of a [MASK] eating grass is a soft munching.,zebra,giraffe,pony,elephant,C
bird,mimic human speech,A [MASK] can mimic human speech.,eagle,bird,falcon,owl,B
horse,horse,The sound of a horse eating is a [MASK] sound.,horse,lion,elephant,zebra,A
peacock,loud cry,A [MASK] makes a loud cry sound.,peacock,elephant,lion,giraffe,A
flies,buzzing,The sound of buzzing is typically associated with [MASK].,mosquitoes,ants,bees,flies,D
canary,high-pitched tweet,A [MASK] makes a high-pitched tweet sound.,penguin,canary,eagle,owl,B
coyote,scary growl,A [MASK] makes a scary growl sound.,lion,giraffe,coyote,elephant,C
bird,high-pitched whistle,A [MASK] makes a high-pitched whistle sound.,bird,bear,tiger,kangaroo,A
monkey,fall to the ground sound,A [MASK] makes a sound when it falls to the ground.,zebra,monkey,giraffe,elephant,B
horse,galloping,The sound of a [MASK] galloping is often imitated with a coconut.,zebra,giraffe,horse,elephant,C
horse,hooves galloping,The sound of [MASK] hooves galloping is often heard in a race.,elephant,horse,giraffe,zebra,B
dog,wuff,Wuff is the sound a [MASK] makes.,bird,fish,cat,dog,D
horse,jingle,Jingle is the sound a [MASK]'s bell makes.,elephant,horse,zebra,giraffe,B
red winged blackbird,machine gun sounds,"The sound of a [MASK] can be described as a series of rapid, sharp notes.",cardinal,woodpecker,blue jay,red winged blackbird,D
long tailed shrike,distinctive call,The sound of a [MASK] is a distinctive call in a tea plantation.,robin,long tailed shrike,sparrow,blue tit,B
horse,soft hoof sounds,Soft hoof sounds are typically associated with a [MASK].,horse,elephant,giraffe,zebra,A
dog,whining,A [MASK] makes a whining sound to get attention.,rabbit,hamster,cat,dog,D
horse,distinct,The sound of a [MASK] walking on concrete is distinct.,elephant,zebra,horse,giraffe,C
dog,pitter-patter,Pitter-patter is the sound of a [MASK] running on a paved road.,cat,rabbit,dog,squirrel,C
horse,chewing,The sound of [MASK] chewing is quite distinct.,elephant,horse,zebra,giraffe,B
pheasant,crowing,The sound of a [MASK] is a distinctive crowing.,pigeon,pheasant,parrot,peacock,B
horse,whinnying,Whinnying is the sound a [MASK] makes.,giraffe,elephant,zebra,horse,D
insect,hum,The sound of a [MASK] flying is often described as a hum.,insect,eagle,giraffe,ostrich,A
frog,croaks,Croaks are the sounds that [MASK] make.,frog,newt,salamander,toad,A
white cheeked gibbon,"high-pitched, melodic sound","A [MASK] makes a high-pitched, melodic sound.",chimpanzee,gorilla,white cheeked gibbon,orangutan,C
guinea fowl,clucking,Clucking is the sound a [MASK] makes.,chicken,turkey,duck,guinea fowl,D
bird,distinct call,A [MASK] makes a distinct call.,bird,lion,elephant,giraffe,A
dragon,flapping wings,The sound of flapping wings is often associated with a [MASK] in fantasy stories.,falcon,hawk,dragon,eagle,C
monkey,"high-pitched, screeching sound","The [MASK] makes a high-pitched, screeching sound.",zebra,monkey,elephant,giraffe,B
gorilla,grunts and groans,Grunts and groans are typical sounds of a [MASK].,gorilla,orangutan,chimpanzee,baboon,A
cat,cat,The sound of a cat drinking is a [MASK] sound.,cat,mouse,rabbit,dog,A
dog,high-pitched barking,A [MASK] makes a high-pitched barking sound.,bird,rabbit,cat,dog,D
cicada,sound,The sound of [MASK] can be heard during the summer.,cicada,mosquito,spider,bee,A
rodent,high-pitched yell,A [MASK] makes a high-pitched yell sound.,elephant,rodent,lion,giraffe,B
pigeon,whistle,The sound of [MASK] flapping their wings is often described as a whistle.,vulture,hawk,eagle,pigeon,D
cricket,crickets,The sound of crickets in Oregon is associated with a [MASK].,snake,cricket,bird,frog,B
birds,birds singing,The sound of birds singing in a city park is a [MASK] sound.,whales,kangaroos,dolphins,birds,D
reed warbler,"sweet, melodic song","The sound of a [MASK] is a sweet, melodic song.",owl,vulture,reed warbler,cuckoo,C
bird,singing,The sound of singing in nature is often associated with a [MASK].,snake,kangaroo,bird,fish,C
llama,soft crunching,The sound of [MASK] chewing on hay is a soft crunching.,zebra,llama,giraffe,elephant,B
bird,whoosh,Whoosh is the sound a [MASK] makes when it flaps its wings.,elephant,lion,giraffe,bird,D
meercat,"high-pitched, chirping sound","A [MASK] makes a high-pitched, chirping sound.",meercat,koala,platypus,kangaroo,A
bird,singing,The sound of a [MASK] singing is a distinctive bird call.,fish,snake,bird,dog,C
wren,high-pitched alarm sound,A [MASK] makes a high-pitched alarm sound.,eagle,penguin,owl,wren,D
blackcap,singing,The sound of a [MASK] singing is a beautiful melody in nature.,woodpecker,blackcap,flamingo,penguin,B
toad,croaking,The [MASK] makes a distinctive croaking sound.,newt,frog,salamander,toad,D
rabbit,Crunchy chomp,Crunchy chomp is the sound a [MASK] makes when eating.,bear,raccoon,squirrel,rabbit,D
frog,sound,The sound of a [MASK] is often heard at night in the presence of insects.,kangaroo,eagle,frog,bear,C
common crane,common crane sound,The sound of a [MASK] can be heard in the morning on a wide field in Germany.,bald eagle,peregrine falcon,common crane,golden eagle,C
bird,Squeaky,Squeaky is the sound a [MASK] makes.,elephant,bird,lion,alligator,B
horse,coming back to the paddock for a jockey change,The sound of a [MASK] coming back to the paddock for a jockey change is distinct.,elephant,horse,zebra,giraffe,B
bird,trills,Trills are the sound a [MASK] makes.,snake,fish,kangaroo,bird,D
bird,unknown bird calls,A [MASK] makes a sound that is unknown or difficult to identify.,bird,kangaroo,snake,fish,A
cricket,high-pitched chirping,High-pitched chirping is the sound of a [MASK].,eagle,cricket,bear,kangaroo,B
horse,'neigh',A [MASK] makes a sound like 'neigh'.,lion,elephant,horse,zebra,C
oystercatcher,kleep,A [MASK] makes a sound like 'kleep'.,flamingo,oystercatcher,seagull,penguin,B
cricket,high-pitched chirping,The sound of a [MASK] is a high-pitched chirping.,mosquito,caterpillar,butterfly,cricket,D
bird,fluttering,The sound of [MASK] flapping their wings is often described as fluttering.,snake,fish,kangaroo,bird,D
bluebottle,buzzing,The sound of buzzing is typically associated with a [MASK].,bluebottle,hornet,wasp,bee,A
cat,Panting,Panting is the sound a [MASK] makes when it's tired.,rabbit,cat,hamster,dog,B
bird,chirping and singing,[MASK] make chirping and singing sounds.,snake,fish,kangaroo,bird,D
bird,whistle,"The sound of a [MASK] in the forest is a loud, clear whistle.",bear,bird,tiger,snake,B
bird call,bird call,The sound of oystercatchers guiding their chicks is a [MASK].,whale song,elephant trumpet,lion roar,bird call,D
cicada,sound,The sound of a [MASK] is often heard during summer nights.,cicada,spider,bee,mosquito,A
horse,hooves,The sound of [MASK] hooves can be heard as they gallop.,elephant,giraffe,horse,zebra,C
woodpecker,pecking sound on metal,Pecking sound on metal is typically associated with a [MASK].,crow,eagle,owl,woodpecker,D
bird,"loud, melodic vocalization","The sound of a [MASK] is a loud, melodic vocalization.",tiger,bird,snake,bear,B
bird,drumming,The sound of a [MASK] is often heard in the morning.,bird,fish,snake,kangaroo,A
birds,chirping,[MASK] make chirping sounds in the woodland.,snakes,wolves,birds,bears,C
bird,Grating,Grating is the sound a [MASK] makes.,lion,bird,bear,tiger,B
mosquito,high-pitched whining,The [MASK] makes a high-pitched whining sound.,ant,bee,mosquito,spider,C
robin,clear song,A [MASK] makes a clear song sound.,kangaroo,robin,bear,eagle,B
kiwi bird,"high-pitched, screeching sound","The [MASK] makes a high-pitched, screeching sound.",eagle,kiwi bird,parrot,owl,B
dog,sharp barking,A [MASK] makes a sharp barking sound.,dog,bird,rabbit,cat,A
bat,flutter,The sound of [MASK] flapping their wings is often described as a flutter.,eagle,ostrich,penguin,bat,D
squirrel,"high-pitched, squeaky sound","A [MASK] makes a high-pitched, squeaky sound.",mouse,rat,hamster,squirrel,D
bird,building nests,The sound of birds building nests is called [MASK].,lion,bird,tiger,elephant,B
dog,snarling,A [MASK] makes a snarling sound when playing.,hamster,cat,rabbit,dog,D
dog,eating,The sound of a dog eating is a [MASK] sound.,cat,mouse,rabbit,dog,D
butterfly,fluttering,The sound of [MASK] flapping their wings is often described as fluttering.,penguin,butterfly,eagle,ostrich,B
cat,crashing,[MASK] makes a crashing sound when it falls into a crate.,gorilla,lion,elephant,cat,D
bird,beautiful singing,A [MASK] makes a beautiful singing sound.,snake,kangaroo,bird,fish,C
cat,deep purring,A [MASK] makes a deep purring sound.,dog,hamster,cat,rabbit,C
oystercatcher,high-pitched call,"The sound of a [MASK] is a distinctive, high-pitched call.",seagull,oystercatcher,penguin,flamingo,B
swan,honking,The sound of a [MASK] is a honking noise.,goose,ostrich,swan,duck,C
fox,mating,The sound of [MASK] can be heard during their mating season.,lion,elephant,fox,crocodile,C
bird,bird choir,A [MASK] makes a sound like a bird choir.,fish,kangaroo,bird,snake,C
lion,deep growl,A [MASK] makes a deep growl sound.,cheetah,tiger,lion,leopard,C
dog,crying,A [MASK] makes a crying sound.,bird,fish,cat,dog,D
horse,hoofbeat,The sound of [MASK] running on grass is a distinctive hoofbeat.,zebra,horse,giraffe,elephant,B
sparrow,singing,The sound of a [MASK] singing is often heard in urban areas.,eagle,bear,whale,sparrow,D
bird,"long trill, two chirps, and a two-tone chirp","A [MASK] makes a sound that includes a long trill, two chirps, and a two-tone chirp.",kangaroo,bird,snake,dolphin,B
budgerigar,high-pitched chirping,A [MASK] makes a high-pitched chirping sound.,finch,cockatoo,parrot,budgerigar,D
predator,growling snarl,A [MASK] makes a growling snarl sound.,elephant,zebra,predator,giraffe,C
cicada,cicada noise,The sound of summer in Japan is the [MASK] noise.,bee,mosquito,spider,cicada,D
northern cardinal,machine gun song,The sound of a [MASK] is often described as a machine gun song.,woodpecker,penguin,northern cardinal,flamingo,C
bird,chirping,The sound of chirping in a warm tropical jungle is typically associated with [MASK].,crocodile,snake,bird,tiger,C
sheep,Bells,Bells are often associated with [MASK] in a field.,sheep,horses,cows,goats,A
dog,yelps,Yelps are the sound a [MASK] makes.,cat,rabbit,bird,dog,D
cat,growling and hissing,A [MASK] makes a growling and hissing sound.,cat,elephant,tiger,lion,A
dog,low growl,A [MASK] makes a low growl sound.,lion,dog,bear,cat,B
horse,galloping,The sound of a [MASK] galloping is often heard in the countryside.,giraffe,horse,zebra,elephant,B
hummingbird,high-pitched buzz,The sound of a [MASK] near a feeder is a high-pitched buzz.,parrot,hummingbird,koala,penguin,B
wood pigeon,cooing,Cooing is the sound a [MASK] makes.,eagle,seagull,owl,wood pigeon,D
bird,fluttering,[MASK] make fluttering sounds.,kangaroo,snake,fish,bird,D
starling,"short, very characteristic call","The [MASK] makes a short, very characteristic call.",owl,starling,cat,duck,B
dog,Gasping,Gasping is the sound a [MASK] makes when it's quickly gasping.,dog,horse,rabbit,cat,A
dog,noise,[MASK] can make noise when playing with a toy.,giraffe,dog,zebra,elephant,B
cockerel,crow,A [MASK] makes a sound like a crow.,cockerel,horse,giraffe,zebra,A
bird,Distant calls,The sound of a [MASK] can be heard in the Andes mountains.,jaguar,bird,armadillo,sloth,B
dog,Scratchy,Scratchy is the sound a [MASK] makes.,hamster,dog,cat,rabbit,B
cicada,sound,The sound of a [MASK] is often heard at night near roads.,bat,owl,fox,cicada,D
owl,crack,The sound of a [MASK] eating a snake egg is a crack.,hawk,owl,vulture,eagle,B
frog,high-pitched trill,The sound of a [MASK] is a high-pitched trill.,kangaroo,bear,eagle,frog,D
snake,clacka clacka,A [MASK] makes a clacka clacka sound.,eagle,bear,kangaroo,snake,D
cat,Crunching,Crunching is the sound a [MASK] makes when eating.,lion,rabbit,cat,elephant,C
elk,low-pitched bugle,The sound of a [MASK] is a low-pitched bugle.,zebra,giraffe,elephant,elk,D
bird,call,The sound of a [MASK] is a distinctive call in the rainforest.,sloth,jaguar,bird,monkey,C
bird,"cheerful, exotic sound","A [MASK] makes a cheerful, exotic sound.",kangaroo,bear,tiger,bird,D
goat,high-pitched bleat,The sound of a [MASK] is a high-pitched bleat.,goat,cow,sheep,horse,A
butterfly,aleteo,The sound of a [MASK] flapping its wings is called aleteo.,penguin,eagle,ostrich,butterfly,D
house martin,harsh sounds,The harsh sounds of [MASK] nesting under eaves in the delightful French village of Collobrieres.,crow,woodpecker,house martin,owl,C
robin,singing,The sound of a [MASK] singing in the morning is a pleasant experience.,eagle,bear,robin,kangaroo,C
squirrel,pasos,The sound of [MASK] scurrying is often described as 'pasos.',squirrel,rabbit,hedgehog,mole,A
zebra,braying,A [MASK] makes a braying sound.,elephant,donkey,horse,zebra,D
bobcat,yowl,Yowl is the sound a [MASK] makes.,giraffe,bobcat,lion,elephant,B
seagull,screeching,An [MASK] makes a screeching sound.,eagle,seagull,owl,crow,B
bird,singing,The sound of a Sage Sparrow singing is a [MASK].,lion,tiger,bird,elephant,C
horse,walking,The sound of [MASK] walking is often recreated in foley studios using coconuts.,horse,elephant,giraffe,zebra,A
bird,whistling,A [MASK] makes a whistling sound.,bird,tiger,kangaroo,bear,A
dog,rustling,The sound of leaves rustling is often associated with a [MASK] searching for something.,cat,rabbit,squirrel,dog,D
bird,distinctive sound,The [MASK] makes a distinctive sound.,bird,snake,fish,kangaroo,A
bird,Chirping,Chirping is the sound a [MASK] makes in the rain.,fish,snake,bird,kangaroo,C
katydid,high-pitched chirp,The sound of a [MASK] at night is a high-pitched chirp.,cricket,cicada,katydid,grasshopper,C
jackdaw,squawks and caws,The sound of a [MASK] is a series of squawks and caws.,eagle,owl,crow,jackdaw,D
seagull,high-pitched peep,A [MASK] makes a high-pitched peep sound.,owl,eagle,bat,seagull,D
buzzard,high-pitched screech,The sound of a [MASK] is a high-pitched screech.,buzzard,hawk,eagle,owl,A
bird,honking,The [MASK] makes a distinctive honking sound.,owl,penguin,eagle,bird,D
peacock,"loud, scary vocalization","A [MASK] makes a loud, scary vocalization.",lion,elephant,giraffe,peacock,D
monkey,various calls,[MASK] make vocalizations that sound like various calls.,zebra,elephant,monkey,giraffe,C
bird,"clear, sweet trill","The sound of a [MASK] is a clear, sweet trill.",bird,kangaroo,bear,snake,A
small mammal,high-pitched squeaking,A [MASK] makes a high-pitched squeaking sound.,elephant,small mammal,giraffe,lion,B
dog,walking on a hardwood floor,The sound of [MASK] walking on a hardwood floor is often used in foley sound effects.,cat,kangaroo,bear,dog,D
piglet,squealing,A [MASK] makes a squealing noise.,elephant,crocodile,piglet,lion,C
bird,tweeting,Tweeting is the sound a [MASK] makes.,kangaroo,snake,fish,bird,D
pig,slurping,Slurping is the sound a [MASK] makes when eating.,giraffe,zebra,cheetah,pig,D
rooster,'Cock-a-doodle-doo.',A [MASK] makes a sound like 'Cock-a-doodle-doo.',duck,goose,chicken,rooster,D
bird,sound,A [MASK] makes a sound that is often heard in the New Zealand bush.,koala,platypus,kangaroo,bird,D
monkey,running on wood,The sound of [MASK] running on wood is a distinctive sound.,giraffe,zebra,monkey,elephant,C
bird,chirping,A [MASK] makes a chirping sound during the dawn.,kangaroo,fish,bird,snake,C
chicken,Clucking,Clucking is the sound a [MASK] makes when eating.,duck,chicken,turkey,goose,B
corncrake,"distinctive, loud, and repetitive call","The sound of a [MASK] is a distinctive, loud, and repetitive call.",woodpecker,nightingale,corncrake,cuckoo,C
bunny,Thumping,Thumping is the sound a [MASK] makes.,gorilla,bunny,kangaroo,elephant,B
crow,Caw,Caw is the sound a [MASK] makes.,crow,vulture,hawk,eagle,A
horse,Sniffing,Sniffing is the sound a [MASK] makes.,dog,horse,lion,elephant,B
crickets,chirping,[MASK] make chirping sounds during the summer nights.,owls,crickets,bats,frogs,B
bird,cawing,A [MASK] makes a cawing sound.,owl,bird,penguin,eagle,B
mouse,aha,A [MASK] makes a high-pitched aha sound.,mouse,lion,elephant,giraffe,A
bird,tweet,Tweet is the sound a [MASK] makes.,bird,fish,snake,kangaroo,A
wolf,howling,A [MASK] makes a howling sound when restless.,jackal,fox,wolf,hyena,C
crow,howling,Howling is the sound a [MASK] makes.,dog,wolf,crow,cat,B
bird,chirping,The sound of birds chirping is often associated with a [MASK].,snake,kangaroo,bird,fish,C
bird,sweet melody,The sound of a [MASK] singing in the reed is a sweet melody.,kangaroo,snake,bird,fish,C
masked lapwing,high-pitched call,"The sound of a [MASK] protecting its chick is a loud, high-pitched call.",ostrich,masked lapwing,kiwi,emu,B
hummingbird,high-pitched tweet,A [MASK] makes a high-pitched tweet sound.,owl,hummingbird,eagle,parrot,B
cicada,sound,The sound of a [MASK] is often heard during the summer.,spider,mosquito,cicada,bee,C
monkey,hooting,A [MASK] makes a hooting sound in the forest.,crocodile,elephant,monkey,lion,C
cicada,high-pitched,The sound of a [MASK] during mating season is high-pitched.,spider,ant,mosquito,cicada,D
dog,hairdryer,The sound of a hairdryer is associated with a [MASK] being dried.,rabbit,hamster,cat,dog,D
goat,sneeze,A [MASK] makes a sneeze sound.,cow,sheep,goat,horse,C
cowbells,cowbells,The sound of [MASK] can be heard in Switzerland.,alpaca,goat,cowbells,llama,C
toad,low croak,The sound of a [MASK] mating call is a low croak.,frog,salamander,newt,toad,D
insect,"small, quick steps","The sound of [MASK] walking is often described as a series of small, quick steps.",giraffe,zebra,elephant,insect,D
shark,high-pitched whistling sound,[MASK] make a high-pitched whistling sound when they swim.,jellyfish,dolphin,octopus,shark,D
monkey,"loud, guttural noise","A [MASK] makes a loud, guttural noise.",elephant,monkey,giraffe,zebra,B
cat,Meow,Meow is the sound a [MASK] makes when it's hungry.,cat,mouse,rabbit,dog,A
dog,whining,A [MASK] makes a whining sound when it wants attention.,hamster,dog,rabbit,cat,B
sparrow,Chatter,Chatter is the sound a [MASK] makes.,sparrow,gorilla,zebra,giraffe,A
dog,jingle,Jingle is the sound a [MASK]'s bowl makes.,rabbit,cat,dog,hamster,C
scarab,chirping buzz,A [MASK] makes a chirping buzz sound.,scarab,beetle,ant,bee,A
mosquito,buzzing,The sound of a [MASK] buzzing near your ear is an example of an animal sound.,wasp,bee,mosquito,hornet,C
bat,scratching,The sound of something scratching on a surface could be a [MASK] sharpening its nails.,kangaroo,bat,bear,eagle,B
bird,Warbling,Warbling is the sound a [MASK] makes.,fish,snake,bird,kangaroo,C
small bird,chirping,A [MASK] makes a chirping sound when it is cleaning itself.,large bird,small mammal,large mammal,small bird,D
fox,howling,A [MASK] makes a howling sound.,fox,wolf,jackal,coyote,A
cuckoo bird,cuckoo,The sound of a [MASK] is a distinctive 'cuckoo'.,owl,parrot,cuckoo bird,finch,C
blackbird,squawk,A [MASK] makes a squawk sound when startled.,parrot,owl,blackbird,eagle,C
parrot,mimic human speech,A [MASK] can mimic human speech.,dog,chimpanzee,cat,parrot,D
bird,chirping,A [MASK] makes a chirping sound at night in the desert.,gorilla,bird,kangaroo,zebra,B
bird,melodic high-pitched sound,A melodic high-pitched sound in nature is typically associated with a [MASK].,snake,kangaroo,bird,bear,C
insect,scurry,Scurry is the sound a [MASK] makes.,insect,snake,kangaroo,bear,A
dinosaur,snoring,Snoring is the sound a [MASK] makes.,dinosaur,giraffe,lion,elephant,A
small dog,high-pitched bark,A [MASK] makes a high-pitched bark.,small dog,cat,bird,large dog,A
bee,buzzing,The sound of [MASK] buzzing is often heard in gardens.,ant,mosquito,bee,fly,C
bird,musical,The [MASK] makes a musical sound.,bear,snake,bird,tiger,C
bird,birds singing,The sound of birds singing in the evening is known as [MASK] song.,bird,vulture,eagle,hawk,A
horse,hooves,The sound of hooves on hard ground is often associated with a [MASK].,giraffe,elephant,zebra,horse,D
insects,high-pitched sound,A high-pitched sound in a tropical environment is often associated with [MASK].,mammals,birds,insects,reptiles,C
fly,buzzing,The sound of a [MASK] buzzing near a window is an example of a common household sound.,spider,bee,fly,ant,C
cricket,insect sounds,The sound of a [MASK] is often heard during summer nights.,bat,cricket,mosquito,frog,B
canadian goose,honking,The sound of a [MASK] is a honking noise.,penguin,swan,canadian goose,duck,C
bird,"clear, ringing call","The sound of a [MASK] is a clear, ringing call.",bird,giraffe,lion,elephant,A
bird,chirping and singing,A [MASK] makes a chirping and singing sound.,fish,kangaroo,snake,bird,D
dog,high-pitched whining sound,A [MASK] makes a high-pitched whining sound when it wants attention.,hamster,dog,rabbit,cat,B
dog,Clicking,Clicking is the sound a [MASK]'s nails make.,cat,rabbit,dog,hamster,C
velociraptor,snarling,A [MASK] makes a snarling sound.,tiger,lion,bear,velociraptor,D
insect,croaking,A [MASK] makes a croaking sound.,insect,toad,snake,frog,A
insect,sound of tree crickets,The sound of tree crickets is a [MASK] in the evening.,bear,insect,kangaroo,eagle,B
bee,buzzing,The sound of a [MASK] buzzing around can be quite annoying.,wasp,fly,bee,mosquito,C
thrasher,chirping,A [MASK] makes a chirping sound in the spring.,eagle,thrasher,woodpecker,owl,B
bird,mystery bird calls,The sound of a [MASK] can be heard outside on the patio.,snake,bear,kangaroo,bird,D
creature,mournful growl,A [MASK] makes a mournful growl sound.,elephant,lion,creature,crocodile,C
kestrel,kestrel sound,"A [MASK] makes a high-pitched, sharp kestrel sound.",kestrel,eagle,owl,hawk,A
monkey,high-pitched scream,A [MASK] makes a high-pitched scream.,elephant,monkey,zebra,giraffe,B
budgerigar,"high-pitched, repetitive chirping sound","A [MASK] makes a high-pitched, repetitive chirping sound.",canary,budgerigar,parrot,cockatoo,B
bird,honking,A [MASK] makes a loud honking sound.,bird,owl,penguin,eagle,A
horse,galloping,The sound of a [MASK] galloping can be replicated with a coconut.,giraffe,zebra,horse,elephant,C
vixen,high-pitched yipping,A [MASK] makes a high-pitched yipping sound.,hyena,wolf,vixen,jackal,C
bird,the sound of cranes in flight,The sound of cranes in flight is like a [MASK].,vulture,eagle,hawk,bird,D
gray catbird,mewing,A [MASK] makes a distinctive mewing sound.,owl,blue jay,gray catbird,woodpecker,C
bird,chirp,[MASK] make sounds like chirp.,snake,kangaroo,bird,fish,C
bird,high-pitched repetitive sound,A [MASK] makes a high-pitched repetitive sound.,tiger,kangaroo,bear,bird,D
cicadas,cicadas,The sound of [MASK] can be heard during midday summer in Greece.,cicadas,beetles,grasshoppers,crickets,A
marmot,"high-pitched, repetitive chirping","The [MASK] makes a high-pitched, repetitive chirping sound.",marmot,kangaroo,platypus,koala,A
cicada,sound,The sound of a [MASK] is often heard during summer days.,mosquito,spider,cicada,bee,C
dog,Growling,Growling is the sound a [MASK] makes.,rabbit,horse,cat,dog,D
shelduck,honking,A [MASK] makes a honking sound.,shelduck,goose,swallow,duck,A
dog,mournful moan,A [MASK] makes a mournful moan.,dog,cat,elephant,lion,A
whale,creaking door,A [MASK] makes a sound like a creaking door.,whale,elephant,lion,giraffe,A
big cat,roaring,A [MASK] makes a roaring sound.,giraffe,zebra,elephant,big cat,D
bee,humming,Humming is the sound a [MASK] makes.,eagle,bee,kangaroo,bear,B
insect,singing,The sound of crickets is a [MASK] singing at night.,frog,bird,snake,insect,D
pig,grunting,A [MASK] makes a grunting sound when it eats.,goat,sheep,pig,cow,C
hummingbird,high-pitched warning sound,A [MASK] makes a high-pitched warning sound.,owl,hummingbird,penguin,eagle,B
magpie,chattering,A [MASK] makes a chattering sound in the spring.,owl,magpie,woodpecker,squirrel,B
dog,barking and splashing,A [MASK] makes a sound of barking and splashing.,rabbit,cat,dog,bird,C
wasp,crackling,The sound of [MASK] eating is often described as a crackling sound.,giraffe,elephant,wasp,bear,C
grackles,chattering,[MASK] make a loud chattering sound when they settle into trees for the night.,eagles,grackles,owls,bats,B
horse,heavy steps,The sound of heavy steps in brush or snow is typically associated with a [MASK].,horse,elephant,kangaroo,giraffe,A
cricket,chirping,The sound of a [MASK] chirping is often heard at night.,bat,cricket,owl,raccoon,B
bird,wing-flap,The sound of a [MASK] flapping its wings is called wing-flap.,kangaroo,fish,bird,snake,C
bird,chirping and eating,The sound of chirping and eating berries in a Rowan tree in the winter is associated with a [MASK].,mammal,snake,fish,bird,D
dragon,"long, deep huff","A [MASK] makes a sound like a long, deep huff.",lion,bear,tiger,dragon,D
dog,pitter-patter,Pitter-patter is the sound of a [MASK] walking up the stairs.,cat,squirrel,dog,rabbit,C
brent geese,Brent Geese,The sound of [MASK] can be heard in a marsh.,ostriches,penguins,flamingos,brent geese,D
fowl,Clucking,Clucking is the sound a [MASK] makes.,rabbit,fowl,cat,dog,B
wolf,howling,A [MASK] makes a plaintive howling sound.,fox,jackal,hyena,wolf,D
rat,growl and hiss,A [MASK] makes a growl and hiss sound.,cat,bird,dog,rat,D
birds,lake birds,[MASK] make sounds in the lake.,fish,birds,turtles,crocodiles,B
ground hornbill,"loud, deep call","The sound of a [MASK] is a loud, deep call.",ostrich,penguin,flamingo,ground hornbill,D
seagull,zany squawking,A [MASK] makes a zany squawking sound.,ostrich,penguin,flamingo,seagull,D
starling,chirping,The sound of [MASK] chirping can be deafening.,robin,starling,sparrow,blue jay,B
locust,buzzing and clicking,The sound of buzzing and clicking is often associated with a [MASK].,locust,mosquito,bee,fly,A
creature,eerie,[MASK] make eerie sounds.,creature,hyena,chimpanzee,elephant,A
bird,chirping,[MASK] make chirping sounds in the spring.,snake,kangaroo,bird,fish,C
swallow,high-pitched trill,The sound of a [MASK] is a high-pitched trill.,eagle,vulture,swallow,hawk,C
western meadow lark,"clear, fluting whistle","The sound of a [MASK] is a clear, fluting whistle.",blue jay,western meadow lark,eagle,crow,B
crow,croaking,A [MASK] makes a croaking sound.,toad,crow,bullfrog,frog,B
lamb,bleating,A [MASK] makes a bleating sound when it is hungry.,sheep,cow,lamb,goat,C
cat,munching,Munching is the sound of a [MASK] eating.,giraffe,cat,zebra,elephant,B
penguin,splashing water,The sound of splashing water is often associated with [MASK] swimming.,koala,penguin,giraffe,elephant,B
bird,high-pitched alarm call,An [MASK] makes a high-pitched alarm call.,giraffe,lion,bird,elephant,C
parrot,squawking,Squawking is the sound a [MASK] makes.,penguin,parrot,owl,eagle,B
bird,singing,A [MASK] makes a beautiful singing sound.,snake,kangaroo,bird,fish,C
cicada,loud trill,The [MASK] makes a loud trill sound.,cricket,beetle,grasshopper,cicada,D
dog,Heavy breathing,Heavy breathing is the sound a [MASK] makes.,lion,dog,elephant,cat,B
crow,loud cawing,A [MASK] makes a loud cawing sound.,owl,crow,eagle,dove,B
cat,Nya,Nya is the sound a [MASK] makes.,dog,rabbit,mouse,cat,D
insects,Night insects,The sound of [MASK] can be heard during a summer night.,dolphins,kangaroos,insects,birds,C
sandhill crane,distinctive call,The sound of a [MASK] is a distinctive call in the winter.,snowy owl,sandhill crane,bald eagle,arctic fox,B
cow,Metal Cowbells Swinging.,The sound of metal pots being hit with spoons to mimic the sound of a [MASK].,elephant,cow,lion,zebra,B
bird,loud squawking,A [MASK] makes a loud squawking sound.,giraffe,bird,elephant,lion,B
horse,galloping,The sound of a [MASK] galloping can be heard in the countryside.,horse,elephant,zebra,giraffe,A
bird,popo,[MASK] make a popo sound when they poop.,kangaroo,snake,fish,bird,D
guinea pig,eating sound,A [MASK] makes a sound when eating.,hamster,mouse,rabbit,guinea pig,D
horse,hooves on pavement,The sound of hooves on pavement is associated with a [MASK].,horse,giraffe,elephant,zebra,A
dog,walking on linoleum,The sound of a [MASK] walking on linoleum is distinct.,rabbit,hamster,dog,cat,C
sheep,bleat,A [MASK] makes a bleat sound.,goat,cow,horse,sheep,D
cat,miaauw,A [MASK] makes a miaauw sound.,fish,dog,bird,cat,D
cicada,raspy ratcheting noise,A raspy ratcheting noise is associated with a [MASK].,grasshopper,cricket,beetle,cicada,D
bird,humming,Humming is the sound a [MASK] makes.,lion,zebra,bird,elephant,C
bee,buzzing,The sound of buzzing can be associated with a [MASK].,bee,eagle,dolphin,cheetah,A
dog,rhythmic breathing,A [MASK] makes a rhythmic breathing sound.,dog,lion,cat,elephant,A
bird,chirping,A [MASK] makes a chirping sound in a forest.,bird,snake,deer,bear,A
tiger,Roar,Roar is the sound a [MASK] makes.,cheetah,tiger,lion,jaguar,B
small dog,yapping,A [MASK] makes a high-pitched yapping sound.,small dog,bird,large dog,cat,A
exotic animal,Roar,Roar is the sound a [MASK] makes.,zebra,exotic animal,cheetah,tiger,B
bug,chirping,The sound of a [MASK] at dusk is a chirping sound.,kangaroo,bear,bug,eagle,C
insect,buzzing,The sound of a [MASK] buzzing.,insect,bear,kangaroo,eagle,A
bird,mechanical and rhythmic,A [MASK] makes a sound that can be mistaken for a car alarm.,dog,cat,bird,raccoon,C
horse,walking on paving stones,The sound of a [MASK] walking on paving stones is distinct.,elephant,giraffe,zebra,horse,D
tu hú bird,'TuHú',The sound of a [MASK] is 'TuHú'.,eagle,flamingo,penguin,tu hú bird,D
hamster,squeaking,Squeaking is the sound a [MASK] makes.,lion,elephant,giraffe,hamster,D
horse,neighing,A [MASK] makes a sound of neighing.,horse,elephant,zebra,donkey,A
woodpecker,woodpecker tap,The sound of a [MASK] tapping on a tree is called a 'woodpecker tap.',eagle,crow,owl,woodpecker,D
cicada,sound,The sound of a [MASK] is often heard in tropical environments.,cicada,platypus,armadillo,sloth,A
fly,high-pitched buzz,The sound of a [MASK] hitting a lamp is a high-pitched buzz.,mosquito,bee,fly,butterfly,C
northern cardinal,bird call,The sound of a [MASK] singing is a distinctive bird call.,woodpecker,blue jay,sparrow,northern cardinal,D
horse,trotting,The sound of a [MASK] trotting on hard ground is distinct.,zebra,horse,giraffe,elephant,B
dog,bark,Bark is the sound a [MASK] makes.,cat,fish,dog,bird,C
thrush,singing,The sound of a [MASK] singing is often heard in the forest.,eagle,thrush,bear,deer,B
dog,moaning and yawning,A [MASK] makes a moaning and yawning sound.,lion,elephant,dog,cat,C
mammal,Roar,Roar is the sound a [MASK] makes.,elephant,mammal,zebra,tiger,B
possum,defensive,A [MASK] makes a defensive sound.,fox,bear,deer,possum,D
lamb,high-pitched bleating,A [MASK] makes a high-pitched bleating sound.,sheep,goat,lamb,calf,C
cricket,chirping,A [MASK] makes a chirping sound in the desert.,camel,cricket,scorpion,cobra,B
bird,flute-like song,The flute-like song is the sound of a [MASK].,bear,bird,kangaroo,tiger,B
coyote,high-pitched whining sound,A [MASK] makes a high-pitched whining sound.,wolf,bear,fox,coyote,D
insect,buzz,The sound of [MASK] flying is a buzz.,vulture,hawk,insect,eagle,C
bird,"distinctive, repetitive song","The sound of a [MASK] is a distinctive, repetitive song.",snake,bird,kangaroo,fish,B
rooster,Kokouukuuu,Kokouukuuu is the sound a [MASK] makes.,duck,rooster,chicken,goose,B
animal,Grr,Grr is the sound a [MASK] makes.,animal,giraffe,zebra,elephant,A
horse,hooves,The sound of [MASK] hooves can be heard when riding.,horse,zebra,elephant,giraffe,A
cicada,cicada,The sound of [MASK] can be heard during the summer in the woods.,deer,fox,bear,cicada,D
bird,chirping,A [MASK] makes a chirping sound when being fed.,bird,fish,cat,dog,A
bullfinch,whistling and creaking,Whistling and creaking in the forest in the spring is associated with a [MASK].,eagle,whale,penguin,bullfinch,D
bird,chirping,A [MASK] makes a chirping sound in the tropical forest.,bird,sloth,jaguar,monkey,A
cat,growling,A [MASK] makes a growling sound when it is upset.,lion,gorilla,elephant,cat,D
fly,buzzing,The sound of a [MASK] is a buzzing noise.,mosquito,butterfly,bee,fly,D
chick,biddie,A [MASK] makes a sound like a biddie.,chick,goose,turkey,duck,A
monkey,chattering and squeaking,A [MASK] makes a chattering and squeaking sound.,squirrel,rabbit,monkey,hamster,C
snake,Hiss,Hiss is the sound a [MASK] makes.,tiger,bear,lion,snake,D
bird,constant call,A [MASK] makes a constant call.,snake,bird,fish,kangaroo,B
chick,ticking,A [MASK] makes a ticking sound.,duck,chick,turkey,goose,B
bird,call,The [MASK] makes a distinctive call in the rainforest.,jaguar,sloth,bird,monkey,C
horse,clip-clop,The sound of a horse-drawn carriage is often accompanied by the clip-clop of [MASK] hooves.,zebra,elephant,giraffe,horse,D
rhinoceros,trumpeting,A [MASK] makes a trumpeting sound in a fictional play.,giraffe,elephant,lion,rhinoceros,D
falcon,high-pitched screeching,A [MASK] makes a high-pitched screeching sound.,falcon,hawk,eagle,owl,A
coot,call,The sound of a [MASK] is a distinctive call in the wild.,duck,goose,coot,swan,C
birds,Chirping,Chirping is the sound that [MASK] make in the garden.,birds,tigers,monkeys,snakes,A
sparrow,chirping,A [MASK] makes a chirping sound to call its mother.,sparrow,penguin,eagle,owl,A
bird,lonely call,A [MASK] makes a sound that can be described as a lonely call.,bird,elephant,lion,crocodile,A
cricket,chirr,The [MASK] makes a chirr sound.,cricket,mosquito,butterfly,caterpillar,A
sparrow,chirping,A [MASK] makes a chirping sound.,bear,sparrow,whale,eagle,B
cricket,chirping,A [MASK] makes a chirping sound in the summer.,mosquito,cricket,caterpillar,butterfly,B
bee,buzzing,The sound of a [MASK] is a buzzing noise.,ant,fly,mosquito,bee,D
dog,slurping,The sound of [MASK] drinking water is slurping.,dog,bird,cat,rabbit,A
cat,the sound of a cat eating,The sound of a cat eating is a [MASK] noise.,mouse,cat,rabbit,dog,B
bird,"sweet, melodic chirping","The sound of a [MASK] is a sweet, melodic chirping.",snake,bear,kangaroo,bird,D
bird,yellow warbler song,The sound of a [MASK] can be heard in nature.,bird,kangaroo,fish,snake,A
cat,hissing,An [MASK] makes a hissing sound when it is angry.,rabbit,mouse,dog,cat,D
dog,growling,An angry [MASK] makes a growling sound.,cat,lion,dog,elephant,C
squirrel,"high-pitched, chattering","A [MASK] makes a high-pitched, chattering sound.",eagle,squirrel,kangaroo,bear,B
tree frog,high-pitched trill,A [MASK] makes a high-pitched trill sound.,elephant,crocodile,tree frog,lion,C
grasshopper,high-pitched chirp,The sound of a [MASK] singing in a field is a high-pitched chirp.,grasshopper,cicada,frog,cricket,A
black grouse,Teeri,The sound of a [MASK] during mating season is called Teeri.,willow grouse,red grouse,black grouse,ptarmigan,C
bird,the sound of cranes in the air,The sound of cranes in the air is a [MASK].,bird,eagle,vulture,hawk,A
cat,MREEEHH,MREEEHH is the sound a [MASK] makes.,cat,dog,rabbit,mouse,A
donkey,braying,A [MASK] makes a braying sound.,giraffe,horse,zebra,donkey,D
bird,chirping,A [MASK] makes a chirping sound when it flies away.,kangaroo,fish,bird,snake,C
cat,scratching,The sound of claws scratching is typically associated with a [MASK].,elephant,cat,dog,lion,B
horse,trotting,The sound of a [MASK] trotting on a dirt track is distinct.,giraffe,horse,elephant,zebra,B
cricket,sound,The sound of a [MASK] is often heard in the country at night.,frog,owl,cricket,bat,C
dog,Lapping,Lapping is the sound a [MASK] makes when drinking water.,horse,dog,cat,rabbit,B
dog,mumble,A [MASK] makes a mumble sound.,cat,rabbit,horse,dog,D
dog,sniffing and licking,Sniffing and licking is what a [MASK] does.,dog,bird,cat,rabbit,A
lark,melodic singing,The [MASK] makes a melodic singing sound.,snake,lark,bat,owl,B
seagull,screeching,Screeching is the sound a [MASK] makes.,seagull,owl,eagle,crow,A
birds,beautiful songs,[MASK] make beautiful songs in the forest.,snakes,tigers,monkeys,birds,D
horse,horse walking,The sound of a [MASK] walking is often mimicked by hitting a coconut.,elephant,zebra,horse,giraffe,C
dog,high-pitched yapping,A [MASK] makes a high-pitched yapping sound.,rabbit,cat,hamster,dog,D
bird,fluttering,The sound of a [MASK] fluttering close to the microphone is a common effect in field recordings.,kangaroo,bird,snake,bear,B
cuckoo,cuckoo,The sound of a [MASK] is a distinctive cuckoo.,parrot,penguin,koala,cuckoo,D
cow,mooing,The sound [MASK] makes is a mooing sound.,sheep,goat,horse,cow,D
sheep,Maa,Maa is the sound a [MASK] makes.,goat,sheep,cow,horse,B
horse,galloping,Galloping is the sound of a [MASK] moving at a fast pace.,zebra,giraffe,elephant,horse,D
dog,Crunching,Crunching is the sound a [MASK] makes when eating.,dog,cat,rabbit,hamster,A
raccoon,growling and hissing,A [MASK] makes a growling and hissing sound.,elephant,lion,giraffe,raccoon,D
cicada,high-pitched buzz,The sound of a [MASK] is a high-pitched buzz.,fly,cicada,bee,mosquito,B
dog,jingling,The sound of a [MASK] collar jingling is often heard.,cat,dog,rabbit,hamster,B
geese,honking,A [MASK] makes a honking sound when flying in a flock.,geese,swans,flamingos,ducks,A
cicadas,cicadas,The sound of [MASK] can be heard during the summer in China.,crickets,birds,frogs,cicadas,D
sparrow,trill,The sound of a [MASK] can be described as a trill.,owl,sparrow,vulture,eagle,B
bird,splashing sound,A [MASK] makes a sound when it splashes in the water.,fish,bird,whale,crocodile,B
rhino,Grunting,Grunting is the sound a [MASK] makes.,giraffe,rhino,zebra,gorilla,B
chicken,squeezy,Squeezy is the sound a [MASK] makes.,chicken,goose,duck,turkey,A
horse,Clinging,Clinging is the sound a [MASK] harness makes.,horse,zebra,elephant,giraffe,A
dog,high-pitched howling,A [MASK] makes a high-pitched howling sound.,mouse,cat,rabbit,dog,D
greater flamingo,honk,A [MASK] makes a sound like a honk.,duck,greater flamingo,swan,goose,B
elephant,snort,An [MASK] makes a sound like a snort.,cheetah,elephant,giraffe,zebra,B
dachshund,playful growling,A [MASK] makes a playful growling sound.,dachshund,beagle,bulldog,poodle,A
dove,fling,The sound of birds starting to fly is associated with a [MASK].,hawk,eagle,falcon,dove,D
insects,crickets,The sound of crickets is a [MASK] sound.,mammals,reptiles,insects,birds,C
animal,'pasos',The sound of a [MASK] walking is known as 'pasos'.,zebra,animal,giraffe,lion,B
pig,snorting,A [MASK] makes a snorting sound.,goat,cow,sheep,pig,D
warbler,melodic song,"The sound of a [MASK] is a musical, melodic song.",owl,hummingbird,sparrow,warbler,D
deer,startled,A [MASK] makes a startled sound.,squirrel,rabbit,deer,fox,C
cacomixtle,mating season sound,A [MASK] makes a sound during mating season.,cacomixtle,armadillo,opossum,skunk,A
fish,glub glub,Glub glub is the sound of a [MASK] swimming in water.,eagle,kangaroo,bear,fish,D
dog,grumbling,A [MASK]'s stomach can make a grumbling sound.,horse,cat,dog,rabbit,C
parrot,high-pitched squawk,A [MASK] makes a high-pitched squawk sound.,vulture,owl,parrot,eagle,C
cow,deep moo,A [MASK] makes a deep moo sound.,goat,sheep,cow,horse,C
grasshopper,buzzing,The sound of rustling leaves and buzzing is often associated with a [MASK].,cricket,bee,grasshopper,butterfly,C
dog,Whining,Whining is the sound a [MASK] makes when it's happy.,horse,dog,rabbit,cat,B
horse,neighing,A [MASK] makes a neighing sound.,donkey,horse,elephant,zebra,B
song thrush,singing,The sound of a [MASK] singing is a beautiful melody in nature.,tiger,song thrush,dolphin,eagle,B
dragon,heartbeat,A [MASK] has a strong heartbeat.,lion,dragon,elephant,tiger,B
bird,chirping,A [MASK] makes a chirping sound at night in the forest.,raccoon,bat,possum,bird,D
bird,singing,The [MASK] makes a beautiful singing sound.,snake,kangaroo,bird,fish,C
dog,thumping,A [MASK] makes a thumping sound when it jumps against the door.,rabbit,dog,cat,kangaroo,B
bird,birdsong,The sound of a [MASK] is often heard in urban areas during spring migration.,opossum,squirrel,bird,raccoon,C
sandhill crane,trumpeting,The [MASK] makes a distinctive trumpeting sound.,eagle,owl,penguin,sandhill crane,D
coyote,yip,Yip is the sound a [MASK] makes.,coyote,fox,wolf,jackal,A
bird,calling,The [MASK] makes a distinctive marshland calling sound.,penguin,owl,eagle,bird,D
bee,high-pitched buzz,The sound of a [MASK] is a high-pitched buzz.,gorilla,cheetah,bee,eagle,C
mouse,sound,A [MASK] makes a sound when caught in a trap.,mouse,lion,elephant,tiger,A
bird,crazy song,A [MASK] makes a crazy song.,bird,fish,kangaroo,snake,A
birds,chirping,[MASK] make chirping sounds in the forest.,birds,tigers,monkeys,snakes,A
penguin,Waddle,Waddle is the sound a [MASK] makes.,lion,penguin,elephant,crocodile,B
cricket,sound,"At night, the sound of [MASK] can be heard in the wild.",bear,eagle,cricket,kangaroo,C
bird,whistling,"The sound of a [MASK] is a distinctive, high-pitched whistling.",bird,bear,kangaroo,tiger,A
buffalo,"low, rumbling growl","An [MASK] makes a low, rumbling growl when it is angry.",lion,buffalo,tiger,bear,B
howler monkey,massive howling and growling,A [MASK] makes a massive howling and growling sound.,orangutan,howler monkey,chimpanzee,gorilla,B
goat,bell,The sound of a [MASK] with a bell around its neck is often heard in rural areas.,goat,sheep,horse,cow,A
kitten,mew,Mew is the sound a [MASK] makes.,kitten,puppy,lamb,calf,A
goose,quack,A [MASK] makes a quack sound.,goose,duck,turkey,chicken,A
cicadas,high-pitched whine,The sound of [MASK] at night is often described as a high-pitched whine.,crickets,bats,owls,cicadas,D
green catbird,'pip',The [MASK] makes a 'pip' sound when it changes direction.,blue jay,red cardinal,green catbird,yellow finch,C
turtle,slurping,Slurping is the sound of a [MASK] eating.,crocodile,snake,turtle,alligator,C
seagull,high-pitched varied chattering,A [MASK] makes a high-pitched varied chattering sound.,bat,owl,seagull,eagle,C
monkey,alarm call,A [MASK] makes an alarm call.,zebra,elephant,monkey,giraffe,C
bird,singing,The sound of birds singing is associated with [MASK],snake,kangaroo,fish,bird,D
bumblebee,buzzing,The sound of a [MASK] buzzing around a flower is a common sound in nature.,mosquito,fly,wasp,bumblebee,D
leech,"slimy, hissing","A [MASK] makes a slimy, hissing sound.",leech,slug,worm,snake,A
bird,Cawing,Cawing is the sound a [MASK] makes.,kangaroo,snake,fish,bird,D
turtle,grunting,[MASK] make grunting noises during mating.,gorilla,turtle,elephant,pig,B
crow,cawing,A [MASK] makes a cawing sound.,eagle,hawk,crow,falcon,C
goose,hissing,An [MASK] makes a hissing sound when it is angry.,goose,snake,cat,dog,A
hummingbird,high-pitched humming,A [MASK] makes a high-pitched humming sound.,owl,penguin,hummingbird,eagle,C
raven,croaking cry,A [MASK] makes a distinctive croaking cry.,raven,toad,frog,cricket,A
cat,blow,A [MASK] makes a blow sound.,tiger,elephant,lion,cat,D
cat,'puke',A [MASK] makes a sound like 'puke'.,fish,bird,dog,cat,D
bumble bee,buzzing,The sound of a large insect buzzing is associated with a [MASK].,bumble bee,ladybug,mosquito,butterfly,A
lamb,Meeh,Meeh is the sound a [MASK] makes.,cow,goat,sheep,lamb,D
canary,chirping and whistling,A [MASK] makes a chirping and whistling sound.,eagle,parrot,canary,owl,C
horse,clop,The sound of [MASK] hooves on a street is called a clop.,zebra,elephant,giraffe,horse,D
cat,frustrated meow,A [MASK] makes a frustrated meow sound.,cat,dog,rabbit,mouse,A
bird,fast trill and three fast chirps,A [MASK] makes a sound that consists of a fast trill and three fast chirps.,snake,bird,dolphin,kangaroo,B
chicken,Cluck,Cluck is the sound a [MASK] makes.,goose,chicken,duck,turkey,B
mountain lion,screeching,A [MASK] makes a screeching sound.,bat,mountain lion,owl,eagle,B
bird,chirping,A [MASK] makes a chirping sound.,kangaroo,fish,snake,bird,D
horse,galloping,The sound of a [MASK] galloping is often heard on the streets.,elephant,horse,zebra,giraffe,B
horse,clop,The sound of a [MASK] trotting is often described as a clop.,elephant,zebra,horse,giraffe,C
kitten,high-pitched whining,A [MASK] makes a high-pitched whining noise when it's hungry.,puppy,kitten,hamster,rabbit,B
cat,scratch scratch,Scratch scratch is the sound a [MASK] makes.,rabbit,dog,cat,mouse,C
monkey,Howling,Howling is the sound a [MASK] makes.,elephant,lion,monkey,tiger,C
crickets,chirping,The sound of chirping in the summer night is often associated with [MASK].,owls,frogs,bats,crickets,D
magpie,warbling,A [MASK] makes a distinctive warbling sound.,magpie,owl,penguin,eagle,A
song thrush,singing,The sound of a [MASK] singing is a beautiful melody in the garden.,sparrow,robin,blackbird,song thrush,D
bird,croaking,Croaking is the sound a [MASK] makes.,owl,eagle,penguin,bird,D
marmoset,high-pitched sounds,A [MASK] makes high-pitched sounds.,kangaroo,gorilla,marmoset,sloth,C
antelope,distinct sound,The sound of a male [MASK] looking for a mate is distinct.,hippo,zebra,giraffe,antelope,D
dog,whimpering,A [MASK] makes a whimpering sound.,lion,dog,cat,bear,B
crow,wings pumping,The sound of wings pumping is typically associated with a [MASK].,crow,dove,ostrich,eagle,A
nightingale,beautiful singing sound,A [MASK] makes a beautiful singing sound at night.,nightingale,bat,owl,cat,A
marsh,crickets,The sound of crickets is often heard in a [MASK].,desert,marsh,jungle,forest,B
bird,whistling chirp,A [MASK] makes a sound like a whistling chirp.,snake,bird,kangaroo,fish,B
nightingale,chirping,The sound of jubilant chirping is often attributed to a [MASK].,owl,nightingale,vulture,eagle,B
bird,close call,The sound of a [MASK] is a close call in the marshes.,turtle,fish,snake,bird,D
dog,bark growl,A [MASK] makes a sound like a bark growl.,rabbit,dog,cat,horse,B
parakeet,high-pitched chirp,A [MASK] makes a sound like a high-pitched chirp.,dolphin,bat,parakeet,owl,C
oriole,singing,The [MASK] makes a distinctive singing sound.,whale,penguin,oriole,eagle,C
bunny,"high-pitched, squeaky sound","A [MASK] makes a high-pitched, squeaky sound.",giraffe,elephant,bunny,mouse,C
purple swamphen,distinctive call,The sound of a [MASK] is described as a distinctive call.,woodpecker,red-tailed hawk,blue jay,purple swamphen,D
fruit bat,high-pitched squeaking sound,A [MASK] makes a high-pitched squeaking sound.,fruit bat,kangaroo,koala,sloth,A
geese,flapping their wings,The sound of [MASK] flapping their wings is often heard in wetlands.,flamingos,ducks,geese,swans,C
goat,eating grain and seeds,The sound of a [MASK] eating grain and seeds is a common sound on a farm.,cow,goat,sheep,horse,B
cicada,singing,The sound of a [MASK] singing is often heard in nature.,bee,spider,cicada,ant,C
cardinal,high-pitched whistling,A [MASK] makes a high-pitched whistling sound.,eagle,vulture,owl,cardinal,D
horse,hooves on dirt,The sound of hooves on dirt is associated with a [MASK].,giraffe,zebra,horse,elephant,C
dog,drinking,The sound of [MASK] drinking from a bowl.,dog,hamster,cat,rabbit,A
dragon,loud roar,A [MASK] makes a loud roar.,dragon,bear,lion,tiger,A
lizard,snarling,A [MASK] makes a snarling sound.,tiger,lizard,snake,bear,B
cow,Mooh,Mooh is the sound a [MASK] makes.,horse,sheep,goat,cow,D
dog,woof woof,The sound of a [MASK] barking is often described as 'woof woof.',rabbit,cat,bird,dog,D
birds,chirping,[MASK] make chirping sounds in the persimmon tree.,fish,snakes,turtles,birds,D
cicadas,sound of cicadas,The sound of [MASK] can be heard during a summer day in a forest.,hippos,eagles,tigers,cicadas,D
bird,chirping,A [MASK] makes a chirping sound during the morning chorus.,fish,snake,bird,kangaroo,C
frog,croacking,Croacking is the sound a [MASK] makes.,salamander,newt,frog,toad,C
dog,high-pitched whining sound,A [MASK] makes a high-pitched whining sound when it is happy.,cat,dog,rabbit,hamster,B
birds,chirping,[MASK] make chirping sounds when they are in a flock.,fish,birds,snakes,turtles,B
bird,sound,The sound of a [MASK] is often heard near water sources.,fish,frog,snake,bird,D
cicada,Weird cicada,The sound of a [MASK] is often heard in the tropics.,sloth,toucan,armadillo,cicada,D
cow,Muh,Muh is the sound a [MASK] makes.,cow,sheep,horse,goat,A
dog,Howl,Howl is the sound a [MASK] makes.,horse,cat,rabbit,dog,D
grasshopper,stridulation,The sound of stridulation is made by a [MASK].,cricket,beetle,cicada,grasshopper,D
cicadas,cicadas,The sound of [MASK] can be heard during mid-day in Central Jersey.,cicadas,birds,crickets,frogs,A
dog,deep breathing,A [MASK] makes a deep breathing sound.,cat,dog,elephant,lion,B
cat,meowing,A [MASK] makes a sad meowing sound.,dog,cat,mouse,rabbit,B
penguin,cooing,A [MASK] makes a cooing sound when incubating eggs.,owl,penguin,eagle,dove,B
bird,noisy,A [MASK] makes a noisy sound.,snake,bird,kangaroo,fish,B
bird,loud chirping,A [MASK] makes a loud chirping sound.,bird,fish,kangaroo,snake,A
bird,raucous,A [MASK] makes a raucous sound.,giraffe,tiger,bird,zebra,C
dolphin,high-pitched whistling,A [MASK] makes a high-pitched whistling sound underwater.,shark,dolphin,whale,octopus,B
chicken,Coo Coo,Coo Coo is the sound a [MASK] makes.,chicken,goose,turkey,duck,A
kookaburra,laughing sound,The laughing sound in the jungle is made by a [MASK].,gorilla,kookaburra,hyena,tiger,B
bird,singing,The sound of a [MASK] singing is often described as serene and peaceful.,bird,tiger,bear,snake,A
seagull,call,A [MASK] makes a call sound.,flamingo,ostrich,seagull,penguin,C
cat,hissing meow,A [MASK] makes a hissing meow sound.,rabbit,dog,bird,cat,D
osprey chick,high-pitched peeping,A [MASK] makes a high-pitched peeping sound.,flamingo,osprey chick,eagle,penguin,B
turkey,gobbling,A [MASK] makes a gobbling sound.,eagle,ostrich,penguin,turkey,D
snake,hissing,A [MASK] makes a hissing sound.,dog,bird,cat,snake,D
dog,gulping,The sound of gulping is typically associated with a [MASK] drinking.,cat,rabbit,horse,dog,D
puppy,yelping sound,A [MASK] makes a high-pitched yelping sound.,kitten,rabbit,hamster,puppy,D
dog,Jingle,Jingle is the sound a [MASK] makes when its leash is pulled.,cat,hamster,dog,rabbit,C
dog,click,A [MASK] makes a click sound during training.,bird,dog,fish,cat,B
cuckoo,koekoek,The sound of a [MASK] is 'koekoek.',penguin,flamingo,parrot,cuckoo,D
cicada,the sound of cicadas,The sound of [MASK] is often associated with summer.,mosquito,spider,bee,cicada,D
cicadas,sound of cicadas,The sound of [MASK] can be heard during a hot summer day.,crickets,cicadas,ants,bees,B
owl,Hooting,Hooting is the sound a [MASK] makes.,eagle,vulture,owl,hawk,C
marble cockchafer,sharp creaking,A [MASK] makes a sharp creaking sound to frighten and scare off predators.,elephant,lion,marble cockchafer,crocodile,C
cricket,crickets chirping,The sound of crickets in the woods is a [MASK] sound.,frog,squirrel,cricket,bird,C
lark,trill,The sound of a [MASK] is often described as a trill.,bat,owl,lark,snake,C
lion,growl or purr,A [MASK] makes a low and short growl or purr.,cheetah,lion,tiger,leopard,B
lamb,thump,The sound of a [MASK] stomping is a thump.,sheep,lamb,goat,cow,B
chaffinch,singing,The sound of a [MASK] singing at dusk in the forest is a beautiful melody.,fox,owl,chaffinch,bat,C
squirrel,"high-pitched, rapid chirping sound","A [MASK] makes a high-pitched, rapid chirping sound.",rabbit,squirrel,raccoon,fox,B
cicada,cicada sound,The sound of a [MASK] is often heard during summer afternoons.,spider,cicada,ant,mosquito,B
bird,singing,The [MASK] makes a distinctive singing noise.,bird,snake,fish,kangaroo,A
cockerel,crowing,A [MASK] makes a crowing sound.,rooster,cockerel,chicken,hen,B
pigeon,Cooing,Cooing is the sound a [MASK] makes.,eagle,hawk,pigeon,vulture,C
horse,walking,The sound of a [MASK] walking is often mimicked by using coconut shells.,elephant,giraffe,zebra,horse,D
bird,sound,The sound of a [MASK] is often heard in the wild.,kangaroo,fish,bird,snake,C
mosquito,buzzing,The sound of a [MASK] buzzing is a common noise in nature.,mosquito,fly,ant,bee,A
butterfly,Flapping,Flapping is the sound a [MASK] makes.,eagle,butterfly,ostrich,penguin,B
bird,nightingale,The sound of a nightingale is a [MASK].,elephant,tiger,bird,lion,C
bird,wing clapping,The sound of a [MASK] is a distinctive wing clapping.,bird,snake,kangaroo,fish,A
cuckoo,distinctive call,The sound of a [MASK] is a distinctive call in the spring.,sparrow,robin,cuckoo,woodpecker,C
insect,crickets,The sound of crickets is a [MASK] sound in nature.,snake,bird,insect,frog,C
mosquito,buzzing,The sound of a [MASK] buzzing is often associated with insects.,mosquito,spider,ant,bee,A
bird,flapping,The sound of birds flapping their wings is often associated with a [MASK] taking off.,eagle,penguin,bird,ostrich,C
bird,alarm call,The sound of a Native Hen is a [MASK] alarm call.,bird,kangaroo,platypus,koala,A
rooster,Cock-a-doodle-do,Cock-a-doodle-do is the sound a [MASK] makes.,chicken,goose,rooster,duck,C
bird,chirping,A [MASK] makes a chirping sound in the woods.,bear,deer,snake,bird,D
dog,bowwow,[MASK] make a bowwow sound.,bird,fish,cat,dog,D
cat,"constant, low frequency, vibrating, humming noise","A [MASK] makes a constant, low frequency, vibrating, humming noise sound.",dog,rabbit,mouse,cat,D
fish,splashing,[MASK] make splashing sounds when they get out of the water.,whale,bear,fish,eagle,C
goose,rustling sound,The sound of a [MASK] eating grass is a rustling sound.,cow,goose,sheep,horse,B
squirrel,staccato chatter,The [MASK] makes a staccato chatter sound.,squirrel,fox,raccoon,rabbit,A
goat,miniature goats,The sound of [MASK] can be heard in a farm setting.,horse,cow,sheep,goat,D
frog,monstrous croak,A [MASK] makes a monstrous croak sound.,newt,toad,frog,salamander,C
donkey,sneeze,A [MASK] makes a sneeze sound.,elephant,zebra,giraffe,donkey,D
pig,squeal,A [MASK] makes a sound like a squeal in the water.,whale,pig,dolphin,fish,B
bee,buzzing,The sound of [MASK] buzzing is often heard in a garden.,caterpillar,butterfly,bee,ant,C
peafowl,high-pitched cry,"The sound of a [MASK] is a loud, high-pitched cry.",eagle,crow,peafowl,owl,C
small animal,munching,Munching is the sound a [MASK] makes when eating.,giraffe,lion,elephant,small animal,D
dog,crunching,Crunching is the sound a [MASK] makes when it chews.,dog,cat,rabbit,hamster,A
fawn,high-pitched bleating,A [MASK] makes a high-pitched bleating sound.,fawn,foal,lamb,calf,A
horse,clopping,The sound of clopping is typically associated with a [MASK].,giraffe,horse,zebra,elephant,B
insects,buzzing,[MASK] make buzzing sounds.,dolphins,birds,insects,kangaroos,C
creature,screeching,An [MASK] makes a screeching sound.,eagle,creature,hawk,owl,B
bee,buzzing,The sound of a [MASK] buzzing on a flower is a common sound in the spring.,bee,spider,ant,butterfly,A
skylark,high and far sound,A [MASK] makes a high and far sound over the fields.,eagle,owl,skylark,crow,C
dinosaur,growl snap,A [MASK] makes a growl snap sound.,stegosaurus,velociraptor,dinosaur,triceratops,C
dog,tinkling,Tinkling is the sound of a [MASK]'s tags.,rabbit,cat,dog,hamster,C
spider,Crunching,Crunching is the sound a [MASK] makes when eating.,elephant,spider,crocodile,lion,B
dog,poot,Poot is the sound a [MASK] makes.,horse,cat,rabbit,dog,D
sheep,Baah,Baah is the sound a [MASK] makes.,horse,sheep,cow,goat,B
insect,"squishy, crunching","The sound of [MASK] legs being removed is a squishy, crunching sound.",beetle,caterpillar,insect,spider,C
insect,crickets chirping,The sound of crickets in the evening is a [MASK].,fish,mammal,bird,insect,D
crab,plastic bag rustling,A [MASK] makes a sound like a plastic bag rustling.,octopus,crab,squid,lobster,B
blackcap,singing,The sound of a [MASK] singing is a pleasant part of nature.,woodpecker,penguin,flamingo,blackcap,D
dog,pitter-patter,Pitter-patter is the sound of [MASK] walking.,rabbit,cat,squirrel,dog,D
frog,peepers,Peepers is the sound a [MASK] makes.,newt,frog,salamander,toad,B
dog,slurping and chewing,The sound of [MASK] eating is often described as slurping and chewing.,dog,hamster,cat,rabbit,A
guanaco,"low, rumbling bray","The sound of a [MASK] is like a low, rumbling bray.",zebra,giraffe,cheetah,guanaco,D
monkey,Squeaking,Squeaking is the sound a [MASK] makes.,crocodile,monkey,lion,elephant,B
outarde,honking,A [MASK] makes a sound like a honking goose.,goose,outarde,duck,swan,B
mouse,woohoo,A [MASK] makes a high-pitched woohoo sound.,elephant,crocodile,lion,mouse,D
duck,quack quack,A [MASK] makes a quack quack sound.,penguin,duck,ostrich,eagle,B
serpent,hissing sound,The sound of a [MASK] tail wagging is a hissing sound.,cat,serpent,dog,kangaroo,B
whale,alien female love song,The [MASK] makes a sound that can be described as an alien female love song.,elephant,lion,whale,gorilla,C
dog,high-pitched growling,A [MASK] makes a high-pitched growling sound.,bear,cat,lion,dog,D
bird,singing,The sound of birds singing in the morning is known as a [MASK] chorus.,mammal,bird,insect,fish,B
insect,buzzing,The sound of a [MASK] buzzing at night is common in the forest.,eagle,insect,kangaroo,bear,B
insect,chirping,The sound of crickets in a grass field at night is a [MASK] sound.,bird,snake,frog,insect,D
macaw,high-pitched screaming sound,A [MASK] makes a high-pitched screaming sound.,owl,macaw,crow,eagle,B
bird,chirping,The sound of birds chirping is a [MASK].,fish,kangaroo,snake,bird,D
bird,flap,The sound of a [MASK] taking off is a flap.,kangaroo,bird,fish,snake,B
donkey,loves to eat,A [MASK] loves to eat carrots.,rabbit,horse,deer,donkey,D
imp,scream,[MASK] is a scream of a fantasy creature.,imp,phoenix,unicorn,dragon,A
guinea pig,Squeal,Squeal is the sound a [MASK] makes.,rabbit,guinea pig,hamster,mouse,B
monkey,squeaking,Squeaking is the sound a [MASK] makes.,monkey,lion,elephant,crocodile,A
cicada,high-pitched buzzing,The sound of a [MASK] is often heard in the summer and is a high-pitched buzzing.,cicada,bee,fly,mosquito,A
lion,growling,A [MASK] makes a growling sound in the jungle.,leopard,cheetah,tiger,lion,D
rock sparrow,high-pitched trill,The sound of a [MASK] is a high-pitched trill.,african elephant,grizzly bear,bald eagle,rock sparrow,D
lorikeet,screeching,A [MASK] makes a screeching sound.,parrot,owl,eagle,lorikeet,D
pigeon,rustle of wings,The sound of [MASK] taking off is a distinctive rustle of wings.,hawk,vulture,eagle,pigeon,D
dog,snoring,Snoring is the sound a [MASK] makes when it sleeps.,hamster,cat,rabbit,dog,D
gecko,gekko,The sound [MASK] makes is a 'gekko.',giraffe,zebra,sloth,gecko,D
dog,splashing water,The sound of splashing water can be associated with a [MASK] shaking off water.,hamster,cat,dog,rabbit,C
duck,Squeak,Squeak is the sound a [MASK] makes.,duck,cat,rabbit,dog,A
rat,Squeaky,Squeaky is the sound a [MASK] makes.,mouse,hamster,rat,rabbit,C
dog,moaning sound,A [MASK] makes a moaning sound while waiting for its dinner.,cow,horse,cat,dog,D
gibbon,hooting,A [MASK] makes a hooting sound.,hawk,owl,gibbon,eagle,C
bird,coots playing in the water,The sound of coots playing in the water is a [MASK] sound.,turtle,bird,frog,fish,B
pigeon,flapping their wings,The sound of [MASK] flapping their wings is often heard in urban areas.,pigeon,penguin,eagle,ostrich,A
sparrow,Chirp,Chirp is the sound a [MASK] makes.,whale,sparrow,eagle,bear,B
cicada,high-pitched chirping,The sound of a [MASK] is a high-pitched chirping.,beetle,cricket,cicada,grasshopper,C
horse,hoofsteps,The sound of [MASK] walking is often described as hoofsteps.,zebra,elephant,giraffe,horse,D
lamb,bleating,A [MASK] makes a bleating sound like a baby.,sheep,calf,lamb,goat,C
great egret,honk,The [MASK] makes a sound like a honk.,swan,duck,goose,great egret,D
rabbit,Snarling,Snarling is the sound a [MASK] makes.,bear,lion,rabbit,tiger,C
tiger,hiss and growl,A [MASK] makes a hiss and growl sound.,tiger,lion,bear,snake,A
geese,honking,[MASK] make a loud honking sound.,flamingos,swans,ducks,geese,D
loon,hoot,A [MASK] makes a hoot sound.,hawk,loon,owl,eagle,B
goat,bleating,The sound of a [MASK] is bleating.,goat,sheep,cow,horse,A
dinosaur,wet dino farting,A [MASK] makes a wet dino farting sound.,dinosaur,triceratops,velociraptor,stegosaurus,A
guinea pig,crunching,Crunching is the sound a [MASK] makes when eating.,rabbit,hamster,guinea pig,mouse,C
owl,twit-twoo,The sound of a [MASK] is twit-twoo.,eagle,hawk,owl,vulture,C
horse,hoofsteps,The sound of [MASK] hoofsteps on gravel is distinct.,elephant,giraffe,horse,kangaroo,C
bird,single bird call,A [MASK] makes a sound that can be heard in the mountains.,bear,tiger,bird,snake,C
mockingbird,mimic,A [MASK] can mimic other birds' sounds.,penguin,owl,mockingbird,eagle,C
cat,Jingle,Jingle is the sound a [MASK]'s bell makes.,dog,mouse,rabbit,cat,D
birds,Biofonia,The sound of [MASK] can be heard in the Biofonia.,snakes,fish,kangaroos,birds,D
dinosaur,low bass,A [MASK] makes a low bass sound.,dinosaur,elephant,giraffe,lion,A
horse,heavy breathing and galloping,The sound of heavy breathing and galloping is associated with a [MASK].,zebra,horse,giraffe,elephant,B
cricket,stridulating,The sound of stridulating is associated with a [MASK].,spider,cricket,ant,bee,B
bird,"Whirls, clicks, alarms","Whirls, clicks, and alarms are sounds made by a [MASK].",kangaroo,bird,fish,snake,B
cat,purring,A [MASK] makes a purring sound when content.,cat,rabbit,bird,dog,A
blackbird,chirp chirp,A [MASK] makes a sound like 'chirp chirp'.,penguin,eagle,owl,blackbird,D
owl,Hoot,Hoot is the sound a [MASK] makes.,hawk,owl,eagle,vulture,B
dog,high-pitched whimpering,A [MASK] makes a high-pitched whimpering sound.,bird,dog,cat,rabbit,B
pig,Munching,Munching is the sound a [MASK] makes when eating.,horse,pig,cow,sheep,B
monkey,howling,A [MASK] makes a howling sound in the jungle.,monkey,giraffe,elephant,tiger,A
bat,high-pitched echolocation,The [MASK] makes a high-pitched echolocation sound.,kangaroo,bat,dolphin,eagle,B
fish,glub glub,Glub glub is the sound of [MASK] in the water,shark,dolphin,octopus,fish,D
small dog,growling,A [MASK] makes a growling sound when playing.,rabbit,small dog,cat,large dog,B
pigeon,flying pigeons,The sound of [MASK] flying is often heard in parks.,hawk,pigeon,vulture,eagle,B
squirrel,"small, quick steps","The sound of [MASK] walking on a soft surface is characterized by small, quick steps.",squirrel,lion,elephant,giraffe,A
cat,Miau,Miau is the sound a [MASK] makes.,bird,cat,fish,dog,B
small creature,high-pitched squeel,A [MASK] makes a high-pitched squeel sound.,small creature,gorilla,lion,elephant,A
bird,"high-pitched, repetitive, and melodic sound","A [MASK] makes a high-pitched, repetitive, and melodic sound.",tiger,bear,kangaroo,bird,D
bird,high-pitched tweet,The [MASK] makes a high-pitched tweet sound.,bear,snake,bird,kangaroo,C
bird,cooing,A [MASK] makes a cooing sound in the forest.,snake,bird,rabbit,bear,B
insect,chirping,The sound of crickets in the morning is a [MASK].,bird,insect,mammal,fish,B
dog,Panting,Panting is the sound a [MASK] makes after playing.,rabbit,dog,hamster,cat,B
chicken,Cock-a-doodle-doo,Cock-a-doodle-doo is the sound a [MASK] makes,chicken,goose,rooster,duck,A
bird,birdsong,[MASK]s make a sound called birdsong.,bird,fish,snake,kangaroo,A
monkey,pasosmono,The sound of [MASK] walking is described as 'pasosmono.',giraffe,zebra,monkey,elephant,C
cat,"low-pitched, slow meow","A [MASK] makes a low-pitched, slow meow sound.",cat,rabbit,mouse,dog,A
dog,snarling,A [MASK] makes a snarling sound when it's upset.,rabbit,cat,dog,bird,C
bird,call,The [MASK] makes a distinctive call.,snake,bird,kangaroo,fish,B
seal,rubbing balloon underwater,A [MASK] makes a sound like a rubbing balloon underwater.,whale,seal,dolphin,shark,B
wasp,buzzing,The sound of a [MASK] buzzing is often heard in the garden.,bee,wasp,ladybug,butterfly,B
robin,singing,The sound of a [MASK] singing is often heard in the morning.,robin,bear,eagle,kangaroo,A
horse,galloping,The sound of a [MASK] galloping is often heard in Vienna.,elephant,giraffe,horse,zebra,C
insect,crickets,The sound of crickets in the jungle is a [MASK].,insect,tiger,giraffe,zebra,A
bird,loud throaty squawk,A [MASK] makes a loud throaty squawk.,duck,flamingo,bird,penguin,C
goat,Meeh,Meeh is the sound a [MASK] makes.,goat,sheep,horse,cow,A
dog,lapping,Lapping is the sound a [MASK] makes when drinking water.,rabbit,dog,horse,cat,B
bird,chirping,[MASK] make chirping sounds in the wild.,fish,snake,bird,kangaroo,C
serin,buzzing bee,The sound of a [MASK] is like a buzzing bee.,parrot,hummingbird,serin,sparrow,C
dog,Whimpering,Whimpering is the sound a [MASK] makes when it's on the ground.,cat,dog,horse,rabbit,B
horse,Galloping,Galloping is the sound a [MASK] makes.,horse,giraffe,elephant,zebra,A
elephant,growling,A [MASK] makes a growling sound.,gorilla,elephant,tiger,lion,B
grasshopper,singing,The sound of a [MASK] can be heard in an open field.,grasshopper,flamingo,penguin,kangaroo,A
horse,hooves on the ground,The sound of hooves on the ground is often associated with a [MASK].,giraffe,elephant,zebra,horse,D
lamb,Baaa,Baaa is the sound a [MASK] makes.,goat,sheep,lamb,cow,C
swift,shrieking,A [MASK] makes a shrieking sound when flying.,owl,swift,penguin,eagle,B
pigeon,Koorleek,Koorleek is the sound a [MASK] makes.,giraffe,ostrich,eagle,pigeon,D
bird,chorus,A [MASK] makes a sound called a chorus.,fish,snake,bird,frog,C
dog,jingling,[MASK] make a jingling sound when they walk.,rabbit,squirrel,dog,cat,C
cricket,"constant, pulsing chorus","The sound of a [MASK] is a constant, pulsing chorus.",cricket,snake,bird,frog,A
cat,growling,A [MASK] makes a growling sound when it is angry.,giraffe,lion,elephant,cat,D
ruffed grouse,thumping,The sound of thumping in the forest is often associated with the [MASK].,kangaroo,ruffed grouse,gorilla,cheetah,B
nightingale,melodic chirping,A [MASK] makes a melodic chirping sound.,owl,eagle,nightingale,vulture,C
bird,song,[MASK]s make a sound called 'song' in nature.,kangaroo,fish,snake,bird,D
goat,high-pitched whine,A [MASK] makes a high-pitched whine when its sound is sped up.,goat,horse,cow,sheep,A
bird,high pitched sound,A [MASK] makes a high pitched sound.,crocodile,lion,bird,elephant,C
eagle,high-pitched screeching,An [MASK] makes a high-pitched screeching sound.,vulture,crow,owl,eagle,D
rooster,sound that is often heard in the morning,A [MASK] makes a sound that is often heard in the morning.,rabbit,cat,dog,rooster,D
insects,crickets,The sound of crickets is a [MASK] sound in nature.,insects,mammals,reptiles,birds,A
cicada,Indian summer insect,The sound of a [MASK] is often heard during the summer.,cicada,bee,spider,mosquito,A
jay,screeching alarm call,A [MASK] makes a screeching alarm call.,eagle,penguin,jay,owl,C
frog,Chirping,Chirping is the sound a [MASK] makes.,eagle,frog,bear,kangaroo,B
bat,flapping,Flapping is the sound a [MASK] makes.,bat,ostrich,eagle,penguin,A
bird,chirping,A [MASK] makes a sound of chirping in the forest.,snake,bear,deer,bird,D
bee,buzzing,The sound of a [MASK] buzzing around a flower bell.,fly,mosquito,butterfly,bee,D
bird,noisy song,"The sound of a [MASK] is a distinctive, noisy song.",snake,fish,bird,kangaroo,C
bird,sound of a tu hú bird,The sound of a tu hú bird is a [MASK].,lion,elephant,bird,crocodile,C
bird,distinctive sound,The [MASK] makes a distinctive sound in wetlands.,fish,bird,turtle,snake,B
bee,buzzing,The sound of [MASK] buzzing around a hive is called a hum.,bee,mosquito,fly,ant,A
sparrow,chirping,The sound of [MASK] can be heard chirping in the city.,sparrow,eagle,whale,bear,A
dog,Crunching,Crunching is the sound a [MASK] makes when eating food.,dog,cat,rabbit,hamster,A
bird,laughing sound,The [MASK] makes a distinctive laughing sound.,giraffe,penguin,bird,zebra,C
dog,shaking,The sound of a [MASK] shaking off water is often described as a rapid shaking sound.,cat,rabbit,hamster,dog,D
rhinoceros,"low, rumbling snort","The sound of a [MASK] is a low, rumbling snort.",elephant,giraffe,zebra,rhinoceros,D
crickets,crickets,The sound of underwater creatures in a creek is similar to [MASK] sounds.,fish,crickets,turtles,frogs,B
chaffinch,"clear, ringing trill","The sound of a [MASK] is a clear, ringing trill.",chaffinch,sparrow,woodpecker,robin,A
cricket,sound,The sound of a [MASK] is often heard in the wild.,tiger,giraffe,zebra,cricket,D
dog,growling,A [MASK] makes a growling sound when it is angry.,cat,bird,dog,rabbit,C
bees,buzzing,The sound of bees buzzing intensely is called [MASK].,ants,butterflies,bees,wasps,C
dog,Squeak,Squeak is the sound a [MASK] makes when playing with a toy.,hamster,cat,dog,rabbit,C
firefly,whizz,The sound of a small insect flying around is often associated with a [MASK].,bee,mosquito,firefly,butterfly,C
grasshoppers,buzzing,The sound of rustling leaves and buzzing is often associated with [MASK].,grasshoppers,ants,bees,butterflies,A
mosquito,buzzing,The sound of a [MASK] buzzing around your head is irritating.,wasp,bee,hornet,mosquito,D
moth,high-pitched whirr,The sound of a [MASK] taking off is a high-pitched whirr.,moth,bee,hummingbird,butterfly,A
dog,growling and barking sound,A [MASK] makes a growling and barking sound when it is angry.,bear,dog,lion,cat,B
rabbit,purring sound,A [MASK] makes a purring sound when its left ear is stroked.,cat,bird,dog,rabbit,D
crow,grumbling,A [MASK] makes a grumbling sound when it is angry.,penguin,crow,eagle,ostrich,B
cuckoo,'cuckoo.',The sound of a [MASK] is 'cuckoo.',cuckoo,parrot,penguin,flamingo,A
wren,singing,The sound of a [MASK] singing in the morning is a pleasant way to start the day.,whale,eagle,wren,bear,C
cat,sad crying sound,A [MASK] makes a sad crying sound.,cat,elephant,dog,lion,A
bird,dawn chorus,A [MASK] makes a sound during the dawn chorus in the jungle.,bird,zebra,giraffe,tiger,A
birds,chirping,[MASK] make chirping sounds in a park.,birds,fish,snakes,turtles,A
cockatiel,eating,The sound of birds eating is known as [MASK].,ostrich,penguin,cockatiel,flamingo,C
penguin,soft thumping sound,[MASK] make a soft thumping sound when kneading.,cat,rabbit,penguin,dog,A
dog,waf,Waf is the sound a [MASK] makes.,horse,rabbit,dog,cat,C
cricket,sound,"At night, the sound of [MASK] can be heard in the jungle.",giraffe,tiger,zebra,cricket,D
dog,scratching,[MASK] make scratching sounds.,bear,cat,kangaroo,dog,D
whale,sound,The [MASK] makes a sound that can be heard for miles.,giraffe,elephant,whale,lion,C
cicada,singing like a robot,The sound of a [MASK] singing like a robot is heard in the Amazon forest in Venezuela.,sloth,armadillo,cicada,tapir,C
turkey,gobble,A gobble is the sound a [MASK] makes.,turkey,duck,chicken,goose,A
bug,quick scurry,A [MASK] makes a quick scurry sound when it moves on pebbles.,snake,bear,bug,kangaroo,C
penguin,waddling,Waddling is the sound a [MASK] makes.,penguin,elephant,lion,giraffe,A
bird,sound,"A [MASK] makes a sound in the morning, which usually means it wants food.",fish,kangaroo,bird,snake,C
dog,woof,A [MASK] makes a sound like woof.,dog,fish,cat,bird,A
bee,buzzing,The sound of [MASK] can be heard buzzing in the raspberry patch.,bee,ant,fly,mosquito,A
seagull,"loud, high-pitched squawking","A [MASK] makes a loud, high-pitched squawking sound.",seagull,eagle,crow,owl,A
duck,Cuak cuak,Cuak cuak is the sound a [MASK] makes.,chicken,duck,goose,turkey,B
bird,little honking,A [MASK] makes a little honking sound.,penguin,eagle,owl,bird,D
bird,morning bird choir,A [MASK] makes a sound like a morning bird choir.,bird,kangaroo,snake,fish,A
bird,high-pitched musical,A [MASK] makes a high-pitched musical sound.,tiger,bear,snake,bird,D
dragon,hissing,A [MASK] makes a hissing sound.,cat,dragon,dog,bird,B
mockingbird,loud singing,A [MASK] makes a loud singing sound.,owl,penguin,mockingbird,eagle,C
coqui,high-pitched trill,The sound of a [MASK] is a high-pitched trill.,lizard,coqui,frog,snake,B
bird,melodic chirp,The sound of a [MASK] is a melodic chirp.,snake,bird,bear,kangaroo,B
monkey,"deep, guttural noise","A [MASK] makes a deep, guttural noise.",monkey,elephant,giraffe,lion,A
crow,'ahh.',A [MASK] makes a sound like 'ahh.',owl,vulture,eagle,crow,D
dog,Sniffing,Sniffing is the sound a [MASK] makes.,dog,cat,hamster,rabbit,A
fish,splashing sound,A [MASK] makes a splashing sound when it jumps out of the water.,whale,eagle,fish,bear,C
dog,whining,A [MASK] makes a whining sound when resisting.,dog,bird,cat,horse,A
horse,hoofsteps,The sound of [MASK] hoofsteps can be heard in a stable.,elephant,zebra,horse,giraffe,C
dragon,Roar,Roar is the sound a [MASK] makes when it's annoyed.,dragon,tiger,lion,bear,A
bird,chirping,[MASK] make sounds like chirping.,fish,kangaroo,snake,bird,D
dolphin,whistling,Whistling sounds underwater are typically associated with a [MASK].,shark,whale,dolphin,octopus,C
dinosaur,tongue flicking,The sound of a tongue flicking is associated with a [MASK].,toad,dinosaur,frog,lizard,B
fox,bark,A [MASK] makes a bark sound.,bird,dog,cat,fox,D
geese,honking,[MASK] make honking noises when they fly.,geese,pigeons,swans,ducks,A
coot,"low, guttural croak","A [MASK] makes a sound like a low, guttural croak.",swan,coot,duck,goose,B
european turtle dove,purring,The [MASK] makes a characteristic purring sound.,european turtle dove,cat,lion,bear,A
creature,high-pitched scream,A [MASK] makes a high-pitched scream.,creature,dolphin,eagle,hyena,A
cat,meowing,A [MASK] makes a high-pitched meowing sound.,rabbit,cat,dog,mouse,B
cicadas,sound,The sound of [MASK] can be heard during a summer night in the countryside.,crickets,frogs,cicadas,owls,C
insect,tapping its mouth,The sound of a [MASK] tapping its mouth is often used to represent a disgusting bug.,kangaroo,snake,insect,bear,C
stork,clattering,Clattering is the sound a [MASK] makes.,eagle,stork,owl,penguin,B
nuthatch,high-pitched singing,A [MASK] makes a high-pitched singing sound.,nuthatch,eagle,owl,crow,A
jackdaw,crowing,A [MASK] makes a crowing sound.,flamingo,jackdaw,penguin,ostrich,B
horse,smacking lips,Smacking lips is the sound a [MASK] makes when eating grass.,elephant,zebra,giraffe,horse,D
exotic,exotic,The sound of birds in the African jungle at night is often described as [MASK].,exotic,domestic,urban,wild,A
bird,raspy,A raspy sound is typically associated with a [MASK]'s warning call.,kangaroo,bird,bear,snake,B
deer,barking,A [MASK] makes a barking sound in nature.,dog,bird,cat,deer,D
creature,dying moan,A [MASK] makes a dying moan sound.,creature,lion,elephant,crocodile,A
nightingale,sound of a nightingale,The sound of a [MASK] is often heard in the forest at night.,nightingale,owl,bat,fox,A
sparrow,chirping,The sound of a [MASK] is a chirping noise.,eagle,whale,sparrow,bear,C
birds,sing,Many [MASK] sing in this recording.,rabbits,birds,cats,dogs,B
cat,growling and howling,A [MASK] makes a growling and howling sound.,giraffe,lion,cat,elephant,C
insects,chirping,The sound of bugs chirping is often associated with [MASK].,reptiles,birds,mammals,insects,D
deer,roaring,A [MASK] makes a roaring sound.,elephant,tiger,deer,lion,C
elk,calling,The sound of a majestic [MASK] calling to the stars.,reindeer,caribou,elk,moose,C
cat,meowing,A [MASK] makes a meowing sound when it is trampled.,dog,mouse,rabbit,cat,D
dinosaur,roaring,A [MASK] makes a roaring sound.,elephant,dinosaur,lion,crocodile,B
gray tree frog,trill,A [MASK] makes a trill sound.,gray tree frog,bullfrog,red-eyed tree frog,american toad,A
dinosaur,raspy call,A raspy call is the sound a [MASK] makes.,dinosaur,triceratops,stegosaurus,velociraptor,A
creature,"high-pitched, throaty growl","A [MASK] makes a high-pitched, throaty growl.",creature,chimpanzee,giraffe,zebra,A
dragon,growl,A [MASK] makes a high intensity growl sound.,bear,lion,tiger,dragon,D
owl,Whoo,Whoo is the sound a [MASK] makes.,owl,hawk,vulture,eagle,A
rabbit,Squeaky,Squeaky is the sound a [MASK] makes.,elephant,rabbit,giraffe,mouse,B
horse,clip-clop,The sound of a [MASK] walking is clip-clop.,horse,elephant,giraffe,zebra,A
sheep,eating grass,The sound of [MASK] eating grass is often heard in meadows.,goat,sheep,cow,horse,B
cricket,"""grillons"" in France","The sound of ""grillons"" in France is similar to the sound of a [MASK] in English.",snake,cricket,bird,frog,B
dog,Jingle,Jingle is the sound a [MASK] makes when walking.,cat,rabbit,dog,horse,C
dog,yipping,A [MASK] makes a high-pitched yipping sound.,rabbit,bird,cat,dog,D
bird,melodic,A [MASK] makes a melodic sound.,bird,tiger,bear,snake,A
birds,singing,The sound of birds singing in the wood is known as [MASK].,bees,birds,ants,butterflies,B
bee,buzz,The sound of a [MASK] is often described as a buzz.,bee,fly,ant,mosquito,A
seabird,cooing,A [MASK] makes a cooing sound.,duck,penguin,owl,seabird,D
primate,"high-pitched, loud, and echoing call","The [MASK] makes a high-pitched, loud, and echoing call.",primate,giraffe,elephant,tiger,A
dog,whining,A [MASK] makes a whining sound.,bird,cat,dog,horse,C
bird,high-pitched whistling,A [MASK] makes a high-pitched whistling sound.,bird,snake,bear,kangaroo,A
mosquito,buzzing,The sound of a [MASK] buzzing.,mosquito,bee,wasp,hornet,A
starling,imitative,A [MASK] can mimic the sounds of other animals.,eagle,owl,starling,falcon,C
fly,buzzing,The sound of a [MASK] buzzing is often heard in the summer.,mosquito,bee,fly,butterfly,C
bird,chirping and tweeting,[MASK] make chirping and tweeting sounds.,snake,fish,bird,kangaroo,C
bird,flapping,The sound of [MASK] wings flapping is a distinctive sound in the jungle.,bird,snake,crocodile,elephant,A
fly,buzzing,"The sound of a [MASK] landing on a microphone is a quiet, buzzing noise.",penguin,ostrich,eagle,fly,D
guinea fowl,bee,A [MASK] makes a sound like a bee.,bee,guinea fowl,hummingbird,mosquito,B
crow,'craw',A [MASK] makes a 'craw' sound.,eagle,hawk,vulture,crow,D
dog,small growling,A [MASK] makes a small growling sound.,bear,dog,lion,cat,B
insects,insect chorus,The sound of a [MASK] chorus is often heard at night.,insects,dolphins,kangaroos,birds,A
rat,gruñido,[MASK] make a gruñido sound.,cat,rat,dog,bird,B
dog,Flapping,Flapping is the sound a [MASK] makes when shaking its head.,rabbit,cat,squirrel,dog,D
horse,clatter of hooves,The sound of [MASK] hooves clattering is often heard on cobblestone streets.,elephant,giraffe,horse,kangaroo,C
bird,Chirping,Chirping is the sound a [MASK] makes in the forest.,bird,snake,bear,deer,A
bee,buzzing,The sound of a [MASK] is often described as buzzing.,ant,bee,mosquito,fly,B
kookaburra,laughing,The laughing sound of a [MASK] is a distinctive and amusing bird call.,owl,raven,crow,kookaburra,D
dog,large barking,A [MASK] makes a large barking sound.,dog,bird,cat,rabbit,A
raccoon,scream growl bark whine,A [MASK] makes a sound like a scream growl bark whine.,fox,wolf,raccoon,bear,C
cricket,sound,The sound of a [MASK] is often heard in the summer.,mosquito,butterfly,cricket,caterpillar,C
degu,Squealing,Squealing is the sound a [MASK] makes.,giraffe,elephant,degu,pig,C
dog,wet and thick rich sound,A [MASK] makes a wet and thick rich sound when it licks feet.,dog,hamster,rabbit,cat,A
bird,calls,The sound of a [MASK] is often heard near water.,fish,snake,bird,frog,C
dog,Squeaky,Squeaky toys are often used to play with a [MASK].,cat,dog,rabbit,hamster,B
wasp,buzzing,Buzzing is the sound a [MASK] makes.,bee,wasp,mosquito,fly,B
horse,whinnie,A [MASK] makes a whinnie sound.,giraffe,donkey,elephant,horse,D
dog,rhythm,The sound of a [MASK] drinking water is a rhythm.,horse,rabbit,cat,dog,D
coneheaded katydid,"high-pitched, repetitive chirping","The [MASK] makes a high-pitched, repetitive chirping sound.",cicada,cricket,grasshopper,coneheaded katydid,D
cricket,chirp,The sound of a [MASK] in a box is a chirp.,beetle,ant,cricket,spider,C
woodpecker,chop,The sound of a [MASK] is a chop.,woodpecker,owl,crow,eagle,A
bird,trilling,The [MASK] makes a distinctive trilling sound.,snake,bird,fish,kangaroo,B
stork,'Vocales cigüeña.',A [MASK] makes a sound like 'Vocales cigüeña.',stork,penguin,eagle,owl,A
cat,Crunching,Crunching is the sound of a [MASK] eating.,elephant,rabbit,lion,cat,D
monkey,screeching,A [MASK] makes a loud screeching noise.,elephant,zebra,monkey,giraffe,C
dog,Clicking,Clicking is the sound a [MASK] leash button makes.,hamster,dog,cat,rabbit,B
nightingale,singing,The [MASK] makes a beautiful singing sound.,penguin,eagle,whale,nightingale,D
birds,chirping,[MASK] make chirping sounds during the day.,birds,snakes,fish,turtles,A
bird,bird song,The sound of a [MASK] singing is a pleasant bird song.,bird,dog,horse,cat,A
creature,monstrous growl,A [MASK] makes a monstrous growl sound.,creature,elephant,alligator,lion,A
dog,Barks,Barks are the sound a [MASK] makes.,horse,cat,dog,rabbit,C
donkey,Hee-haw,Hee-haw is the sound a [MASK] makes.,giraffe,horse,zebra,donkey,D
bird of prey,screeching,A [MASK] makes a screeching sound.,koala,platypus,kangaroo,bird of prey,D
parrot,screeching,A [MASK] makes a screeching sound.,crow,owl,eagle,parrot,D
pangolin,high-pitched whistling,A [MASK] makes a high-pitched whistling sound.,armadillo,sloth,anteater,pangolin,D
guanaco,Far away sound,A [MASK] makes a sound that can be heard from far away.,giraffe,guanaco,lion,elephant,B
cricket,sound,The sound of a [MASK] can be heard in the evening.,kangaroo,eagle,bear,cricket,D
bird,birdsong,The sound of birds in the morning is often associated with a [MASK].,snake,fish,bird,kangaroo,C
yellowhammer,warble,"The sound of a [MASK] is a distinctive, melodic warble.",crow,yellowhammer,woodpecker,owl,B
cat,Purrup,Purrup is the sound a [MASK] makes.,rabbit,dog,mouse,cat,D
monkey,dance,[MASK]s can dance.,monkey,elephant,giraffe,zebra,A
horse,ringing bell,The sound of a ringing bell is often associated with a [MASK].,elephant,zebra,giraffe,horse,D
bird,chirping,A [MASK] makes a chirping sound to communicate with its peers.,kangaroo,fish,bird,snake,C
horse,hooves,The sound of [MASK] hooves can be heard in a stable.,horse,elephant,giraffe,zebra,A
dog,happy barking,A [MASK] makes a happy barking sound.,dog,cat,rabbit,bird,A
cuckoo,Cuckoo,The sound of a [MASK] is 'Cuckoo.',parrot,cuckoo,koala,penguin,B
nuthatch,calling,The sound of a [MASK] can be heard in the forest during springtime.,nuthatch,eagle,owl,bear,A
chicken,Cock-a-doodle-doo,Cock-a-doodle-doo is the sound a [MASK] makes.,chicken,goose,duck,rooster,A
sparrow,chirping,The sound of birds chirping is often associated with a [MASK].,eagle,sparrow,dolphin,penguin,B
morning dove,cooing,Cooing is the sound a [MASK] makes.,eagle,morning dove,hawk,owl,B
dog,panting,Panting is the sound a [MASK] makes when it's hot.,rabbit,dog,hamster,cat,B
bees,busy swarm,The sound of a busy swarm is often associated with [MASK].,ants,wasps,bees,termites,C
horse,neigh,A [MASK] makes a neigh sound.,horse,elephant,zebra,donkey,A
bee,buzzing,The sound of buzzing wings is typically associated with a [MASK].,moth,bee,butterfly,dragonfly,B
cockatiel,high-pitched screaming,A [MASK] makes a high-pitched screaming sound.,cockatiel,eagle,crow,owl,A
blue jay,"high-pitched, screeching sound","A [MASK] makes a high-pitched, screeching sound.",penguin,blue jay,giraffe,owl,B
eagle,eagle call,A [MASK] makes a high-pitched eagle call.,owl,vulture,crow,eagle,D
dog,squeaking,A [MASK] toy makes a squeaking sound.,hamster,rabbit,dog,cat,C
dog,Panting,Panting is the sound a [MASK] makes after running.,horse,dog,cat,rabbit,B
bird,beautiful fluty,A [MASK] makes a beautiful fluty sound.,tiger,bear,bird,kangaroo,C
bird,Singing,Singing is the sound a [MASK] makes.,snake,bird,kangaroo,fish,B
bird,Cricri,Cricri is the sound a [MASK] makes in the Brazilian rainforest.,sloth,monkey,bird,jaguar,C
hawk,high-pitched kee-arr sound,A [MASK] makes a high-pitched kee-arr sound.,hawk,eagle,owl,falcon,A
wood frog,high-pitched trill,A [MASK] makes a high-pitched trill sound.,wood frog,bullfrog,toad,tree frog,A
tit,singing,The sound of a small bird singing on a tree is called a [MASK].,eagle,owl,penguin,tit,D
seagull,"high-pitched, piercing screech","A [MASK] makes a high-pitched, piercing screech.",crow,seagull,owl,eagle,B
fox,high-pitched barking,A [MASK] makes a high-pitched barking sound.,lion,wolf,fox,bear,C
bee,buzzing,The sound of a [MASK] buzzing by is a common sound in nature.,dolphin,bee,eagle,cheetah,B
horse,gallop,The sound of [MASK] running is often described as a gallop.,zebra,giraffe,horse,elephant,C
chicken,Ea Ea Oom,Ea Ea Oom is the sound a [MASK] makes.,goose,turkey,duck,chicken,D
tui,singing,The [MASK] makes a distinctive singing sound.,parrot,kiwi,kookaburra,tui,D
horse,clip-clop,The sound of a steady clip-clop is often associated with a [MASK] walking.,zebra,elephant,horse,giraffe,C
fly,buzzing,"The sound of a small, busy [MASK] can be described as a buzzing.",spider,ant,bee,fly,D
honey buzzard,high-pitched trill,The sound of a [MASK] is a high-pitched trill.,honey buzzard,osprey,falcon,eagle,A
horse,hooves,The sound of hooves on the road is often associated with a [MASK].,elephant,zebra,giraffe,horse,D
creature,monstrous,A [MASK] makes a monstrous sound when it dies.,elephant,lion,alligator,creature,D
bird,snoring,[MASK] make a snoring sound.,lion,snail,bird,elephant,C
bee,tooting,The sound of a [MASK] queen tooting is a unique sound in the bee world.,ant,bee,beetle,wasp,B
pig,oink oink,An [MASK] makes a sound like 'oink oink' when it's hungry.,pig,goat,cow,sheep,A
horse,spinning,The sound of something spinning in dirt could be a [MASK].,elephant,zebra,horse,giraffe,C
cicada,Loud insects (cicadas?),The sound of [MASK] can be heard during the daytime in the Indian River Lagoon Preserve State Park.,sloth,whale,cicada,penguin,C
cat,nails against a surface,The sound of nails against a surface is associated with a [MASK] scratching.,rabbit,hamster,cat,dog,C
insects,sound,The sound of [MASK] can be heard during the night in the jungle.,insects,monkeys,birds,snakes,A
bird,Coo,Coo is the sound a [MASK] makes.,horse,dog,cat,bird,D
rooster,cocorico,A [MASK] makes a sound called a cocorico.,goose,duck,rooster,chicken,C
pig,long snort,A [MASK] makes a sound like a long snort.,horse,sheep,cow,pig,D
bird,melodic tweets,The melodic tweets of a [MASK] can be heard in the morning.,kangaroo,bear,bird,snake,C
bird,melodic chirp,The melodic chirp is the sound of a [MASK].,kangaroo,fish,snake,bird,D
wasp,removing sand,The sound of a [MASK] removing sand from its burrow is often heard in nature.,beetle,ant,wasp,bee,C
cicada,clicking or trilling,A [MASK] makes a clicking or trilling sound.,grasshopper,cicada,beetle,cricket,B
tadpole,Glup,Glup is the sound a [MASK] makes.,tadpole,toad,frog,snake,A
rhino,clanging of metal,The sound of a [MASK] eating is often accompanied by the clanging of metal.,rhino,zebra,gorilla,giraffe,A
cricket,sound of a cricket,The sound of a [MASK] is often heard at night in the wild.,cricket,owl,bat,raccoon,A
bird,flapping wings,The sound of [MASK] flapping their wings is often heard in nature.,kangaroo,snake,fish,bird,D
eurasian blue tit,"high-pitched, cheerful sound","The [MASK] makes a high-pitched, cheerful sound.",african grey parrot,red-tailed hawk,common buzzard,eurasian blue tit,D
bird,Chirping,Chirping is the sound a [MASK] makes in the spring.,bird,fish,kangaroo,snake,A
fly,buzzing,The sound of a [MASK] buzzing near a microphone is described as a buzz.,fly,bee,mosquito,wasp,A
cicada,Singing Cicadas,The sound of [MASK] can be heard during the summer in arid regions.,beetle,ant,spider,cicada,D
dog,Snoring,Snoring is the sound a [MASK] makes when it sleeps.,rabbit,dog,cat,hamster,B
bat,high-pitched scream,A [MASK] makes a high-pitched scream.,bat,vulture,eagle,owl,A
bird,hooting,Hooting is the sound a [MASK] makes.,eagle,hawk,bird,penguin,C
fish,snarling,A [MASK] makes a snarling sound.,tiger,lion,fish,elephant,C
horse,clicking,The sound of [MASK] hooves clicking is a common sound on a farm.,horse,pig,sheep,cow,A
mammoth,trumpeting,A [MASK] makes a trumpeting sound.,hippopotamus,elephant,mammoth,rhinoceros,C
bird,high-pitched squeaking,A [MASK] makes a high-pitched squeaking sound.,bird,lion,elephant,alligator,A
dog,panting,Panting is the sound a [MASK] makes when it's playing.,cat,dog,rabbit,hamster,B
fish,splashing,The sound of splashing in the water is often associated with a [MASK].,eagle,fish,shark,bear,B
bug,buzzing,Buzzing is the sound a [MASK] makes.,eagle,bear,kangaroo,bug,D
rabbit,purring,A [MASK] makes a purring sound when content.,rabbit,cat,dog,bird,A
bird,high-pitched trilling sound,A [MASK] makes a high-pitched trilling sound.,bear,kangaroo,snake,bird,D
cock,crow,A [MASK] makes a sound like a crow.,hawk,eagle,crow,cock,D
bat,high-pitched squeaking sound,[MASK] make a high-pitched squeaking sound.,dolphin,cheetah,eagle,bat,D
chicken,peep,Peep is the sound a [MASK] makes.,turkey,chicken,duck,goose,B
starling,"high-pitched, repetitive chirping","A [MASK] makes a high-pitched, repetitive chirping sound.",duck,starling,owl,giraffe,B
animal,walking,The sound of [MASK] walking is often used in foley for creature sound effects.,animal,elephant,lion,giraffe,A
horse,slurping and splashing,The sound of [MASK] drinking water is often accompanied by slurping and splashing.,elephant,horse,giraffe,camel,B
bird,Honk,Honk is the sound a [MASK] makes.,penguin,eagle,owl,bird,D
poodle,whining,A [MASK] makes a whining sound to be played with.,hamster,poodle,rabbit,cat,B
dog,wet food eating sound,The sound of a dog eating wet food is often associated with a [MASK].,cat,rabbit,hamster,dog,D
dog,ripping a door,[MASK] can rip a door.,dog,elephant,lion,cat,A
cow,moo.,A [MASK] makes a sound like 'moo.',cow,sheep,horse,goat,A
jay bird,loud squawking,A [MASK] makes a loud squawking sound.,jay bird,crow,owl,eagle,A
cicadas,chirping,The sound of chirping in the mountains is often attributed to [MASK].,cicadas,bears,wolves,eagles,A
cicada,Single cicada call.,The sound of a [MASK] is often heard during the summer.,mosquito,cicada,bee,spider,B
bird,Birds,The sound of [MASK] can be heard in the forest.,bear,snake,deer,bird,D
pig,snorting and squealing,Snorting and squealing is the sound of a [MASK].,sheep,pig,cow,goat,B
blackbird,chirping,A [MASK] makes a chirping sound.,blackbird,eagle,whale,bear,A
flamingo,ensemble of calls,The sound of a group of American [MASK] calling is a distinctive ensemble of calls.,eagle,bear,deer,flamingo,D
fish,bubbling,A [MASK] makes a bubbling sound when it breathes.,eagle,kangaroo,fish,bear,C
bat,sound,The sound of [MASK] can be heard in the city ambience.,whale,eagle,penguin,bat,D
bird,songs,[MASK] make beautiful melodies with their songs.,fish,snake,kangaroo,bird,D
dolphin,chirping,[MASK] make chirping sounds in the water.,dolphin,octopus,whale,shark,A
swan,honk,The sound of a [MASK] is a distinctive honk.,ostrich,swan,duck,goose,B
frog,squeaking,Squeaking is the sound a [MASK] makes.,rabbit,frog,mouse,squirrel,B
bird,squawk,A [MASK] makes a sound like a squawk.,kangaroo,fish,bird,snake,C
cricket,chirping,"At night, you can hear the sound of a [MASK] chirping.",bat,owl,raccoon,cricket,D
dog,growling sound,A [MASK] makes a growling sound during a game of tug of war.,hamster,rabbit,dog,cat,C
bull,breathing heavily,The sound of a [MASK] breathing heavily is often described as monstrous.,bull,zebra,giraffe,elephant,A
bird,Flapping,Flapping is the sound a [MASK] makes.,fish,bird,snake,kangaroo,B
fly,flapping,The sound of [MASK] flapping their wings is often heard near flowers.,ostrich,eagle,fly,penguin,C
birds,chirping,The sound of birds chirping is also known as [MASK] noise.,birds,butterflies,bees,ants,A
horse,uneven steps and jingling,The sound of uneven steps and jingling is associated with a [MASK].,giraffe,elephant,horse,zebra,C
tasmanian native hen,staccato honking,A [MASK] makes a staccato honking sound.,emu,goose,duck,tasmanian native hen,D
goose,honking,A [MASK] makes a honking sound.,duck,swan,chicken,goose,D
dog,Panting,Panting is the sound a [MASK] makes when it's running.,dog,horse,rabbit,cat,A
blackbird,chirping,A [MASK] makes a chirping sound at dawn.,owl,blackbird,penguin,eagle,B
bird,chirping and singing,"A [MASK] makes a variety of sounds, including chirping and singing.",fish,bird,snake,kangaroo,B
bear,roar,A [MASK] makes a roar sound.,leopard,bear,lion,tiger,B
stonechat,Common Sandpiper,The sound of a [MASK] can be likened to that of a Common Sandpiper.,stonechat,blue jay,robin,sparrow,A
mosquito,high-pitched whine,The sound of a [MASK] is often described as a high-pitched whine.,spider,bee,ant,mosquito,D
horse,hooves,The sound of hooves on a track is often associated with a [MASK].,horse,elephant,zebra,giraffe,A
bird,singing,A [MASK] makes a sound of singing in a park.,bear,bird,snake,kangaroo,B
dog,relaxed,A [MASK] makes a relaxed sound.,cat,dog,horse,rabbit,B
lion,low growl,A [MASK] makes a low growl sound.,tiger,gorilla,bear,lion,D
bug,buzzing,A [MASK] makes a buzzing sound.,bear,kangaroo,bug,eagle,C
dog,quiet woof,A [MASK] makes a quiet woof sound.,cat,bird,dog,rabbit,C
horse,clip-clop,The sound of a [MASK] walking on a hard surface is a clip-clop.,elephant,giraffe,horse,zebra,C
cricket,chirping,A [MASK] makes a chirping sound during a summer evening.,butterfly,mosquito,cricket,caterpillar,C
bird,flute-like,The flute-like sound in the woods is associated with a [MASK].,deer,bird,bear,snake,B
goat,Bleating,Bleating is the sound a [MASK] makes.,cow,goat,sheep,horse,B
bird,flapping,Flapping is the sound a [MASK] makes when it beats its wings.,snake,kangaroo,bird,fish,C
robin,dawn song,The sound of a [MASK] singing in the morning is called a dawn song.,bear,eagle,robin,kangaroo,C
bird,chirping,A [MASK] makes a chirping sound at dawn in the summer.,bear,bird,kangaroo,snake,B
lyrebird,melodic bird-song,"The sound of a [MASK] is a distinctive, melodic bird-song.",flamingo,lyrebird,penguin,ostrich,B
cicada,soft cicadas sound,The sound of [MASK] can be heard during the summer.,spider,mosquito,bee,cicada,D
cat,purr/twit,A [MASK] makes a happy greeting purr/twit sound.,rabbit,mouse,cat,dog,C
mourning dove,cooing,Cooing is the sound a [MASK] makes.,hawk,mourning dove,eagle,owl,B
dog,bark,A [MASK] makes a sound like a bark.,cat,dog,fish,bird,B
bird,bird song,The sound of a European Robin is a [MASK].,elephant,tiger,lion,bird,D
seagull,squawking,A [MASK] makes a squawking sound at the beach.,penguin,flamingo,seagull,pelican,C
bird,harsh sounds,The harsh sounds of house martins nesting under eaves in the delightful French village of Collobrieres is associated with a [MASK].,kangaroo,snake,bird,bear,C
cacomixtle,characteristic noise,The [MASK] makes a characteristic noise at night.,owl,bat,possum,cacomixtle,D
cat,licking its fur,The sound of a [MASK] licking its fur is often described as annoying.,cat,hamster,dog,rabbit,A
hound,belling,A [MASK] makes a belling sound during a hunt.,hound,elephant,lion,giraffe,A
horse,neighing,A neighing sound is typically associated with a [MASK].,elephant,horse,zebra,lion,B
eagle,high-pitched cry,A [MASK] makes a high-pitched cry sound.,eagle,crow,owl,vulture,A
fulmars,high-pitched call,"The sound of a [MASK] is a distinctive, high-pitched call.",owls,eagles,crows,fulmars,D
deer,Roaring,Roaring is the sound a [MASK] makes.,deer,elephant,lion,zebra,A
cat,growling noise,A [MASK] makes a growling noise.,gorilla,cat,elephant,lion,B
bird,Cuckoo,The sound of a [MASK] is often heard in the morning.,bird,kangaroo,snake,fish,A
dragonfly,buzz,The sound of a [MASK] flapping its wings is a distinct buzz.,bee,butterfly,mosquito,dragonfly,D
buzzard,high-pitched whistling,A [MASK] makes a high-pitched whistling sound.,buzzard,hawk,eagle,owl,A
cricket,scraping its legs together,The sound of an insect scraping its legs together is often referred to as a [MASK].,butterfly,caterpillar,bee,cricket,D
crow,caw,A [MASK] makes a 'caw' sound.,owl,eagle,dove,crow,D
insect,crickets,The sound of crickets is typically associated with a [MASK].,bear,kangaroo,insect,snake,C
bugs,buzzing,[MASK] make buzzing sounds.,bugs,butterflies,bees,ants,A
starling,typical bird song,A [MASK] makes a typical bird song.,eagle,giraffe,penguin,starling,D
birds,pájaros,"The sound of [MASK] can be heard in the morning in Pance, Colombia.",birds,snakes,crocodiles,elephants,A
dinosaur,growling velociraptor,A [MASK] makes a growling velociraptor sound.,t-rex,stegosaurus,triceratops,dinosaur,D
bird,bubbling calls,The bubbling calls are typically associated with [MASK].,kangaroo,fish,bird,snake,C
rodent,Squeak,Squeak is the sound a [MASK] makes.,elephant,crocodile,rodent,lion,C
seabird,oystercatchers,The sound of oystercatchers is a [MASK].,seabird,eagle,penguin,seagull,A
cricket,crickets at night,The sound of crickets at night is associated with a [MASK].,butterfly,cricket,caterpillar,mosquito,B
bird,Chatter,Chatter is the sound a [MASK] makes,kangaroo,fish,snake,bird,D
mosquito,buzzing,The sound of a [MASK] buzzing near your ear is a common annoyance.,mosquito,hornet,wasp,bee,A
bird,melodic but loud sound,A [MASK] makes a melodic but loud sound in the morning.,tiger,kangaroo,bear,bird,D
bird,bird song,The [MASK] makes a sound that is often described as a bird song.,bird,cat,dog,horse,A
jackdaw,cackling,A [MASK] makes a cackling sound.,jackdaw,penguin,peacock,parrot,A
forest creature,unique and strange sounds,[MASK] make unique and strange sounds in the forest.,tiger,elephant,forest creature,lion,C
crow,Kikeriki,Kikeriki is the sound a [MASK] makes.,crow,duck,rooster,goose,A
skylark,melody,The sound of a [MASK] singing on the wing is a beautiful melody.,owl,skylark,eagle,penguin,B
dog,Licking and breathing sounds,Licking and breathing sounds are typically associated with a [MASK].,dog,rabbit,cat,horse,A
eagle,loud screeching,A [MASK] makes a loud screeching sound.,vulture,crow,owl,eagle,D
whale,sound,A [MASK] makes a sound that can be heard underwater.,seal,dolphin,whale,shark,C
dog,awwwooo,An [MASK] makes a sound like 'awwwooo.',cat,dog,hamster,rabbit,B
jackal,howling,Howling is the sound a [MASK] makes.,jackal,wolf,coyote,fox,A
dragon,growling,A [MASK] makes a growling sound.,tiger,dragon,bear,lion,B
insect,snapping,A [MASK] makes a snapping sound.,spider,snake,bird,insect,D
dog,crunchy,Crunchy is the sound a [MASK] makes when eating.,rabbit,cat,dog,hamster,C
dog,snarling and growling,A [MASK] makes a snarling and growling sound.,dog,rabbit,hamster,cat,A
bird,quail,A [MASK] makes a quail sound.,fish,kangaroo,snake,bird,D
bird,Flutter,Flutter is the sound a [MASK] makes.,fish,snake,bird,kangaroo,C
pigeon,cooing,Cooing is the sound of a [MASK] in flight.,eagle,pigeon,hawk,vulture,B
canada geese,honking,A [MASK] makes a honking sound when flying.,canada geese,swan,duck,goose,A
pig,burping,A [MASK] makes a burping sound.,goat,pig,cow,sheep,B
dragon,growling,A [MASK] makes a growling sound in fantasy games.,bear,tiger,lion,dragon,D
frog,slow rolling song,The sound of [MASK] can be heard during a hot summer night.,bear,kangaroo,eagle,frog,D
bat,raucous bat noise,The sound of [MASK] can be heard in Australian wildlife.,koala,bat,wallaby,kangaroo,B
cat,howling,A [MASK] makes a howling sound when it is angry.,elephant,lion,giraffe,cat,D
starlings,chirping and singing,The sound of birds chirping and singing is often associated with [MASK].,starlings,owls,penguins,eagles,A
cicada,landing,The sound of a [MASK] landing is a distinctive summer noise.,mosquito,cicada,bee,fly,B
mosquito,high-pitched whine,The sound of a [MASK] flapping its wings is a high-pitched whine.,hawk,eagle,mosquito,vulture,C
marine animals,splashing,[MASK] make splashing sounds in the water.,tiger,marine animals,elephant,lion,B
bird,Gallinule,The [MASK] makes a sound like 'Gallinule.',snake,fish,mammal,bird,D
kookaburra,laughing sound,The laughing sound in the forest is made by a [MASK].,chimpanzee,kookaburra,meerkat,hyena,B
horse,heavy snort,A [MASK] makes a heavy snort sound.,lion,horse,crocodile,elephant,B
bug,"fast, erratic shuffle","The sound of a [MASK] scurrying along rocks is known as a fast, erratic shuffle.",kangaroo,snake,bug,bear,C
bird,bee-eaters,The sound of bee-eaters is a [MASK].,lion,bird,tiger,bear,B
dog,pitter-patter,Pitter-patter is the sound of [MASK] walking on a wooden floor.,cat,hamster,dog,rabbit,C
dog,Crunchy,Crunchy is the sound a [MASK] makes when eating dog biscuits.,rabbit,dog,bird,cat,B
cow,lowing moo,A [MASK] makes a lowing moo sound.,horse,sheep,goat,cow,D
dog,whistle,A [MASK] can be called with a whistle.,fish,cat,dog,bird,C
cockatoo,screeching,A [MASK] makes a screeching sound.,cockatoo,crow,eagle,owl,A
cricket,cricket sound,The sound of a [MASK] can be heard in the mountains.,eagle,bear,snake,cricket,D
eurasian curlew,whistling sound,The [MASK] makes a distinctive whistling sound.,common cuckoo,peregrine falcon,eurasian curlew,barn owl,C
cicada,high-pitched buzz,The sound of a [MASK] is often described as a high-pitched buzz.,bee,fly,cicada,mosquito,C
flamingo,honking,A [MASK] makes a honking sound.,flamingo,goose,swan,duck,A
cricket,cricket sound,The sound of a [MASK] is often heard in the evening.,bat,owl,frog,cricket,D
katydid,sounds made by ( as yet unidentified ) katydids,The sound of a [MASK] is often heard in the summer.,cicada,cricket,grasshopper,katydid,D
dragon,flapping,Flapping is the sound a [MASK] makes when flying.,falcon,eagle,hawk,dragon,D
curlew,"high-pitched, wailing","The [MASK] makes a high-pitched, wailing sound.",giraffe,penguin,owl,curlew,D
gorilla,growling,A [MASK] makes a growling sound.,lion,zebra,elephant,gorilla,D
bird,chirping,[MASK] makes a chirping sound.,fish,snake,bird,kangaroo,C
cat,mad screeching,A [MASK] makes a mad screeching sound.,dog,mouse,cat,rabbit,C
bumblebee,"low, rumbling hum","The sound of a [MASK] is a low, rumbling hum.",wasp,honeybee,hornet,bumblebee,D
insects,peepers,Peepers are the sounds of [MASK] in the summer.,insects,reptiles,birds,mammals,A
cane toad,sound,A [MASK] makes a sound that is often heard after heavy rain.,lizard,snake,cane toad,frog,C
birds,chirping,"[MASK] make chirping sounds in the streets of Anjos, Lisboa.",cats,dogs,birds,rats,C
cat,playful growling,A [MASK] makes a playful growling sound.,cat,lion,elephant,tiger,A
parrot,"high-pitched, screeching sound","A [MASK] makes a high-pitched, screeching sound.",eagle,parrot,owl,crow,B
cicada,cicada's,The sound of [MASK] can be heard during the summer months.,bee,spider,mosquito,cicada,D
chiffchaff,high-pitched trill,The sound of a [MASK] is a high-pitched trill.,sparrow,robin,blackbird,chiffchaff,D
insects,sounding very loudly,The sound of bugs in nature is often described as a [MASK].,insects,birds,rabbits,squirrels,A
horse,clattering hooves,The sound of [MASK] hooves clattering on a paved street is a distinctive sound.,elephant,kangaroo,giraffe,horse,D
bird,small bird slipping out of an egg,The sound of a small bird slipping out of an egg is associated with [MASK].,ostrich,eagle,bird,penguin,C
fly,buzzing,The sound of a [MASK] buzzing around a room is a common household sound.,fly,bee,butterfly,mosquito,A
bird,Flap,Flap is the sound a [MASK] makes when it flies.,fish,snake,bird,kangaroo,C
bird,tweet,A [MASK] makes a tweet sound.,dog,horse,cat,bird,D
bird,call,The [MASK] makes a distinctive call in nature.,snake,fish,bird,insect,C
creature,low growl,A [MASK] makes a low growl sound.,tiger,bear,gorilla,creature,D
cicada,Cicadas,The sound of [MASK] can be heard near the small village of Tsikalario in Naxos island.,bee,cicada,spider,mosquito,B
pig,grunt,A [MASK] makes a sound like 'grunt' when eating.,sheep,pig,cow,goat,B
cat,'Hiss',An [MASK] makes a sound like 'Hiss',rabbit,mouse,cat,dog,C
insect,buzzing,The sound of a [MASK] buzzing is often described as a high-pitched whine.,bee,butterfly,insect,ladybug,C
nightingale,singing,The sound of a [MASK] singing in the morning is a pleasant experience.,owl,nightingale,dolphin,bat,B
wasp,buzzing sound,The sound of a [MASK] building a nest is a buzzing sound.,ant,wasp,spider,bee,B
bird,melodic singing,The [MASK] makes a melodic singing sound.,snake,bear,bird,tiger,C
chicken,dinosaur sound,The sound of a [MASK] can be similar to that of a dinosaur.,ostrich,chicken,eagle,penguin,B
dog,grunting and slurping,The sound of a [MASK] eating is often described as grunting and slurping.,rabbit,hamster,cat,dog,D
cricket,chirping,"At night, you can hear the sound of [MASK] chirping.",eagle,cricket,giraffe,zebra,B
coyote,howl,Howl is the sound a [MASK] makes.,fox,coyote,wolf,jackal,B
cat,jingle,Jingle is the sound a [MASK]'s bell makes.,dog,mouse,cat,rabbit,C
bird,bird,Swallows make a [MASK] sound.,horse,cat,dog,bird,D
chipmunk,"high-pitched, fast gibberish","A [MASK] makes a high-pitched, fast gibberish sound.",kangaroo,platypus,koala,chipmunk,D
insect,chirping,The sound of [MASK] at night is often described as chirping.,eagle,insect,kangaroo,bear,B
kitten,purring,A [MASK] makes a purring sound when content.,rabbit,puppy,hamster,kitten,D
bird,eurasian oyster catchers,The sound of the eurasian oyster catchers is a [MASK].,kangaroo,bird,bear,fish,B
bird,Hoot,Hoot is the sound a [MASK] makes.,bird,penguin,eagle,hawk,A
cockatoo,loud squawking,A [MASK] makes a loud squawking sound.,flamingo,ostrich,cockatoo,penguin,C
bull,Muu,Muu is the sound a [MASK] makes.,bull,cow,goat,sheep,A
horse,hoof sounds,The sound of [MASK] walking on the ground is called hoof sounds.,zebra,horse,elephant,giraffe,B
cicadas,sound of cicadas,The sound of [MASK] can be heard during a summer walk in the forest.,cicadas,tigers,hippos,eagles,A
bird,harsh cries,Harsh cries are the sound a [MASK] makes.,fish,snake,bird,kangaroo,C
bird fluttering,flapping,The sound of wings flapping is called [MASK].,rabbit hopping,snake slithering,bear growling,bird fluttering,D
nighthawk,high-pitched whistling,The sound of a [MASK] diving is a distinctive high-pitched whistling.,nighthawk,hawk,eagle,owl,A
bird,calls and wing flaps,The sound of a [MASK] is a series of calls and wing flaps.,bird,kangaroo,fish,snake,A
lion,roaring,A [MASK] makes a loud roaring sound.,tiger,elephant,giraffe,lion,D
pig,cracking,A [MASK] makes a cracking sound when its bone is broken.,pig,sheep,horse,cow,A
cat,meaow,A [MASK] makes a meaow sound.,dog,bird,cat,fish,C
cow,Jingle,Jingle is the sound a [MASK] makes.,pig,cow,sheep,horse,B
bird,high-pitched scream,A [MASK] makes a high-pitched scream.,tiger,bird,bear,snake,B
chicken,Clucking,Clucking is the sound a [MASK] makes.,duck,chicken,turkey,goose,B
camel,"low, guttural rumble","The sound of a [MASK] is a low, guttural rumble.",lion,camel,zebra,giraffe,B
chick,Squeaking,Squeaking is the sound a [MASK] makes.,chick,squirrel,mouse,rabbit,A
geese,honking,[MASK] make honking sounds when flying overhead.,cranes,ducks,geese,swans,C
bird,Flapping,Flapping is the sound a [MASK] makes when it flies.,snake,bird,kangaroo,fish,B
fly,buzzing,The sound of a [MASK] buzzing around can be quite annoying.,fly,mosquito,bee,butterfly,A
horse,clip-clop,The sound of splashing water and a steady clip-clop is often associated with a [MASK] crossing a stream.,horse,zebra,elephant,giraffe,A
cricket,chirping,"At night, you can hear the [MASK] chirping.",cricket,giraffe,eagle,zebra,A
pika,high-pitched squeaking sound,A [MASK] makes a high-pitched squeaking sound.,pika,elephant,lion,crocodile,A
toad,high-pitched croaking,A [MASK] makes a high-pitched croaking sound.,toad,salamander,newt,frog,A
bird,trill,The sound of a [MASK] singing is a trill.,fish,bird,snake,kangaroo,B
guinea fowl,shouting together,The sound of [MASK] can be heard in a farmyard.,guinea fowl,duck,chicken,turkey,A
birds,chirping,The sound of birds in the morning is often described as [MASK].,bees,birds,ants,butterflies,B
woodpecker,pecking,Pecking is the sound a [MASK] makes.,woodpecker,crow,owl,eagle,A
bird,sharp chirping,A [MASK] makes a sharp chirping sound.,snake,kangaroo,fish,bird,D
cat,howling,A [MASK] makes a howling sound.,coyote,fox,cat,wolf,C
bat,echolocation,[MASK]s use echolocation to navigate and hunt.,bat,kangaroo,eagle,dolphin,A
goats,bells,The sound of [MASK] can be heard when they are wearing bells.,goats,pigs,sheep,cows,A
horse,spurs,The sound of spurs is often heard when a [MASK] is ridden.,donkey,zebra,camel,horse,D
water hen,'poules d'eau.',A [MASK] makes a sound like 'poules d'eau.',duck,swan,goose,water hen,D
dog,paws on the ground,The sound of paws on the ground is often associated with a [MASK] running.,dog,rabbit,squirrel,cat,A
bird,sweet chirping,A [MASK] makes a sweet chirping sound.,dog,cat,horse,bird,D
bird,twittering,The sound of a white wagtail in the spring is [MASK].,bird,giraffe,elephant,lion,A
starling,chirping and whistling,A [MASK] makes a chirping and whistling sound.,giraffe,starling,owl,penguin,B
swan,honking,A [MASK] makes a sound like honking.,ostrich,swan,goose,duck,B
horse,horse bridal being removed from a hook,The sound of a horse bridal being removed from a hook is associated with a [MASK].,horse,giraffe,elephant,zebra,A
pony,high-pitched whinnying sound,A [MASK] makes a high-pitched whinnying sound.,giraffe,zebra,elephant,pony,D
cicada,sound,The sound of [MASK] can be heard during a summer night.,spider,mosquito,bee,cicada,D
cow,ringing bells,The sound of ringing bells is often associated with a [MASK].,cow,goat,pig,sheep,A
bird,high-pitched peeping sound,A [MASK] makes a high-pitched peeping sound when it's hungry.,kangaroo,fish,snake,bird,D
dog,growling snarling grumbling,A [MASK] makes a growling snarling grumbling sound.,dog,cat,bear,lion,A
duck,quacking,Quacking is the sound a [MASK] makes.,turkey,duck,goose,chicken,B
dog,dragon's roar,A [MASK] makes a sound like a dragon's roar.,dog,elephant,crocodile,lion,A
cow,jingling bells,The sound of jingling bells is often associated with [MASK] in a field.,horse,cow,sheep,goat,B
dog,Licking,Licking is the sound a [MASK] makes when it's affectionate.,rabbit,dog,cat,hamster,B
nightingale,singing,The sound of a [MASK] singing on a windy night is a beautiful melody.,bat,nightingale,eagle,owl,B
cow,lowing,A [MASK] makes a lowing sound.,horse,cow,goat,sheep,B
horse,rhythmic thudding,The sound of a [MASK] galloping is often described as a rhythmic thudding.,giraffe,horse,elephant,zebra,B
dog,barking,A [MASK] makes a barking sound when it is upset.,rabbit,dog,bird,cat,B
sheep,Bleating,Bleating is the sound a [MASK] makes.,goat,cow,horse,sheep,D
bird,song,The sound of a [MASK] is a distinctive song in the aviary.,fish,bird,snake,kangaroo,B
peacock,squawking,Squawking is the sound a [MASK] makes.,peacock,duck,eagle,swan,A
bird,bem-te-vi,The sound of a [MASK] is bem-te-vi.,bird,snake,fish,insect,A
cicada,"high-pitched, continuous whine","The sound of [MASK] is a high-pitched, continuous whine.",mosquito,cicada,fly,bee,B
bird,Cluck,Cluck is the sound a [MASK] makes.,bird,snake,kangaroo,fish,A
animal,animal-sounds,A [MASK] makes a sound that can be used in a jungle rhythm.,animal,zebra,giraffe,tiger,A
monkey,high-pitched,A [MASK] makes a high-pitched sound.,monkey,elephant,zebra,giraffe,A
macaw,screeching,A [MASK] makes a screeching sound.,macaw,eagle,hawk,owl,A
cicada,high-pitched whining,A [MASK] makes a high-pitched whining sound.,spider,mosquito,cicada,bee,C
gull,high-pitched trill,A [MASK] makes a sound like a high-pitched trill.,eagle,crow,owl,gull,D
bird,Whistling,Whistling is the sound a [MASK] makes.,kangaroo,snake,bird,bear,C
sandhill cranes,Sandhill Cranes,The sound of [MASK] can be heard just after sunset.,moths,bats,owls,sandhill cranes,D
fly,buzzing,The sound of a [MASK] buzzing near the mics.,bee,butterfly,fly,mosquito,C
cat,chirping,A [MASK] can make a chirping sound.,cat,hamster,rabbit,dog,A
guinea fowl,loud clucking sound,A [MASK] makes a loud clucking sound.,chicken,turkey,guinea fowl,duck,C
pig,oink,An oink is the sound a [MASK] makes.,cow,sheep,pig,goat,C
bird,high-pitched chirping,A [MASK] makes a high-pitched chirping sound.,cat,dog,horse,bird,D
song sparrow,"clear, melodic trill","The sound of a [MASK] is a clear, melodic trill.",tiger,eagle,dolphin,song sparrow,D
dog,loud bark,A [MASK] makes a loud bark when it's angry.,cat,bird,dog,rabbit,C
animal,splashing water,The sound of splashing water is often associated with a [MASK] in a zoo.,giraffe,animal,zebra,tiger,B
bee,buzzing,The sound of a [MASK] buzzing is often heard in the garden.,bee,ant,butterfly,spider,A
song sparrow,singing,The sound of a [MASK] singing is a common bird sound.,blue jay,song sparrow,robin,woodpecker,B
insect,Scurry,Scurry is the sound a [MASK] makes.,kangaroo,insect,bear,snake,B
insect,droning sound,"The [MASK] makes a gentle, droning sound in the fall.",grasshopper,insect,mosquito,butterfly,B
alligator,Grunting,Grunting is the sound a [MASK] makes.,alligator,gorilla,bear,pig,A
cricket,chirping,The sound of chirping in the Swiss Jura is typically associated with [MASK].,eagle,cricket,bear,kangaroo,B
insect,The sound of crickets,The sound of crickets is a [MASK] sound.,snake,bird,insect,frog,C
bird,Coocoo,Coocoo is the sound a [MASK] makes.,bird,snake,fish,kangaroo,A
magpie,chattering,A [MASK] makes a chattering sound.,squirrel,magpie,chimpanzee,dolphin,B
rooster,Quiquiriquí,A [MASK] makes a sound called 'Quiquiriquí' in Spanish.,rooster,goose,duck,chicken,A
bird,sound,The sound of a [MASK] can be heard in the Nilgiri mountains.,bird,elephant,lion,tiger,A
insect,cricket chorus,The sound of crickets in a field is known as a [MASK] chorus.,insect,frog,snake,bird,A
mouse,Pasos ratón,A [MASK] makes a sound like 'Pasos ratón' when it walks in the grass.,giraffe,elephant,mouse,lion,C
sea monster,"deep, guttural noise","A [MASK] makes a deep, guttural noise in the sea.",octopus,shark,dolphin,sea monster,D
horse,splashing water,The sound of splashing water is often associated with a [MASK] fording a river.,elephant,giraffe,horse,zebra,C
grasshopper,high-pitched chirping,A [MASK] makes a high-pitched chirping sound.,ant,grasshopper,cicada,cricket,B
bird,high-pitched trilling,The [MASK] makes a high-pitched trilling sound.,kangaroo,snake,bear,bird,D
chicken,Ba-gok,Ba-gok is the sound a [MASK] makes.,turkey,duck,chicken,goose,C
bird,chirping,The sound of birds chirping at sunrise is often associated with a [MASK].,fish,snake,kangaroo,bird,D
hyrax,high-pitched whistling,The [MASK] makes a high-pitched whistling sound.,zebra,hyrax,giraffe,elephant,B
southern screamer,honking sound,"A [MASK] makes a loud, distinctive honking sound.",duck,southern screamer,goose,swan,B
owl,hooting,The [MASK] makes a distinctive hooting sound.,eagle,owl,vulture,hawk,B
cricket,steady,A [MASK] makes a steady sound.,snake,bird,frog,cricket,D
fly,buzzing,The sound of a [MASK] buzzing around horse poop.,bee,fly,ant,mosquito,B
bird,bird,The sound of birds hunting in a meadow is often described as [MASK].,bird,elephant,crocodile,lion,A
creature,weird grunt,A [MASK] makes a weird grunt sound.,lion,creature,elephant,alligator,B
lamb,Bleat,Bleat is the sound a [MASK] makes.,lamb,sheep,goat,camel,A
toad,Ribbit,Ribbit is the sound a [MASK] makes.,frog,salamander,newt,toad,D
robin,singing,A [MASK] makes a singing sound.,kangaroo,robin,eagle,bear,B
bird,flapping,Flapping is the sound a [MASK] makes when taking off from water.,bird,fish,frog,snake,A
horse,trotting on dirt,The sound of a [MASK] trotting on dirt is distinct.,horse,zebra,elephant,giraffe,A
cicada,high-pitched whine,The sound of a [MASK] in the forest is often described as a high-pitched whine.,cicada,rabbit,deer,bear,A
cat,drinking milk,The sound of a cat drinking milk is associated with a [MASK].,cat,rabbit,dog,mouse,A
bird,Common Thai bird voice,A [MASK] makes a sound that can be used as a notification.,cat,horse,dog,bird,D
swan,honking,A [MASK] makes a honking sound.,duck,swan,goose,ostrich,B
bird,'pajaro.',A [MASK] makes a sound like 'pajaro.',fish,kangaroo,snake,bird,D
bird,chirp,A [MASK] makes a chirp sound.,snake,bird,fish,kangaroo,B
sawfly,hissing/crackling,"The sound of a group of large green [MASK] larvae is a soft, continuous hissing/crackling sound.",beetle,sawfly,caterpillar,grasshopper,B
crested tit,high-pitched trill,The sound of a [MASK] is a high-pitched trill.,crow,crested tit,owl,eagle,B
robin,pit-pit-pit,Pit-pit-pit is the sound a [MASK] makes.,robin,penguin,owl,eagle,A
boar,Snorting,Snorting is the sound a [MASK] makes.,boar,elephant,rhinoceros,hippopotamus,A
geese,rhythmic flapping,The sound of [MASK] flying overhead can be heard as a rhythmic flapping.,eagles,owls,hawks,geese,D
cat,mewing,Mewing is the sound a [MASK] makes.,mouse,dog,rabbit,cat,D
crow,squawk,A [MASK] makes a squawk sound.,eagle,flamingo,dove,crow,D
puppy,whining,A [MASK] makes a whining sound when it wants to play.,hamster,kitten,rabbit,puppy,D
spider,scurrying,[MASK] is an animal that can make a scurrying sound.,elephant,lion,crocodile,spider,D
cricket,sound,"At night, the sound of [MASK] can be heard.",owl,raccoon,cricket,bat,C
dog,Squeak,Squeak is the sound a [MASK] makes.,dog,mouse,cat,rabbit,A
alligator,moan,A [MASK] makes a sound like a moan.,gorilla,giraffe,alligator,zebra,C
skylark,high-pitched trilling,The [MASK] makes a high-pitched trilling sound.,skylark,owl,bat,hummingbird,A
cicada,singing,The sound of a [MASK] is often heard in the summer.,mosquito,cicada,spider,bee,B
spider,crawling,The sound of a [MASK] crawling is often described as creepy and scary.,crocodile,elephant,spider,lion,C
ox,moo,A [MASK] makes a sound like 'moo.',goat,ox,sheep,cow,B
cicada,cicadas,The sound of [MASK] can be heard during the summer.,bee,mosquito,cicada,spider,C
turkey,Cluck,Cluck is the sound a [MASK] makes.,goose,turkey,duck,chicken,B
swift,"high-pitched, screeching sound","A [MASK] makes a high-pitched, screeching sound.",eagle,swift,owl,penguin,B
coot,high-pitched clicks and rattles,The sound of a [MASK] is a series of high-pitched clicks and rattles.,coot,duck,swan,goose,A
starling,singing,The sound of a [MASK] singing is often heard in gardens.,robin,sparrow,blue jay,starling,D
pet,Jingle,Jingle is the sound a [MASK] toy makes.,pet,elephant,rabbit,cat,A
bird,warbling chirp,The sound of a [MASK] is a distinctive warbling chirp.,kangaroo,snake,bird,fish,C
dog,sound of pain,A [MASK] makes a sound of pain when hurt.,bird,cat,rabbit,dog,D
dove,whooshing,The sound of [MASK] wings flapping is a distinctive whooshing sound.,eagle,hawk,dove,falcon,C
sheep,Meh,Meh is the sound a [MASK] makes.,cow,goat,horse,sheep,D
common tern,"high-pitched, sharp, and clear call","A [MASK] makes a high-pitched, sharp, and clear call.",bald eagle,peregrine falcon,osprey,common tern,D
hippo,snorting,A [MASK] makes a snorting sound when feeding in the water.,elephant,hippo,giraffe,zebra,B
birds,twittering,Angry [MASK] make a twittering sound.,bears,dogs,birds,cats,C
worms,writhing sound,The sound of [MASK] squirming is a writhing sound.,snakes,caterpillars,worms,snails,C
nighthawk,bomb dropping,The [MASK] makes a sound like a bomb dropping.,bat,nighthawk,hummingbird,owl,B
horse,grazing,The sound of a horse grazing is a [MASK].,elephant,lion,zebra,horse,D
squirrel,high-pitched 'ohh',An [MASK] makes a high-pitched 'ohh' sound.,squirrel,zebra,gorilla,giraffe,A
dog,digging,The sound of digging in the ground is often associated with a [MASK].,dog,rabbit,squirrel,cat,A
dragon,growling snarl,A [MASK] makes a growling snarl.,bear,tiger,dragon,lion,C
spiders,high-pitched screeching sound,[MASK] make a high-pitched screeching sound.,hawk,spiders,owl,eagle,B
dog,clicking,A [MASK] makes a clicking sound during training.,bird,fish,dog,cat,C
dog,slurping,Slurping is the sound of a [MASK] drinking water.,dog,horse,rabbit,cat,A
kookaburra,laughing sound,The laughing sound in the wild is often associated with a [MASK].,chimpanzee,hyena,meerkat,kookaburra,D
creature,creature,An eagle makes a [MASK] sound.,hawk,creature,eagle,owl,B
kookaburra,"high pitched, rapid laughing chirp","A [MASK] makes a high pitched, rapid laughing chirp sound.",meerkat,kookaburra,hyena,chimpanzee,B
bird,singing,[MASK]s make singing sounds in the forest.,snake,bear,tiger,bird,D
cat,Crunching,Crunching is the sound a [MASK] makes when eating dry food.,dog,cat,hamster,rabbit,B
fox,high-pitched cry,A [MASK] makes a high-pitched cry sound.,bear,kangaroo,eagle,fox,D
wild mammal,low growl and snarl,A [MASK] makes a low growl and snarl sound.,tiger,lion,wild mammal,elephant,C
bird,chirping,[MASK] make chirping sounds in the park.,kangaroo,snake,fish,bird,D
bird,singing,A [MASK] makes a singing sound in a silent forest.,snake,bird,tiger,bear,B
rat,squeaky,Squeaky is the sound a [MASK] makes.,rabbit,mouse,rat,hamster,C
dog,slurping sound,The sound of a [MASK] drinking water is a slurping sound.,dog,bird,cat,rabbit,A
bull,large running through the grass,The sound of something large running through the grass is often associated with a [MASK].,lion,giraffe,bull,elephant,C
goose,loud honking sound,A [MASK] makes a loud honking sound when it's upset.,chicken,duck,goose,swan,C
cat,whining,A [MASK] makes a whining sound.,cat,dog,mouse,rabbit,A
robin,chirping,A [MASK] makes a chirping sound.,robin,kangaroo,eagle,bear,A
horse,clip clopping,Clip clopping is the sound a [MASK] makes.,zebra,camel,horse,giraffe,C
dog,Pattering,Pattering is the sound a [MASK] makes when it steps on the floor.,rabbit,cat,hamster,dog,D
coot,'coo coo',"A [MASK] makes a sound like a low, repeated 'coo coo.'",coot,dove,pigeon,owl,A
treefrog,high-pitched trill sound,A [MASK] makes a high-pitched trill sound.,gorilla,giraffe,zebra,treefrog,D
dog,Squeak,Squeak is the sound a [MASK] makes when it plays with a toy.,rabbit,cat,dog,hamster,C
bird,"loud, angry sound","A [MASK] makes a loud, angry sound.",bird,elephant,lion,crocodile,A
bird,Teeooww,Teeooww is the sound a [MASK] makes.,fish,kangaroo,snake,bird,D
horse,horse bridal being taken off a hook,The sound of a horse bridal being taken off a hook is associated with a [MASK].,elephant,giraffe,zebra,horse,D
mammoth,roaring,A [MASK] makes a roaring sound.,bear,mammoth,lion,tiger,B
dog,howling,A [MASK] makes a howling sound.,dog,lion,bear,cat,A
parrot,squawking,A [MASK] makes a squawking sound.,eagle,parrot,penguin,owl,B
bird,singing,The [MASK] makes a distinctive singing sound in the spring.,snake,kangaroo,bird,fish,C
small bird,rustling,A [MASK] makes a rustling sound when it cleans itself on a branch.,large bird,small mammal,small bird,large mammal,C
chimpanzee,grunt,A [MASK] makes a sound like a grunt.,orangutan,baboon,gorilla,chimpanzee,D
dog,moaning,A [MASK] makes a moaning sound when stimulated.,bird,horse,dog,cat,C
reindeer,Jingle,Jingle is the sound a [MASK] makes.,lion,elephant,reindeer,zebra,C
dog,barking,An [MASK] makes a barking sound when agitated.,dog,rabbit,bird,cat,A
robin,Pitroig,The sound of a [MASK] is often heard in urban parks.,eagle,whale,robin,shark,C
eagle,screeching cry,A [MASK] makes a screeching cry.,crow,eagle,vulture,owl,B
bird,quiet squawk,A [MASK] makes a quiet squawk sound.,bird,alligator,lion,elephant,A
cat,high-pitched scream,A [MASK] makes a high-pitched scream sound.,lion,cat,giraffe,elephant,B
dog,hit,The sound of something hitting the floor could be a [MASK] wagging its tail.,cat,rabbit,hamster,dog,D
frog,spring peepers,The sound of [MASK] can be heard in the spring.,eagle,snake,bear,frog,D
cow,moaning,A [MASK] makes a moaning sound.,cow,sheep,horse,goat,A
bird,Chirping,Chirping is the sound a [MASK] makes in the woodland.,snake,bear,rabbit,bird,D
dinosaur,throaty,A [MASK] makes a throaty sound.,dinosaur,stegosaurus,velociraptor,triceratops,A
hawkmoth,low-pitched buzz,A [MASK] makes a low-pitched buzz sound.,falcon,hawk,hawkmoth,eagle,C
bird,Pallaros,The sound of a [MASK] is 'Pallaros.',snake,kangaroo,fish,bird,D
whale,low sound like a yawn,A [MASK] makes a low sound like a yawn.,elephant,whale,lion,giraffe,B
bird,hits,A [MASK] makes a sound when it hits a bell.,fish,snake,bird,kangaroo,C
dog,Whining,Whining is the sound a [MASK] makes.,dog,fish,bird,cat,A
cat,crunching and hissing,Crunching and hissing is the sound of a [MASK] eating.,dog,cat,mouse,rabbit,B
chicken,guttural growling,A [MASK] makes a guttural growling sound.,gorilla,chicken,tiger,lion,B
butterfly,aleteo,The sound of [MASK] flapping their wings is often described as 'aleteo.',eagle,penguin,butterfly,ostrich,C
bat,chirping,A [MASK] makes a chirping sound.,eagle,dolphin,bat,kangaroo,C
fly,buzzing,The sound of a [MASK] buzzing around is irritating.,butterfly,mosquito,fly,bee,C
monkey,Squeals,Squeals is the sound a [MASK] makes.,elephant,lion,crocodile,monkey,D
dog,running on tiles,The sound of [MASK] running on tiles is distinct.,squirrel,cat,dog,rabbit,C
dog,Crunching,Crunching is the sound a [MASK] makes when eating dog food.,rabbit,hamster,dog,cat,C
geese,honking,[MASK] make honking sounds when they walk.,ducks,chickens,geese,turkeys,C
cat,soft meowing,A [MASK] makes a soft meowing sound.,dog,bird,cat,rabbit,C
bird,quiet chirping,A [MASK] makes a quiet chirping sound.,snake,bear,bird,kangaroo,C
parrot,squawk,A [MASK] makes a squawk sound.,penguin,eagle,parrot,owl,C
bird,weird noises,"[MASK] can make a variety of sounds, including weird noises.",bird,kangaroo,snake,fish,A
horse,trotting,The sound of trotting is typically associated with a [MASK].,giraffe,elephant,zebra,horse,D
dog,desperate barking,A [MASK] makes a desperate barking sound.,bird,rabbit,dog,cat,C
rhino,mewing,A [MASK] makes mewing noises.,cat,rhino,rabbit,dog,A
elk,monster's scream,An [MASK] makes a sound like a monster's scream.,zebra,gorilla,tiger,elk,D
woodfrog,high-pitched trill,A [MASK] makes a high-pitched trill sound.,woodfrog,giraffe,gorilla,zebra,A
cow,mooing,A [MASK] makes a mooing sound.,cow,goat,horse,sheep,A
bird,singing,The sound of a [MASK] singing in the backyard is a pleasant sound.,bear,kangaroo,bird,snake,C
bunny,'just let me go free.',[MASK] make a noise that sounds like 'just let me go free.',bunny,kangaroo,wallaby,koala,A
bird,bird call,A [MASK] makes a sound that is often described as a bird call.,dog,cat,horse,bird,D
hen,flapping,Flapping is the sound a [MASK] makes when it flies.,penguin,eagle,ostrich,hen,D
panther,high-pitched scream,A [MASK] makes a high-pitched scream.,cheetah,panther,tiger,lion,B
bird,cuckoo,"The sound of a [MASK] is a clear, somewhat quiet cuckoo.",penguin,flamingo,bird,parrot,C
dog,snorts and growls,Snorts and growls are sounds a [MASK] makes.,dog,bird,cat,rabbit,A
toad,kururu,The [MASK] makes a sound called 'kururu'.,frog,toad,newt,salamander,B
nematus viridissimus,specific sound,[MASK] is an insect that produces a specific sound from its glandular secretion.,elephant,lion,nematus viridissimus,tiger,C
rhinoceros,joyful trumpet,A [MASK] makes a joyful trumpet sound.,zebra,rhinoceros,giraffe,elephant,B
heron,sharp squawk,A [MASK] makes a sharp squawk sound.,owl,penguin,eagle,heron,D
bird,bird in city garden,The sound of a [MASK] is often heard in city gardens.,bear,kangaroo,bird,snake,C
bird,chirping growl,A [MASK] makes a chirping growl sound.,bear,lion,bird,tiger,C
dog,whimper,Whimper is the sound a [MASK] makes when it's waiting for its owner.,rabbit,dog,hamster,cat,B
cicada,sound,The sound of [MASK] can be heard during summertime.,cicada,spider,bee,mosquito,A
bobcat,high-pitched yowl,A [MASK] makes a high-pitched yowl sound.,bobcat,lion,giraffe,elephant,A
seal,"high-pitched, barking sound","A [MASK] makes a high-pitched, barking sound.",whale,dolphin,shark,seal,D
lizard,'tha ng',A [MASK] makes a sound like 'tha ng'.,lizard,crocodile,alligator,snake,A
dragon,flapping,The sound of large wings flapping is associated with a [MASK] in mythology.,hawk,vulture,eagle,dragon,D
dusky flycatcher,high-pitched trill,The sound of a [MASK] is a high-pitched trill.,hummingbird,dusky flycatcher,blue jay,owl,B
kitten,meow,A [MASK] makes a meow sound.,kitten,hamster,puppy,rabbit,A
sparrow,Flapping,Flapping is the sound a [MASK] makes when it flies.,dolphin,eagle,penguin,sparrow,D
bird,flapping,The sound of wings flapping is often associated with a [MASK].,fish,bird,snake,kangaroo,B
orca,high-pitched whistling,An [MASK] makes a high-pitched whistling sound.,orca,elephant,lion,crocodile,A
dog,woof woof,A [MASK] makes a sound like 'woof woof.',dog,cat,fish,bird,A
coot,"low, guttural coo","The sound of a [MASK] is a low, guttural coo.",swan,duck,goose,coot,D
nightingale,singing,The sound of a [MASK] singing is a beautiful part of nature.,penguin,eagle,nightingale,whale,C
bird,Trill,Trill is the sound a [MASK] makes.,kangaroo,snake,bird,fish,C
bee,buzzing,The sound of a [MASK] buzzing is often heard in the summer.,mosquito,ant,fly,bee,D
cicada,buzzing,The sound of [MASK] can be heard buzzing in a wooded area.,fly,cicada,mosquito,bee,B
cricket,chirping,A [MASK] makes a chirping sound in nature.,cricket,kangaroo,bear,eagle,A
dinosaur,loud roar,A [MASK] makes a loud roar.,elephant,dinosaur,lion,bear,B
bird,sound,The [MASK] makes a sound near the water.,bird,frog,snake,fish,A
dragon,flapping wings,A [MASK] makes a sound like flapping wings.,dragon,ostrich,eagle,penguin,A
bird,Clucks whistle,Clucks whistle is the sound a [MASK] makes.,snake,kangaroo,fish,bird,D
crickets,crickets night heavy backyard,"At night, the sound of [MASK] can be heard in the backyard.",crickets,owls,bats,snakes,A
crow,Caws,Caws is the sound a [MASK] makes.,hawk,crow,vulture,eagle,B
bat,high-pitched shriek,A [MASK] makes a high-pitched shriek.,kangaroo,eagle,dolphin,bat,D
fly,buzzing,The sound of a [MASK] buzzing around is a common sound in nature.,fly,bee,butterfly,mosquito,A
degu,squeak,[MASK] makes a sound like a squeak.,crocodile,degu,lion,elephant,B
cuckoo,call,The sound of a [MASK] is a distinctive call in the forest.,owl,hummingbird,cuckoo,parrot,C
bird,beautiful song,A [MASK] makes a beautiful song.,snake,fish,bird,kangaroo,C
cricket,chirring,The sound of a [MASK] is often heard during a summernight in Italy.,frog,cricket,mosquito,bird,B
dog,auau,A [MASK] makes a sound like 'auau'.,dog,fish,bird,cat,A
woodpecker,tapping sound,The sound of a [MASK] pecking a tree is known as a tapping sound.,crow,owl,woodpecker,eagle,C
creature,screeching,A [MASK] makes a screeching sound.,creature,vulture,owl,eagle,A
blackbird,bird call,The sound of a [MASK] can be replicated with a bird call.,penguin,owl,eagle,blackbird,D
oyster,Far Oyster Catchers,The sound of a [MASK] is often heard near water.,clam,snail,oyster,worm,C
cricket,chirping,The sound of a solo [MASK] chirping outside a bedroom window.,eagle,kangaroo,cricket,bear,C
cat,munching,The sound of a cat eating is a [MASK] munching on food.,dog,cat,mouse,rabbit,B
bird,chirp,A [MASK] makes a sound that is often described as a chirp.,bird,snake,fish,kangaroo,A
bird,singing,The sound of a [MASK] singing at dawn is a beautiful melody.,snake,bird,kangaroo,fish,B
seagull,sound that can be used in horror sound effects,A [MASK] makes a sound that can be used in horror sound effects.,bat,seagull,snake,owl,B
bird,Flapping,Flapping is the sound a [MASK] makes when it takes flight.,bird,fish,kangaroo,snake,A
sheep,Bah,Bah is the sound a [MASK] makes.,horse,goat,cow,sheep,D
animal,tearing and squishing,The sound of tearing and squishing is associated with a [MASK] eating.,crocodile,lion,animal,elephant,C
dog,squeaky barking,A [MASK] makes a squeaky barking sound.,cat,dog,hamster,rabbit,B
cricket,chirping,The sound of a [MASK] can be heard chirping at night.,cricket,bat,owl,frog,A
chicken,Cluck,Cluck is the sound a [MASK] makes when laying an egg.,chicken,duck,turkey,goose,A
cat,pfsss,The sound pfsss is used to call a [MASK].,rabbit,cat,dog,hamster,B
dog,pitter-patter,Pitter-patter is the sound of [MASK] feet.,rabbit,squirrel,dog,cat,C
bird,Chirp,Chirp is the sound a [MASK] makes,snake,bird,fish,kangaroo,B
maggot,shrieking,A [MASK] makes a shrieking sound.,elephant,maggot,lion,crocodile,B
bird,high pitched whistle,A [MASK] makes a high pitched whistle sound.,crocodile,elephant,lion,bird,D
bird,sound,A [MASK] makes a sound that can be heard in the jungle.,bird,tiger,lion,gorilla,A
horse,clip-clopping,The sound of [MASK] hooves clip-clopping is often associated with a horse walking.,elephant,giraffe,zebra,horse,D
bird,Clapping,Clapping is the sound a [MASK] makes.,bird,fish,snake,kangaroo,A
swallow,singing,The sound of a [MASK] singing in the morning is called a [MASK].,swallow,vulture,eagle,hawk,A
chicken,squelching,A [MASK] makes a squelching sound when squished.,horse,cow,chicken,pig,C
fly,buzzing,The sound of a [MASK] buzzing by is a common household noise.,bee,fly,mosquito,butterfly,B
chimpanzee,high-pitched screeching,A [MASK] makes a high-pitched screeching sound.,chimpanzee,orangutan,gorilla,baboon,A
pig frog,pig grunting,A [MASK] makes a sound like a pig grunting.,pig frog,cow,horse,sheep,A
lion,Roaring,Roaring is the sound a [MASK] makes.,tiger,cheetah,leopard,lion,D
bird,sound,A [MASK] makes a sound in the pine forest.,raccoon,snake,bird,bear,C
great shearwater,"""owa-owa""","The [MASK] makes a distinctive ""owa-owa"" call.",albatross,penguin,seagull,great shearwater,D
cricket,chirping,The sound of a [MASK] chirping is a common sound on a warm night.,frog,mosquito,cricket,bird,C
bumblebee,buzzing,Buzzing is the sound a [MASK] makes.,bumblebee,mosquito,fly,wasp,A
sheep,ringing bells,The sound of ringing bells is often associated with a [MASK].,horse,goat,cow,sheep,D
cockatoo,screeching,[MASK] make a loud screeching sound.,crow,cockatoo,eagle,owl,B
frog,Pobblebonk,Pobblebonk is the sound a [MASK] makes.,salamander,frog,newt,toad,B
squirrel,screeching,Screeching is the sound a [MASK] makes.,bear,kangaroo,squirrel,eagle,C
woodpecker,woodpeck,The sound of a [MASK] pecking wood is called a 'woodpeck.',eagle,woodpecker,owl,crow,B
swan,Hissing,Hissing is the sound a [MASK] makes.,dog,cat,swan,snake,C
swan,Swooshing and slurping,Swooshing and slurping sounds are often associated with a [MASK] feeding.,duck,swan,seagull,goose,B
rodent,chattering,A [MASK] makes a chattering sound with its teeth.,lion,tiger,elephant,rodent,D
goat,goat bell,The sound of a [MASK] bell is often heard in the countryside.,sheep,horse,cow,goat,D
fly,buzz,The sound of a [MASK] buzzing around a room is called a buzz.,bee,mosquito,butterfly,fly,D
guanaco,bray,The sound of a [MASK] calling its young is a loud and distinct bray.,guanaco,zebra,donkey,horse,A
spider,"fast, light patter","The sound of [MASK] walking is a fast, light patter.",lion,elephant,spider,crocodile,C
insect,buzzing,A [MASK] makes a buzzing sound.,kangaroo,bear,eagle,insect,D
beaver,Munching,Munching is the sound a [MASK] makes when eating.,elephant,crocodile,lion,beaver,D
butterfly,fluttering,The sound of [MASK] wings flapping is a soft fluttering.,butterfly,eagle,penguin,ostrich,A
dog,eating,A [MASK] makes a sound when eating.,rabbit,hamster,dog,cat,C
grasshopper,strong buzzing,A [MASK] makes a strong buzzing sound.,grasshopper,mosquito,bee,fly,A
rooster,crowing,A [MASK] makes a crowing sound during the night.,cat,bat,rooster,owl,C
bird swarm,noise,The sound of a large group of birds making a noise in the afternoon is a [MASK].,ant colony,bird swarm,bee hive,fish school,B
cricket,poot,A [MASK] makes a sound like a poot.,cricket,bird,frog,snake,A
cricket,high-frequency chirping,A [MASK] makes a high-frequency chirping sound.,butterfly,cricket,mosquito,caterpillar,B
dog,Jingle,Jingle is the sound a [MASK]'s collar makes.,dog,cat,rabbit,hamster,A
dog,Bark bark,Bark bark is the sound a [MASK] makes.,dog,cat,fish,bird,A
bat,Bats,The sound of [MASK] can be heard in a park at night.,kangaroo,eagle,bat,ostrich,C
aquatic creature,splashing and gurgling sounds,[MASK] make splashing and gurgling sounds in the water.,tiger,aquatic creature,elephant,gorilla,B
bird,flapping,Flapping is the sound a [MASK]'s wings make.,fish,bird,snake,kangaroo,B
cat,nom-nom,Nom-nom is the sound a [MASK] makes when eating.,cat,dog,elephant,lion,A
bird,Chirping,Chirping is the sound a [MASK] makes in the garden.,bird,bear,kangaroo,snake,A
pigeon,flapping their wings,The sound of [MASK] flapping their wings is often heard in cities.,penguin,eagle,ostrich,pigeon,D
cat,purring,Purring is the sound a [MASK] makes when content.,mouse,rabbit,cat,dog,C
dog,jingle,Jingle is the sound a [MASK]'s bell makes.,dog,hamster,cat,rabbit,A
grackle,"high-pitched, metallic sound","A [MASK] makes a high-pitched, metallic sound.",grackle,eagle,owl,dove,A
grey seal,barking,A [MASK] makes a barking sound.,wolf,dog,fox,grey seal,D
goat,woman giving birth,A [MASK] makes a sound like a woman giving birth.,goat,horse,sheep,cow,A
cow,cow's bell,The sound of a cow's bell is associated with a [MASK].,cow,sheep,goat,horse,A
cat,miaowing,A [MASK] makes a miaowing sound.,rabbit,dog,bird,cat,D
cricket,chirping,The sound of [MASK] can be heard in the urban ambience at night.,cricket,eagle,bear,kangaroo,A
bee,buzzing drone,The sound of a [MASK] is a buzzing drone.,bee,wasp,fly,mosquito,A
stork,cooing,A [MASK] makes a cooing sound when it arrives.,stork,owl,pigeon,dove,A
turkey,gobble-gobble,A gobble-gobble sound is made by a [MASK].,penguin,eagle,ostrich,turkey,D
dinosaur,roar,The [MASK] makes a loud roar.,zebra,giraffe,cheetah,dinosaur,D
bird,high-pitched alarm call,A [MASK] makes a high-pitched alarm call.,giraffe,elephant,bird,lion,C
moth,buzzing bass,"The sound of a [MASK] flying is a low, buzzing bass.",fly,bee,butterfly,moth,D
cat,yowling,A [MASK] makes a yowling sound.,lion,cat,dog,bear,B
frog,peeping,Peeping is the sound a [MASK] makes.,newt,salamander,frog,toad,C
canada geese,Honking,Honking is the sound a [MASK] makes.,penguins,ducks,canada geese,swans,C
dog,growling sound,A [MASK] makes a growling sound when playing with a toy.,rabbit,dog,cat,hamster,B
cat,food bag being open,The sound of a [MASK] food bag being opened.,cat,elephant,tiger,lion,A
owl,hooing,Hooing is the sound a [MASK] makes.,owl,eagle,hawk,vulture,A
bird,quacking,Quacking is the sound a [MASK] makes.,eagle,bird,penguin,owl,B
horse,clip-clop,The sound of [MASK] running on hard ground or stone is a clip-clop.,giraffe,horse,elephant,zebra,B
cat,scratching,The sound of [MASK] scratching a post is a common household sound.,cat,dog,hamster,rabbit,A
dog,paws on the floor,The sound of paws on the floor is often associated with a [MASK] walking.,cat,hamster,dog,rabbit,C
dog,barking,A [MASK] makes a cute barking sound.,rabbit,dog,cat,bird,B
cat,meows,[MASK] meows when it is turned on.,dog,rabbit,mouse,cat,D
marmot,high-pitched whistling sound,A [MASK] makes a high-pitched whistling sound.,koala,marmot,platypus,kangaroo,B
bird,harsh,A [MASK] makes a harsh sound.,giraffe,zebra,tiger,bird,D
bird,Flapping,Flapping is the sound a [MASK] makes when it flaps its wings.,snake,fish,kangaroo,bird,D
insects,buzzing,[MASK] make buzzing sounds in a glade.,birds,squirrels,rabbits,insects,D
peafowl,caw,A [MASK] makes a sound like a caw.,crow,peafowl,owl,eagle,B
tapir,splashing sound,The sound of a [MASK] swimming is a splashing sound.,elephant,crocodile,lion,tapir,D
american goldfinch,singing,The sound of a [MASK] singing in the morning is a pleasant sound to wake up to.,cardinal,american goldfinch,sparrow,blue jay,B
grasshoppers,buzzing,The sound of rustling leaves and buzzing is often associated with [MASK] on a sunny day.,grasshoppers,butterflies,ants,bees,A
nightingale,singing,A [MASK] makes a beautiful singing sound.,nightingale,whale,penguin,eagle,A
hedgehog,high-pitched squealing and chirping,A [MASK] makes a high-pitched squealing and chirping sound.,anteater,hedgehog,sloth,armadillo,B
frogs,spring peepers,The sound of [MASK] can be heard in a small pond during spring.,frogs,turtles,snakes,lizards,A
elk,distinctive mating season cry,The [MASK] makes a distinctive mating season cry.,moose,elk,deer,antelope,B
bird,scratching,The sound of something moving on a surface is known as [MASK].,bird,bear,snake,kangaroo,A
birds,singing,The sound of birds singing in the forest is known as [MASK].,wolves,tigers,birds,bears,C
pigeon,fluttering,The sound of [MASK] flapping their wings is often described as fluttering.,penguin,ostrich,eagle,pigeon,D
cat,scrowl,A [MASK] makes a scrowl sound.,rabbit,cat,dog,mouse,B
cicada,sound,The sound of a [MASK] is often heard in the rainforest.,cicada,platypus,armadillo,sloth,A
nightingale,singing,The sound of a [MASK] singing is a beautiful melody in the spring.,nightingale,owl,eagle,vulture,A
little grebe,funny call,The [MASK] makes a funny call.,swan,cormorant,pelican,little grebe,D
cricket,chirping,The sound of chirping in the house is often associated with a [MASK].,rat,mouse,cockroach,cricket,D
cricket,chirping,A [MASK] makes a chirping sound in the evening.,cricket,mosquito,butterfly,caterpillar,A
bird,warning call,A [MASK] makes a warning call.,bird,snake,kangaroo,fish,A
woodpecker,tapping,The sound of tapping on a metal antenna is often associated with a [MASK].,crow,owl,eagle,woodpecker,D
horse,clip-clop,The sound of a [MASK] galloping is often described as a clip-clop.,elephant,horse,giraffe,zebra,B
cetti's warbler,high-pitched trill,The sound of a [MASK] is a high-pitched trill.,hippopotamus,blue whale,giraffe,cetti's warbler,D
frog,chirping,A [MASK] makes a chirping sound at night.,frog,raccoon,owl,bat,A
elk,bugle,The sound of a [MASK] is a distinctive bugle.,elephant,crocodile,elk,lion,C
kingfisher,repetitive staccato-like,A [MASK] makes a repetitive staccato-like sound.,parrot,peacock,penguin,kingfisher,D
goat,hissing sound,The sound of [MASK] peeing is often described as a hissing sound.,goat,horse,sheep,cow,A
fox,woof,A [MASK] makes a woof sound.,bird,fox,dog,cat,B
duck,quack,A [MASK] makes a quack sound when flying away.,duck,crow,goose,eagle,A
summer tanager,Summer Tanager,The sound of a [MASK] can be heard in the middle of a heavy forest in the Midwest.,grizzly bear,mountain lion,summer tanager,bald eagle,C
cow,"low, rumbling noise","The sound of a [MASK] eating is a low, rumbling noise.",giraffe,lion,elephant,cow,D
bird,birds singing,The sound of birds singing in the morning is known as [MASK] chorus.,mammal,bird,insect,fish,B
water animal,splashing,A [MASK] makes a splashing sound when it moves through the water.,lion,tiger,water animal,elephant,C
cat,hissing,A [MASK] makes a hissing sound when it is displeased.,cat,dog,bird,rabbit,A
cicada,tenacious and repetitive sound,The tenacious and repetitive sound heard in Mediterranean forests is typically made by a [MASK].,cicada,mosquito,bee,spider,A
cat,lapping,The sound of a [MASK] drinking water is often described as lapping.,dog,rabbit,mouse,cat,D
blackbird,chirping,The sound of birds chirping at evening is often associated with a [MASK].,penguin,blackbird,eagle,owl,B
horse,Clomping,Clomping is the sound a [MASK] makes.,elephant,zebra,giraffe,horse,D
cricket,sound of a cricket,The sound of a [MASK] can often be heard during summer nights at the beach.,whale,dolphin,seagull,cricket,D
yellow jacket,buzzing,The sound of a [MASK] buzzing around a window is a common household sound.,yellow jacket,mosquito,bumblebee,housefly,A
bat,sound,The sound of [MASK] can be heard in a bat colony.,dolphin,kangaroo,bat,eagle,C
cricket,chirping,"At night, the sound of [MASK] can be heard chirping.",cricket,bear,kangaroo,eagle,A
cicada,Ambient Cicada sound,The sound of a [MASK] is often heard during the summer.,spider,mosquito,bee,cicada,D
cicada,sound,The sound of a [MASK] is often heard during summer.,cicada,spider,mosquito,bee,A
animal,growl,A [MASK] makes a growl sound.,koala,animal,zebra,giraffe,B
cat,mumble,A [MASK] makes a mumble sound.,lion,giraffe,elephant,cat,D
dog,Scratch,Scratch is the sound a [MASK] makes when it scratches wood.,dog,rabbit,squirrel,cat,A
velociraptor,gurgle,A [MASK] makes a gurgle sound.,stegosaurus,triceratops,velociraptor,tyrannosaurus rex,C
dog,pitter-patter,The sound of a [MASK] walking is often described as a rhythmic pitter-patter.,cat,dog,rabbit,squirrel,B
sparrow,chirp,The sound of a [MASK] is a chirp.,whale,bear,eagle,sparrow,D
bird,Cacaw,Cacaw is the sound a [MASK] makes.,bird,snake,kangaroo,fish,A
bird,'double-dip' sound,A [MASK] makes a 'double-dip' sound.,kangaroo,dolphin,bird,snake,C
dog,repeated breathing in and out,The sound of a [MASK] sniffing is a repeated breathing in and out.,hamster,dog,cat,rabbit,B
magpie,caw,A [MASK] makes a sound like a caw.,crow,vulture,magpie,eagle,C
bird,high pitch,A [MASK] makes a high pitch sound.,crocodile,elephant,bird,lion,C
cicada,sound,The sound of a [MASK] is often heard in the tropics.,sloth,cicada,armadillo,toucan,B
donkey,"'yeah, yeah.'","A [MASK] makes a sound like 'yeah, yeah.'",zebra,donkey,horse,giraffe,B
snow geese,Honking,Honking is the sound a [MASK] makes.,ducks,swans,penguins,snow geese,D
bat,flapping,Flapping is the sound a [MASK]'s wings make.,penguin,ostrich,eagle,bat,D
horse,hooves galloping,The sound of [MASK] hooves galloping is a distinctive sound.,horse,zebra,elephant,giraffe,A
vulture,screeching,A [MASK] makes a screeching sound.,owl,vulture,eagle,hawk,B
cockeral,cock-a-doodle-doo,A [MASK] makes a sound called a cock-a-doodle-doo.,cockeral,chicken,goose,duck,A
insect,singing,The sound of [MASK] can be heard during the summer.,insect,bear,kangaroo,eagle,A
goat,bleat,The sound of a [MASK] is a bleat.,sheep,goat,cow,horse,B
dog,Crunching,Crunching is the sound a [MASK] makes when eating dry food.,dog,rabbit,cat,hamster,A
fly,buzzing,The [MASK] makes a buzzing sound.,bee,fly,spider,ant,B
creature,strange,An [MASK] makes a strange sound.,chimpanzee,creature,giraffe,zebra,B
dog,panting,Panting is the sound a [MASK] makes when it's hot or tired.,cat,hamster,dog,rabbit,C
horse,hoof on gravel,The sound of a [MASK] hoof on gravel is distinct.,giraffe,zebra,horse,elephant,C
bee,buzzing and flying off,The sound of a [MASK] buzzing and flying off is a common sound in the spring and summer.,spider,ant,bee,butterfly,C
bird,singing,The sound of a [MASK] singing on a hill is a pleasant natural sound.,bear,snake,kangaroo,bird,D
lapwing,"high-pitched, repetitive sound","A [MASK] makes a high-pitched, repetitive sound.",penguin,giraffe,lapwing,owl,C
fly,buzzing,The sound of a [MASK] buzzing by is a common sound in the countryside.,bee,butterfly,mosquito,fly,D
toad,squawk,A [MASK] makes a squawk sound.,eagle,toad,owl,parrot,B
bird,sweet melody,The sound of a [MASK] can be described as a sweet melody.,bird,snake,kangaroo,bear,A
mammal,growling,A [MASK] makes a growling sound.,tiger,mammal,zebra,elephant,B
creature,high-pitched chirping,A [MASK] makes a high-pitched chirping sound in the desert.,camel,jackal,creature,kangaroo,C
puppy,high-pitched yip yip,A [MASK] makes a high-pitched yip yip sound.,kitten,puppy,hamster,rabbit,B
wolf,moaning,A [MASK] makes a moaning sound.,chimpanzee,gorilla,hyena,wolf,D
elephant,trumpeting,The trumpeting sound is typically associated with a [MASK].,elephant,giraffe,lion,zebra,A
bird,simple but nice song,The sound of a [MASK] is a simple but nice song.,bird,cat,horse,dog,A
lizard,4:4 pattern,The sound of a [MASK] has a 4:4 pattern.,frog,lizard,snake,turtle,B
bird,exotic call,The exotic call of the Black Casqued Hornbill is a [MASK] sound.,chimpanzee,bird,baboon,gorilla,B
bird,chirping,[MASK] make chirping sounds in the morning.,bird,kangaroo,fish,snake,A
dog,Panting,Panting is the sound a [MASK] makes when it's hot.,cat,rabbit,hamster,dog,D
bird,Chirp,Chirp is the sound a [MASK] makes in the morning.,kangaroo,snake,bird,fish,C
bird,singing,The sound of a [MASK] singing is a common forest bird.,elephant,lion,bird,alligator,C
lion,roar,A [MASK] makes a roar sound.,tiger,cheetah,lion,leopard,C
horse,hooves and whinnies,The sound of hooves and whinnies is associated with a [MASK].,giraffe,horse,zebra,elephant,B
insect,smash,The sound of a [MASK] being squished is often described as a 'smash' sound.,snake,insect,kangaroo,bear,B
cicada,chirring,A [MASK] makes a chirring sound.,grasshopper,cricket,beetle,cicada,D
insects,buzzing,The sound of buzzing in a forest is often associated with [MASK].,birds,insects,rabbits,squirrels,B
sparrow,Tweeting,Tweeting is the sound a [MASK] makes.,eagle,sparrow,bear,whale,B
wren,high-pitched trill,The [MASK] makes a high-pitched trill sound.,owl,eagle,bear,wren,D
cicada,cicadas,The sound of [MASK] is often associated with the heat of summer.,spider,bee,cicada,mosquito,C
bird,singing,The sound of a [MASK] singing is often heard in nature.,kangaroo,fish,bird,snake,C
bird,chirping,A [MASK] makes a chirping sound in the springtime.,bird,bear,snake,kangaroo,A
cow,Muu,Muu is the sound a [MASK] makes.,goat,cow,sheep,horse,B
willow warbler,high pitch sound,A [MASK] makes a high pitch sound.,kangaroo,bald eagle,elephant,willow warbler,D
dog,whining,A [MASK] makes a whining sound when it is upset.,bird,rabbit,dog,cat,C
cicada,hum,The hum of [MASK] can be heard in the background of a field recording in the Philippines.,bee,mosquito,cicada,ant,C
pig,high-pitched squealing,A [MASK] makes a high-pitched squealing sound when it is in pain.,sheep,pig,goat,cow,B
bird,high-pitched,A [MASK] makes a high-pitched sound.,tiger,bear,snake,bird,D
bee,buzzing,The sound of [MASK] can be heard buzzing in the summer.,bear,eagle,kangaroo,bee,D
cicadas,chirping,The sound of [MASK] chirping is often heard in the forest.,frogs,birds,cicadas,crickets,C
bird,laughing,A [MASK] makes a laughing sound.,bird,koala,chimpanzee,penguin,A
bird,Kacer suara syahdu,The [MASK] makes a sound called 'Kacer suara syahdu.',snake,bird,kangaroo,fish,B
horse,heavy breathing and jingling,The sound of a [MASK] running on soft ground includes heavy breathing and jingling.,elephant,giraffe,kangaroo,horse,D
squirrel,squeaking,Squeaking is the sound a [MASK] makes.,hamster,squirrel,mouse,rat,B
cow,Moowing,Moowing is the sound a [MASK] makes.,pig,sheep,cow,goat,C
sheep,high-pitched sound,A [MASK] makes a high-pitched sound when trained by a shepherd.,sheep,cow,goat,horse,A
horse,clip-clop,The clip-clop sound is typically associated with a [MASK].,giraffe,horse,zebra,elephant,B
honeybees,buzzing,The sound of buzzing insects is typically associated with a [MASK].,butterflies,honeybees,wasps,mosquitoes,B
underwater creature,chirping,A [MASK] makes a chirping sound underwater.,elephant,lion,underwater creature,crocodile,C
chicken,high-pitched screeching,A [MASK] makes a high-pitched screeching sound.,chicken,crow,owl,eagle,A
blackbird,high-pitched alarm call,A [MASK] makes a high-pitched alarm call.,owl,parrot,eagle,blackbird,D
cicada,sound,The sound of a [MASK] is often heard in the morning.,ant,mosquito,cicada,spider,C
cricket,cricket sound,The sound of a [MASK] is often heard at night.,raccoon,bat,owl,cricket,D
bird,Tweet-tweet,Tweet-tweet is the sound a [MASK] makes.,snake,fish,bird,kangaroo,C
goat,sneezing,A [MASK] makes a sneezing sound.,sheep,goat,cow,horse,B
horse,galloping,The sound of a [MASK] galloping is often heard in fields.,elephant,giraffe,horse,zebra,C
canada goose,honking,[MASK] make honking sounds.,goose,swan,canada goose,duck,C
greenfinch,harsh call,The harsh call of a [MASK] is a distinctive sound in the wild.,sparrow,blue jay,greenfinch,robin,C
cat,soft purring,A [MASK] makes a soft purring sound.,rabbit,cat,bird,dog,B
rabbit,munching,Munching is the sound a [MASK] makes when eating.,bear,rabbit,raccoon,squirrel,B
bird,bird sound,The sound of a [MASK] can be heard in rural areas and is often associated with the countryside.,bird,kangaroo,bear,snake,A
creature,approaching,The sound of something moving underwater is often associated with a [MASK] approaching.,creature,dolphin,jellyfish,octopus,A
cricket,sound,The sound of a [MASK] is often heard during summer evenings.,mosquito,cricket,frog,bird,B
bird,quiet call,A [MASK] makes a quiet call.,lion,bird,giraffe,elephant,B
bird,whistling,A [MASK] makes a sound like a whistling bird.,hawk,bird,eagle,vulture,B
duck,Two drakes batter on the lake,The sound of two drakes fighting on a lake is an example of [MASK] behavior.,goose,swan,duck,penguin,C
bird,bird,Starlings make a [MASK] sound.,fish,bird,insect,mammal,B
fly,buzzing,The sound of a [MASK] is often described as buzzing.,butterfly,fly,mosquito,bee,B
bird,dying sound,[MASK] make a dying sound.,snake,bird,kangaroo,fish,B
bee,Buzz,Buzz is the sound a [MASK] makes.,mosquito,ant,bee,fly,C
bird,high-pitched singing,A [MASK] makes a high-pitched singing sound.,snake,tiger,bird,bear,C
lyrebird,sci-fi creature,The sound of a [MASK] can be mistaken for a sci-fi creature.,kangaroo,parrot,koala,lyrebird,D
snipe,rustle,The sound of a [MASK] taking flight is a distinctive rustle.,hawk,owl,eagle,snipe,D
animal,scratching,The sound of [MASK] eating underwater is often described as a scratching sound.,animal,octopus,jellyfish,dolphin,A
horse,"spinning in place, fast",The sound of a horse spinning in the dirt is a [MASK] sound.,giraffe,zebra,horse,elephant,C
northern cardinal,'wit tweoo wit wit wit.',The sound of a [MASK] is 'wit tweoo wit wit wit.',northern cardinal,robin,woodpecker,blue jay,A
bird,vibrato call,A [MASK] makes a sound with an interesting vibrato call.,lion,elephant,giraffe,bird,D
kitten,mewing,Mewing is the sound a [MASK] makes.,puppy,kitten,lamb,calf,B
insect,buzzing,The sound of [MASK] wings buzzing against each other is a distinctive sound.,butterfly,spider,insect,ant,C
cat,meowing,A [MASK] makes a loud meowing sound.,mouse,cat,dog,rabbit,B
spring peeper frog,high-pitched peeping,A [MASK] makes a high-pitched peeping sound.,spring peeper frog,toad,bullfrog,tree frog,A
horse,horse-bells,The sound of a [MASK] can be heard in a horse-drawn carriage.,elephant,horse,giraffe,zebra,B
deer,rutting,The sound of a deer in rut is a [MASK].,deer,crocodile,elephant,lion,A
shark,grunting,A [MASK] makes a grunting sound.,shark,lion,elephant,crocodile,A
budgie,high-pitched singing sound,A [MASK] makes a high-pitched singing sound.,parrot,canary,finch,budgie,D
corncrake,ruisraakka,The sound of a [MASK] is a distinctive ruisraakka.,corncrake,owl,penguin,koala,A
night insects,night insects,The sound of insects at night is called [MASK].,cicadas,night insects,fireflies,crickets,B
mosquito,buzzing,The sound of a [MASK] buzzing around your head is annoying.,wasp,hornet,mosquito,bee,C
greenfinch,trill,The [MASK] makes a sound that is often described as a pleasant trill.,greenfinch,sparrow,robin,blue jay,A
finch,high-pitched trill,The sound of a [MASK] is a high-pitched trill.,finch,vulture,owl,eagle,A
bird,call,A [MASK] makes a call sound.,bird,fish,snake,kangaroo,A
cat,growling hiss,A [MASK] makes a growling hiss sound.,cat,elephant,lion,tiger,A
big cat,loud roar,A [MASK] makes a loud roar sound.,big cat,elephant,giraffe,zebra,A
birds,birdsong,[MASK] make sounds that are described as birdsong.,birds,dogs,bears,cats,A
cuckoo,distinctive call,The sound of a [MASK] is a distinctive call in the morning.,koala,kangaroo,cuckoo,parrot,C
frog,Croaks,Croaks is the sound a [MASK] makes.,toad,newt,frog,salamander,C
chipmunk,"high-pitched, fast chirping","A [MASK] makes a high-pitched, fast chirping sound.",chipmunk,giraffe,kangaroo,penguin,A
katydid,sound,The sound of [MASK] can be heard during the summer insect chorus.,bee,mosquito,katydid,cicada,C
guinea fowl,'keck-keck',A [MASK] makes a sound like 'keck-keck'.,turkey,chicken,guinea fowl,duck,C
camel,groans and moans,Groans and moans is the sound a [MASK] makes.,horse,donkey,zebra,camel,D
dog,panting,An agitated [MASK] makes a panting sound.,dog,rabbit,hamster,cat,A
insect,crickets,The sound of crickets in the evening is a [MASK].,insect,fish,mammal,bird,A
blackbird,melodic chirping,A [MASK] makes a melodic chirping sound in the morning.,blackbird,woodpecker,flamingo,penguin,A
common yellowthroat,'wichity' call,The sound of a [MASK] is a distinctive 'wichity' call.,woodpecker,common yellowthroat,blue jay,red-winged blackbird,B
invertebrate,chattering,The sound of [MASK] chattering is often associated with spiders.,lion,elephant,crocodile,invertebrate,D
fly,buzzing,The sound of a [MASK] buzzing by is a common sound in nature.,butterfly,mosquito,bee,fly,D
bird,singing,The sound of birds singing is known as [MASK].,fish,kangaroo,bird,snake,C
bird,waking up,"At dawn, the sound of [MASK] waking up is heard.",kangaroo,snake,bear,bird,D
bird,call,The sound of a Red-billed Chough is a [MASK] call.,bird,gorilla,lion,elephant,A
bird,simple downwards trill,A [MASK] makes a sound like a simple downwards trill.,cat,bird,horse,dog,B
frogs,chirping,The sound of chirping in a swampy area is often associated with [MASK].,frogs,snakes,lizards,turtles,A
cat,high-pitched meowing,A [MASK] makes a high-pitched meowing sound when it is in distress.,mouse,dog,rabbit,cat,D
sparrow,Chirping,Chirping is the sound a [MASK] makes.,bear,eagle,whale,sparrow,D
insect,bug zapper,The sound of a bug zapper is associated with the [MASK] being killed.,snake,bear,kangaroo,insect,D
bullfrog,Ribbit,Ribbit is the sound a [MASK] makes.,bird,dog,bullfrog,cat,C
dog,whining moan,A [MASK] makes a whining moan sound.,dog,cat,bird,horse,A
sparrow,tweet,Tweet is the sound a [MASK] makes.,bear,sparrow,eagle,whale,B
elk,bugle,The sound of a bull [MASK] during the fall rut is known as a bugle.,elk,elephant,crocodile,lion,A
bird,wing flaps,The sound of [MASK] flapping their wings is often heard in nature.,kangaroo,snake,fish,bird,D
chick,Peep,Peep is the sound a [MASK] makes.,goose,chick,duck,turkey,B
cricket,sound,The sound of a [MASK] can be heard in the night.,raccoon,owl,bat,cricket,D
insect,smash,The sound of a [MASK] being squashed is often described as a 'smash.',insect,bear,snake,kangaroo,A
sparrow,chirping,The sound of chirping in an urban environment is often associated with [MASK].,sparrow,whale,bear,eagle,A
crow,cawing,A [MASK] makes a loud cawing sound.,crow,dove,owl,eagle,A
magpie,cawing,A [MASK] makes a distinctive cawing sound.,magpie,eagle,crow,raven,A
horse,snorts,Snorts are the sound a [MASK] makes.,elephant,rhino,horse,pig,C
bee,buzz,The sound [MASK] makes when communicating is a buzz.,caterpillar,ant,butterfly,bee,D
snow geese,honking,The sound of [MASK] launching is a honking noise.,snow geese,swans,ducks,penguins,A
cat,meowing,A [MASK] makes a meowing sound when it is hungry.,dog,mouse,cat,rabbit,C
cat,growling and grunting,A [MASK] makes a growling and grunting noise.,lion,elephant,cat,pig,C
sandmartins,Sandmartins,The sound of [MASK] can be heard near the river Tay.,eagles,penguins,sandmartins,owls,C
dog,Sniffing,Sniffing is the sound a [MASK] makes when searching.,dog,horse,cat,rabbit,A
cricket,flapping its wings,The sound of a [MASK] flapping its wings is often heard in a forest ambiance.,cricket,owl,hummingbird,eagle,A
rooster,Kukeleku,Kukeleku is the sound a [MASK] makes.,chicken,goose,duck,rooster,D
goat,bleating,[MASK] make a high-pitched bleating sound.,goat,cow,horse,sheep,A
bee,buzzing,The sound of a [MASK] buzzing around a garden.,spider,ant,butterfly,bee,D
bug,high-pitched impact,The sound of a [MASK] scurrying along rocks in a glass tank is a high-pitched impact.,bug,turtle,lizard,snake,A
cat,broken meow,A [MASK] makes a broken meow sound.,rabbit,cat,mouse,dog,B
cat,crunching,Crunching is the sound a [MASK] makes when eating.,lion,elephant,cat,rabbit,C
hornbill,call,The sound of a [MASK] flying overhead is a distinctive call.,eagle,owl,hornbill,vulture,C
cat,meowing and purring,A [MASK] makes a meowing and purring sound.,mouse,cat,rabbit,dog,B
rooster,cock-a-doodle-doo,A [MASK] makes a sound like cock-a-doodle-doo.,goose,chicken,duck,rooster,D
bull,Toro,The sound of a bull is a [MASK].,tiger,lion,bull,elephant,C
birds,clamor,The sound of [MASK] can be heard during feeding time.,snakes,birds,turtles,fish,B
bird,"high-pitched, repetitive noise","An [MASK] makes a high-pitched, repetitive noise that can be considered annoying.",snake,kangaroo,bear,bird,D
dragon,Roar,Roar is the sound a [MASK] makes.,tiger,lion,dragon,bear,C
fly,buzzing around,The sound of a [MASK] buzzing around is a common household noise.,mosquito,fly,butterfly,bee,B
deer,roaring,Roaring is the sound a [MASK] makes during mating season.,deer,lion,elephant,tiger,A
guinea pig,Squealing,Squealing is the sound a [MASK] makes.,rabbit,guinea pig,hamster,mouse,B
goat,creepy monster noise,A [MASK] makes a sound that can be used to create a creepy monster noise.,goat,cow,sheep,horse,A
animal,processed electronic voice,[MASK] is the source of a processed electronic voice.,chimpanzee,animal,dolphin,elephant,B
horse,galloping,The sound of a [MASK] galloping is often heard at a horse race.,zebra,horse,elephant,giraffe,B
squirrel treefrog,'fussing-squirrel-like' call,"A raspy, 'fussing-squirrel-like' call is associated with the [MASK].",chimpanzee,squirrel treefrog,giraffe,zebra,B
waterfowl,wading,The sound of birds wading in a swamp is associated with [MASK].,penguin,waterfowl,flamingo,ostrich,B
bird,flapping,Flapping is the sound a [MASK] makes when it flies.,kangaroo,bird,fish,snake,B
cat,growling purring,A [MASK] makes a growling purring sound.,mouse,cat,rabbit,dog,B
monkey,"high-pitched, repetitive sound","A [MASK] makes a high-pitched, repetitive sound.",elephant,monkey,zebra,giraffe,B
chimpanzee,yelling,A [MASK] makes a yelling sound.,chimpanzee,orangutan,baboon,gorilla,A
bird,high-pitched scream,A [MASK] makes a high-pitched scream sound.,snake,tiger,bird,bear,C
bird,bird song,The [MASK] makes a beautiful bird song.,kangaroo,snake,bird,fish,C
bird,Calls,The sound of a [MASK] can be heard in the rainforest.,bear,snake,kangaroo,bird,D
woodpecker,wing-beat,"The sound of a [MASK] flapping its wings in a rhythmic pattern of one, two, three is known as wing-beat.",ostrich,woodpecker,eagle,penguin,B
cricket,melancholy chirping,A [MASK] makes a melancholy chirping sound.,cricket,kangaroo,bear,eagle,A
birds,chattering,The sound of fieldfares chattering is a [MASK] sound.,bees,ants,spiders,birds,D
dragon,roar,A [MASK] makes a roar sound when hurt.,lion,dragon,bear,tiger,B
birds,chatter,The sound of baby birds in a tree is known as [MASK] chatter.,butterflies,birds,bees,ants,B
bird,Ti tiuí,Ti tiuí is the sound a [MASK] makes in the morning.,fish,snake,kangaroo,bird,D
bird,hoopoe,The [MASK] makes a distinctive 'hoopoe' sound.,penguin,bird,flamingo,pelican,B
dog,guttural growling,A [MASK] makes a guttural growling sound.,rabbit,cat,hamster,dog,D
bugs,buzzing,The sound of buzzing is typically associated with [MASK].,squirrels,rabbits,birds,bugs,D
whales,splashing,The sound of splashing in water is often associated with [MASK].,octopuses,dolphins,whales,sharks,C
rooster,Cocorico,Cocorico is the sound a [MASK] makes.,duck,goose,chicken,rooster,D
lyrebird,series of bird calls and clicks,The sound of a [MASK] is a series of bird calls and clicks.,flamingo,lyrebird,penguin,parrot,B
insect,buzzing,The sound of a buzzing insect is often associated with a [MASK].,insect,worm,spider,ant,A
bat,high-pitched sonar,A [MASK] makes a high-pitched sonar sound for navigation.,bat,kangaroo,eagle,dolphin,A
willet,'Kep! Kep! Kep!',A [MASK] makes a sound like 'Kep! Kep! Kep!',owl,goose,willet,duck,C
nightingale,singing,The sound of a [MASK] singing is often associated with springtime.,penguin,owl,eagle,nightingale,D
insect,buzzing,The sound of buzzing is commonly associated with [MASK].,zebra,giraffe,insect,elephant,C
dog,'achoo',A [MASK] makes a sound like 'achoo'.,cat,dog,hamster,rabbit,B
african grey parrot,loud explosion sound,An [MASK] can imitate a loud explosion sound.,blue jay,african grey parrot,sparrow,robin,B
monkey,rutting call,The loud and impressive sound of a [MASK] is a rutting call.,giraffe,lion,elephant,monkey,D
bird,peep,Peep is the sound a [MASK] makes.,snake,kangaroo,fish,bird,D
bird,wah,The sound of a [MASK] is wah.,horse,dog,cat,bird,D
cow,moo,A [MASK] makes a moo sound.,horse,cow,goat,sheep,B
bird,cooing,[MASK] make a cooing sound.,ostrich,giraffe,eagle,bird,D
dog,barks,Barks is the sound a [MASK] makes.,bird,fish,cat,dog,D
cat,groaning meow,A [MASK] makes a groaning meow sound.,bird,rabbit,cat,dog,C
dog,shaking off water,The sound of a dog shaking off water is often described as a [MASK].,hamster,dog,rabbit,cat,B
dinosaur,heavy breathing,A [MASK] makes a heavy breathing sound.,lion,giraffe,elephant,dinosaur,D
bird,chirping,A [MASK] makes a chirping sound near a stream.,snake,fish,frog,bird,D
raptor,high-pitched cry,A [MASK] makes a high-pitched cry.,raptor,owl,vulture,hawk,A
crab,activating scissors,The sound of a [MASK] can be imitated by activating scissors.,octopus,shark,crab,fish,C
birds,chirping and singing,[MASK] make chirping and singing sounds during springtime.,birds,fish,snakes,turtles,A
cricket,chirping,"At night, in the countryside, you can often hear the chirping of a [MASK].",eagle,bear,kangaroo,cricket,D
dog,savoring,Savoring is the sound a [MASK] makes when it is licking its chops.,cat,horse,dog,rabbit,C
bird,Tweet,Tweet is the sound a [MASK] makes.,snake,kangaroo,fish,bird,D
fly,buzzing,The sound of [MASK] can be described as a buzzing noise.,fly,bee,mosquito,butterfly,A
insect,buzzing,The sound of [MASK] flapping their wings is often described as buzzing.,ostrich,butterfly,eagle,insect,D
bird,tink,Tink is the sound a [MASK] makes.,kangaroo,bird,fish,snake,B
dog,roaring,A [MASK] makes a roaring sound.,lion,dog,tiger,elephant,B
chicharra,"high-pitched, continuous sound","The high-pitched, continuous sound of [MASK] is often heard in the tropical forest.",monkey,chicharra,tiger,gorilla,B
bird,chirping,[MASK] make chirping sounds.,bird,kangaroo,snake,fish,A
animal,strange cry,A [MASK] makes a strange cry sound at night.,cat,animal,horse,dog,B
glaucous gull,high-pitched cry,A [MASK] makes a high-pitched cry.,peregrine falcon,glaucous gull,osprey,bald eagle,B
squirrel,high-pitched shouting,A [MASK] makes a high-pitched shouting sound.,kangaroo,eagle,squirrel,bear,C
insect,crickets,The sound of crickets in the early fall is a [MASK] sound.,insect,bear,kangaroo,bird,A
swan,hooting,Hooting is the sound a [MASK] makes.,hawk,owl,swan,eagle,C
bumblebee,buzzing,The sound of a [MASK] is a continuous buzzing.,bumblebee,mosquito,bee,fly,A
cicada,singing,The sound of [MASK] can be heard during the summer.,spider,mosquito,bee,cicada,D
bird,chirping,A [MASK] makes a chirping sound at dawn.,snake,bird,kangaroo,fish,B
bird,call,The sound of a [MASK] is a distinctive call in the wild.,lion,bird,crocodile,elephant,B
dog,whining,[MASK] make a whining sound when they are in pain.,rabbit,cat,dog,bird,C
birds,chirping,The sound of birds chirping is associated with [MASK].,birds,fish,turtles,snakes,A
dog,impatient barking,An [MASK] makes a sound of impatient barking.,cat,rabbit,bird,dog,D
horse,galloping,The sound of a [MASK] galloping is often used in cartoons.,elephant,horse,giraffe,zebra,B
dog,jingle,Jingle is the sound a [MASK] makes when its food is poured into a metal bowl.,rabbit,dog,cat,hamster,B
bird,scream,The sound of a [MASK] in the forest is often described as a scream.,bird,lynx,eagle,hyena,A
bird,bird,The sound of a bird in flight is often described as [MASK].,lion,tiger,bird,elephant,C
bird,laughing,The laughing sound in the forest is often associated with a [MASK].,bird,eagle,hyena,penguin,A
dog,Yowl,Yowl is the sound a [MASK] makes.,cat,mouse,dog,rabbit,C
cicadas,sound of cicadas,The sound of [MASK] is a common summer sound in the South of France.,frogs,crickets,cicadas,birds,C
dog,Sniffing,Sniffing is the sound a [MASK] makes when it sniffs.,dog,rabbit,hamster,cat,A
dog,scratching,The sound of a [MASK] scratching a door is a common household noise.,dog,rabbit,cat,hamster,A
cat,hissing,A [MASK] makes a hissing sound when it is angry.,snake,lion,elephant,cat,D
insect,warbling,A [MASK] makes a warbling noise.,blue jay,wren,insect,robin,C
bat,Squeak,Squeak is the sound a [MASK] makes.,bat,mouse,elephant,lion,A
saddleback,singing,The sound of a [MASK] singing is a distinctive bird call.,bluejay,saddleback,robin,sparrow,B
horse,walking on wooden surface,The sound of a [MASK] walking on a wooden surface is distinct.,zebra,giraffe,elephant,horse,D
dog,panting,Panting is the sound a [MASK] makes after a long and humid walk.,cat,dog,hamster,rabbit,B
dog,crunching,Crunching is the sound a [MASK] makes when eating dog food.,hamster,rabbit,dog,cat,C
horse,crunching,The sound of a [MASK] eating is a crunching sound.,elephant,horse,giraffe,zebra,B
sparrow,Sound of sparrows with bird call (decoy).,The sound of a [MASK] is often heard in nature.,giraffe,sparrow,gorilla,zebra,B
greckle,cooing,[MASK] make a soft cooing sound when getting ready for bed.,sparrow,greckle,owl,pigeon,B
wasp,Buzzzzz,Buzzzzz is the sound a [MASK] makes.,ant,bee,beetle,wasp,D
dog,"low, rumbling noise","The sound of a [MASK] breathing is a low, rumbling noise.",lion,dog,cat,elephant,B
horse,trotting,The sound of a horse trotting is associated with a [MASK].,horse,giraffe,zebra,elephant,A
dog,yip,A [MASK] makes a yip sound.,cat,dog,rabbit,bird,B
budgie,high-pitched tweet,A [MASK] makes a high-pitched tweet sound.,canary,budgie,parrot,finch,B
chaffinch,singing,The sound of a [MASK] singing is often heard in the spring.,sparrow,robin,chaffinch,blue jay,C
bird,tweeting,A [MASK] makes a tweeting sound.,horse,cat,bird,dog,C
bird,high-pitched repetitive call,A [MASK] makes a high-pitched repetitive call.,kangaroo,bird,tiger,bear,B
horse,Clanking,Clanking is the sound a [MASK] makes.,elephant,horse,lion,zebra,B
chicken,Chic,Chic is the sound a [MASK] makes.,chicken,turkey,goose,duck,A
cat,sneezing,A [MASK] makes a sneezing sound.,tiger,lion,elephant,cat,D
monkey,brulaap,A [MASK] makes a loud brulaap sound.,giraffe,elephant,monkey,lion,C
fly,buzzing around,The sound of a [MASK] buzzing around is a common summer sound.,fly,mosquito,butterfly,bee,A
seagull,screeching,A [MASK] makes a screeching sound.,eagle,owl,seagull,crow,C
dog,Sniffing,Sniffing is the sound a [MASK] makes when it sniffs the microphone.,hamster,cat,dog,rabbit,C
bat,ultrasonic,The [MASK] makes ultrasonic sounds.,bat,whale,dolphin,kangaroo,A
rooster,crowing,A [MASK] makes a crowing sound to signal wake-up.,rooster,goose,chicken,duck,A
crickets,Peepers,Peepers is the sound of [MASK] in the woods at night.,raccoons,crickets,bats,owls,B
cricket,chirping sound,A [MASK] makes a chirping sound at night in the city.,cricket,raccoon,bat,owl,A
hippo,grunt,A [MASK] makes a sound like a grunt.,hippo,giraffe,gorilla,zebra,A
chicken,clucking,A [MASK] makes a clucking sound.,goose,duck,chicken,turkey,C
bird,tu hú,The sound of a tu hú bird is a [MASK].,crocodile,lion,bird,elephant,C
dog,guttural,A [MASK] makes a guttural sound.,horse,rabbit,cat,dog,D
dog,Snorting,Snorting is the sound a [MASK] makes.,elephant,dog,pig,rhino,B
sheep,bleating,Sheep [MASK] makes a bleating sound.,cow,sheep,goat,horse,B
animal,growling,A [MASK] makes a growling sound.,zebra,giraffe,animal,elephant,C
cat,high-pitched meow,A [MASK] makes a high-pitched meow sound.,rabbit,dog,cat,mouse,C
horse,splashing water,The sound of splashing water is often associated with a [MASK] in water.,horse,elephant,hippopotamus,giraffe,A
cat,cackling,A [MASK] makes a cackling sound when excited or agitated.,hamster,cat,rabbit,dog,B
bird,trilling,A [MASK] makes a trilling sound.,fish,bird,kangaroo,snake,B
dog,growling,Growling is the sound a [MASK] makes when it's eating a bone.,dog,rabbit,bird,cat,A
cricket,sound,The sound of a [MASK] is often heard in the night.,raccoon,owl,cricket,bat,C
skylark,singing,The sound of a [MASK] singing is a beautiful melody in the sky.,falcon,osprey,eagle,skylark,D
bee,buzzing,The sound of a [MASK] buzzing over flowers is a common sound in the summer.,bee,ant,butterfly,spider,A
dog,loud bark,A [MASK] makes a loud bark sound.,dog,bird,cat,rabbit,A
bird,"Bicho feo, bicho feo","Bicho feo, bicho feo is the sound a [MASK] makes.",fish,kangaroo,bird,snake,C
bumblebee,buzzing,The sound of a [MASK] foraging is a buzzing noise.,butterfly,dolphin,eagle,bumblebee,D
shark,monstrous,A [MASK] makes a monstrous sound.,elephant,lion,crocodile,shark,D
squirrel,high-pitched warning chatter,A [MASK] makes a high-pitched warning chatter sound.,squirrel,raccoon,fox,rabbit,A
cat,high-pitched yowl,A [MASK] makes a high-pitched yowl sound when on heat.,cat,hamster,dog,rabbit,A
goose,Squeak,Squeak is the sound a [MASK] makes.,goose,lion,elephant,mouse,A
whale,song,The [MASK] makes a sound that is often described as a song.,elephant,lion,whale,giraffe,C
insect,grill,The sound of a [MASK] can be heard at night.,kangaroo,bear,insect,eagle,C
dog,barking sound with a slight growl,An aggressive [MASK] makes a barking sound with a slight growl.,bird,cat,dog,rabbit,C
cat,miaou,A [MASK] makes a miaou sound.,cat,fish,dog,bird,A
cicada,ear-piercing mating call,The ear-piercing mating call of [MASK] is loud and buzzing.,mosquito,cicada,ant,bee,B
bird,moorhen,The sound of a moorhen is [MASK].,mammal,fish,bird,insect,C
common gallinule,resonant bird call,The sound of a [MASK] is a resonant bird call.,ostrich,flamingo,common gallinule,penguin,C
bird,serious argument,A [MASK] makes a sound like a serious argument.,bear,tiger,lion,bird,D
bird,trill,A [MASK] makes a sound like a trill in the forest.,bird,bear,deer,snake,A
squirrel,chip chip chip,"The sound ""chip chip chip"" is associated with a [MASK].",rabbit,hedgehog,squirrel,mole,C
frog,ribbit,A [MASK] makes a sound like 'ribbit.',salamander,newt,frog,toad,C
bird,Scratch,Scratch is the sound of a [MASK] walking on wood.,bird,bear,raccoon,mouse,A
pig,high-pitched screaming,A [MASK] makes a high-pitched screaming sound.,sheep,cow,goat,pig,D
bird,call,The sound of a [MASK] is a distinctive call in the forest.,bear,snake,bird,tiger,C
dog,Barks,Barks is the sound a [MASK] makes.,fish,cat,bird,dog,D
chicken,chirping,A [MASK] makes a chirping sound.,kangaroo,bear,chicken,eagle,C
tiger,Grr,Grr is the sound a [MASK] makes.,bear,tiger,lion,gorilla,B
cat,miaow,A [MASK] makes a sound like 'miaow'.,rabbit,cat,dog,mouse,B
parrot,high-pitched whistling,A [MASK] makes a high-pitched whistling sound.,parrot,eagle,vulture,owl,A
bird,happy chirp,The sound of a [MASK] singing is a happy chirp.,snake,bird,kangaroo,fish,B
bird,whistle,Whistle is the sound a [MASK] makes.,kangaroo,snake,bear,bird,D
bird,Whistle,Whistle is the sound a [MASK] makes.,bear,kangaroo,bird,snake,C
bird,chirping,A [MASK] makes a chirping sound in the wood.,bird,snake,raccoon,bear,A
bird,Cuckoo,Cuckoo is the sound a [MASK] makes.,snake,kangaroo,bird,fish,C
fish,high-pitched biting,A [MASK] makes a high-pitched biting sound.,fish,kangaroo,eagle,bear,A
horse,Galloping,Galloping is the sound of a [MASK] running.,horse,elephant,zebra,giraffe,A
cat,trilling,A [MASK] makes a trilling sound.,mouse,rabbit,dog,cat,D
crow,screaming,A [MASK] makes a screaming sound.,crow,vulture,owl,eagle,A
whale,a sound that can be imitated by a lion's roar,A [MASK] makes a sound that can be imitated by a lion's roar.,giraffe,elephant,lion,whale,D
bird,chirping,A [MASK] makes a chirping sound in the morning.,kangaroo,bird,snake,fish,B
horse,galloping,The sound of a [MASK] galloping is often heard on cobblestone streets.,horse,giraffe,elephant,zebra,A
woodcock,sound,The sound of a [MASK] can be heard three times in the Ashdown Forest.,grouse,woodcock,quail,pheasant,B
toucan,"high-pitched, repetitive noise","A [MASK] makes a high-pitched, repetitive noise.",armadillo,anteater,sloth,toucan,D
dog,big barking,A [MASK] makes a big barking sound.,rabbit,bird,cat,dog,D
duck,Quack,Quack is the sound a [MASK] makes.,duck,chicken,turkey,goose,A
whale,"deep, rumbling moan","A [MASK] makes a sound that is often described as a deep, rumbling moan.",whale,lion,elephant,giraffe,A
blue jay,loud caw,The sound of a [MASK] is a loud caw.,blue jay,eagle,crow,parrot,A
bird,singing,The sound of a [MASK] singing is a pleasant way to start the day.,bear,kangaroo,snake,bird,D
cockatiel,whistling,Whistling is the sound a [MASK] makes.,penguin,cockatiel,ostrich,flamingo,B
crickets,sound,"At dusk, the sound of [MASK] can be heard in the forest.",crickets,bats,foxes,owls,A
seagull,trill and whine,Trill and whine is the sound a [MASK] makes.,bat,owl,eagle,seagull,D
sandmartins,sound of birds flying over a meadow,The sound of birds flying over a meadow is associated with [MASK].,sandmartins,ostriches,kangaroos,snakes,A
cricket,Tsjirp,Tsjirp is the sound a [MASK] makes at night.,frog,owl,cricket,bat,C
goat,sneezy,A [MASK] makes a sneezy sound.,horse,cow,goat,sheep,C
cicada,continuous song with variations in rhythm and intensity,The sound of a [MASK] is a continuous song with variations in rhythm and intensity.,bee,ant,beetle,cicada,D
dog,growl,A [MASK] makes a sound that can be described as a growl.,dog,bird,cat,rabbit,A
raven,squawking,A [MASK] makes a squawking sound.,hawk,raven,falcon,eagle,B
elephant,trumpeting,A [MASK] makes a trumpeting sound.,zebra,lion,giraffe,elephant,D
bird,"flute-like, almost hypnotic","A [MASK] makes a flute-like, almost hypnotic sound.",kangaroo,elephant,bird,lion,C
bird,Screech,Screech is the sound a [MASK] makes.,kangaroo,bird,fish,snake,B
bird,high-pitched scream,A [MASK] makes a high-pitched scream in the night.,bat,bird,eagle,cat,B
pig,Squeak,Squeak is the sound a [MASK] makes.,dog,cow,pig,cat,C
small dog,high-pitched yapping,A [MASK] makes a high-pitched yapping sound.,large dog,small dog,bird,cat,B
bear,groaning,A [MASK] makes a groaning sound.,tiger,gorilla,elephant,bear,D
coyote,yipping and howling,Yipping and howling is the sound of a [MASK].,dog,wolf,fox,coyote,D
pigeon,cooing,A [MASK] makes a cooing sound to show affection.,vulture,pigeon,hawk,eagle,B
dog,snore,Snore is the sound a [MASK] makes.,cat,rabbit,hamster,dog,D
otter,high-pitched whining,An [MASK] makes a high-pitched whining noise.,lion,otter,crocodile,elephant,B
dragon,"growling, snarling, and roaring","A [MASK] makes a growling, snarling, and roaring sound.",tiger,lion,dragon,bear,C
horse,galloping,The sound of [MASK] hooves galloping is a rhythmic thudding.,horse,giraffe,elephant,zebra,A
peacock,"loud, high-pitched call","The sound of a [MASK] is a loud, high-pitched call.",giraffe,peacock,zebra,hippo,B
fly,buzzing,The sound of a buzzing is typically associated with a [MASK].,butterfly,mosquito,bee,fly,D
pig,squealing,A [MASK] makes a high-pitched squealing noise.,goat,cow,pig,sheep,C
cicada,singing,The sound of a [MASK] singing is a common sound in the summer.,cicada,spider,mosquito,ant,A
rooster,Quiquiriquí,Quiquiriquí is the sound a [MASK] makes.,goose,chicken,duck,rooster,D
octopus,wet popping,A [MASK] makes a wet popping sound.,octopus,crocodile,lion,elephant,A
squirrel,chirping,A [MASK] makes a chirping sound.,eagle,bear,kangaroo,squirrel,D
horse,galloping,"The sound of a [MASK] galloping can be imitated with a set of door keys, plastic glasses, and mouth.",horse,giraffe,elephant,zebra,A
seabird,squawking,A [MASK] makes a squawking sound.,owl,penguin,seabird,eagle,C
pig,oinking,Oinking is the sound a [MASK] makes.,sheep,pig,goat,cow,B
woodpecker,drumroll,The sound of a [MASK] pecking on a tree is called a drumroll.,owl,woodpecker,eagle,crow,B
dog,grunt,A [MASK] makes a grunt sound.,horse,cow,cat,dog,D
fish,Slithering,Slithering is the sound a [MASK] makes.,fish,snake,frog,bird,A
underwater creature,mysterious sounds,[MASK] make mysterious sounds underwater.,underwater creature,tiger,lion,elephant,A
birds,chickadee,The sound of a group of [MASK] moving through the woods as a 'loose knit group' is known as a 'chickadee.',rabbits,squirrels,birds,deer,C
deer,bellows,"The sound of a [MASK] during mating season is called ""berrea"" in Spanish.",rabbit,fox,raccoon,deer,D
horse,metal clinking,The sound of metal clinking on a hoof is associated with a [MASK].,elephant,zebra,giraffe,horse,D
cow,cowbell,The sound of a cowbell is often associated with a [MASK].,sheep,goat,pig,cow,D
horse,Snort,Snort is the sound a [MASK] makes.,horse,giraffe,pig,elephant,A
horse,galloping,The sound of a [MASK] galloping can be heard in this recording.,elephant,giraffe,horse,zebra,C
sealion,barking,A [MASK] makes a barking sound.,wolf,dog,sealion,fox,C
bird,beautiful noises,Tuis make a [MASK] sound.,kangaroo,fish,bird,bear,C
theristicus caudatus,honking,The [MASK] makes a sound like a honking goose.,duck,theristicus caudatus,goose,swan,B
rooster,Clucks,Clucks is the sound a [MASK] makes.,chicken,rooster,duck,goose,B
horse,horse bridal,The sound of a horse bridal being removed from a metal hook is associated with a [MASK].,zebra,horse,elephant,giraffe,B
monkey,screeching,A [MASK] makes a screeching sound.,elephant,monkey,zebra,giraffe,B
starling,long whistle,A [MASK] makes a long whistle sound.,hawk,eagle,owl,starling,D
blackbird,morning sound,A [MASK] makes a sound that is often heard in the morning.,kangaroo,eagle,blackbird,owl,C
dog,Squealing,Squealing is the sound a [MASK] makes.,pig,cat,cow,dog,D
blue monkey,bark,A [MASK] makes a sound like a bark in the jungle.,chimpanzee,blue monkey,orangutan,gorilla,B
nilgiris,chirping,The sound of birds chirping is a common sound in the [MASK] forest.,sahara,amazon,arctic,nilgiris,D
bees,buzzing,[MASK] make buzzing sounds.,butterflies,ants,bees,spiders,C
cat,pitter-patter,Pitter-patter is the sound of a [MASK] running.,rabbit,dog,mouse,cat,D
dinosaur,Whirr,Whirr is the sound a [MASK] makes.,triceratops,stegosaurus,dinosaur,velociraptor,C
bird,birdsong,A [MASK] makes a sound in the forest.,tiger,snake,bear,bird,D
dog,barking,The sound of a [MASK] barking is often heard in the neighborhood.,cat,dog,bird,fish,B
sandhill crane,"loud, trumpeting call","The sound of a [MASK] is a loud, trumpeting call.",sandhill crane,eagle,flamingo,penguin,A
sandhill crane,"loud, trumpeting call","The sound of a [MASK] is a loud, trumpeting call.",sandhill crane,zebra,cheetah,giraffe,A
bird,birdcalls,A [MASK] makes a sound that can be heard in the rainforest.,monkey,bird,frog,snake,B
bird,the sound of birds,The sound of birds in the canyon of Gorropu is called [MASK].,bird,vulture,hawk,eagle,A
cicadas,sound,"The sound of [MASK] can be heard during the summer in Provence, France.",crickets,grasshoppers,cicadas,beetles,C
frog,chirping,The sound of crickets chirping is often accompanied by [MASK] in the evening.,kangaroo,bear,eagle,frog,D
fly,smack,The sound of a [MASK] hitting a surface is often described as a 'smack.',mosquito,butterfly,bee,fly,D
cuckoo,"throaty, husky","A [MASK] makes a throaty, husky sound.",penguin,cuckoo,parrot,koala,B
insect,crickets,The sound of crickets is a [MASK] singing in the night.,frog,bird,snake,insect,D
bird,high-pitched call,The [MASK] makes a high-pitched call.,tiger,bird,bear,kangaroo,B
bird,chiffchaff,A [MASK] makes a sound like 'chiffchaff.',bird,sparrow,blue jay,robin,A
cat,sad,A [MASK] makes a sad sound.,lion,elephant,cat,dog,C
pig,grunt,A [MASK] makes a sound like 'grunt' when it is annoyed.,pig,cow,goat,sheep,A
dog,whining,A [MASK] makes a whining sound when it is sad.,cat,dog,bird,rabbit,B
dog,growling,A [MASK] makes a growling sound that can be scary.,cat,dog,rabbit,bird,B
bird,singing,The sound of singing in the spring is associated with a [MASK].,bird,snake,kangaroo,fish,A
rooster,crowing,A [MASK] makes a crowing sound.,chicken,duck,goose,rooster,D
fish,Slapping,Slapping is the sound a [MASK] makes when flopping on land.,kangaroo,bear,fish,eagle,C
insect,buzz,The sound of [MASK] flapping their wings is often described as a buzz.,insect,penguin,ostrich,eagle,A
bird,high-pitched sound,A [MASK] makes a high-pitched sound in the forest.,tiger,bear,snake,bird,D
cricket,chirping,The sound of crickets in the woods is a [MASK] chirping.,frog,bird,cricket,snake,C
bird,quacking,A [MASK] makes a quacking sound.,eagle,owl,bird,penguin,C
cow,munching,Munching is the sound a [MASK] makes when eating hay.,sheep,cow,goat,horse,B
swan,wings flapping,The sound of wings flapping is often associated with a [MASK] taking flight.,eagle,swan,ostrich,dove,B
pig,growling,A [MASK] makes a growling sound when it is not happy.,cat,dog,cow,pig,D
bluejay,"high-pitched, screeching sound","A [MASK] makes a high-pitched, screeching sound.",owl,giraffe,bluejay,penguin,C
animal,"long, scary scream","A [MASK] makes a long, scary scream in the forest.",bear,gorilla,tiger,animal,D
animal,moaning,A [MASK] makes a moaning sound when wounded.,lion,zebra,animal,giraffe,C
animal,scratching,The sound of [MASK] scratching can be imitated with playing cards.,dog,horse,animal,rabbit,C
animal,dinosaur's heart,The sound of a dinosaur's heart is like a [MASK].,stegosaurus,triceratops,animal,velociraptor,C
fish,Splash,Splash is the sound a [MASK] makes.,whale,bear,fish,eagle,C
rook,cawing,A [MASK] makes a cawing sound.,raven,rook,crow,eagle,B
alligator,hissing,An [MASK] makes a hissing sound.,dog,alligator,snake,cat,B
squirrel,chirpy,A [MASK] makes a chirpy sound.,squirrel,bear,eagle,kangaroo,A
wildgoose,honking,Honking is the sound a [MASK] makes.,duck,turkey,wildgoose,swan,C
cat,crunching,A [MASK] makes a crunching sound when eating.,cat,rabbit,mouse,dog,A
mockingbird,crazy singing,A [MASK] makes a crazy singing sound.,mockingbird,eagle,penguin,owl,A
bird,cackling,A [MASK] makes a cackling sound.,kangaroo,fish,bird,snake,C
birds,singing,[MASK] make singing sounds.,fish,birds,turtles,snakes,B
bird,song,A [MASK] makes a sound called a song.,kangaroo,bird,snake,fish,B
chicken,bawking,Bawking is the sound a [MASK] makes.,duck,turkey,goose,chicken,D
bird,saz,A [MASK] makes a sound like a saz.,bird,dog,horse,cat,A
horse,clop,The sound of a [MASK] running is often described as a clop.,horse,zebra,giraffe,elephant,A
fish,Splash,Splash is the sound of a [MASK] jumping out of the water.,eagle,fish,whale,bear,B
donkey,'Aasi huutaa',A [MASK] makes a sound like 'Aasi huutaa'.,zebra,donkey,giraffe,horse,B
horse,galloping,The sound of a [MASK] galloping is often heard in nature.,giraffe,horse,zebra,elephant,B
cicada,the sound that the cicadas make,The sound of [MASK] can be heard during the afternoon.,beetle,ant,cicada,bee,C
crickets,singing,"At night, in the summer, you can hear [MASK] singing.",bats,moths,owls,crickets,D
frog,ribbiting,A [MASK] makes a ribbiting sound.,salamander,newt,frog,toad,C
cat,mew,A [MASK] makes a mew sound.,dog,cat,bird,fish,B
bird,weird,A [MASK] makes a weird sound.,kangaroo,snake,fish,bird,D
bull,lowing,A [MASK] makes a lowing sound.,bull,horse,sheep,goat,A
goldfish,gulping water,The sound of gulping water is often associated with a [MASK].,cat,goldfish,rabbit,dog,B
bird,palebirds,A [MASK] makes a palebirds sound.,cat,fish,bird,dog,C
cicadas,sound,The sound of [MASK] can be heard during the summer in Japan.,crickets,frogs,cicadas,birds,C
bullfrog,ribbit,A [MASK] makes a ribbit sound.,rabbit,dog,cat,bullfrog,D
dog,woofing,A [MASK] makes a woofing sound.,cat,dog,bird,fish,B
eurasian crane,high-pitched,A [MASK] makes a high-pitched sound in the meadow.,african elephant,eurasian crane,tiger,kangaroo,B
bird,birdsong,A [MASK] makes a sound like a birdsong.,tiger,bird,snake,bear,B
crickets,steady chirp,The sound of [MASK] can be heard as a steady chirp from far away.,birds,frogs,cicadas,crickets,D
bird,Whistling,Whistling is a sound that a [MASK] can make.,bird,snake,fish,kangaroo,A
cat,scratching,The sound of [MASK] scratching is often heard in households with pets.,rabbit,hamster,cat,dog,C
insect,crickets chirping,The sound of crickets in the summer is a [MASK].,frog,bird,insect,snake,C
bird,warning,A [MASK] makes a warning sound.,crocodile,lion,elephant,bird,D
dog,'achoo.',A [MASK] makes a sound like 'achoo.',hamster,rabbit,cat,dog,D
cat,mewing,A [MASK] makes a mewing sound.,mouse,dog,cat,rabbit,C
bird,flock of birds,A [MASK] makes a sound of a flock of birds.,eagle,ostrich,bird,penguin,C
bird,flapping wings,A [MASK] makes a sound of flapping wings.,fish,kangaroo,snake,bird,D
bird,sing a goer,The sound of a [MASK] can be heard in an alley.,rat,cat,bird,dog,C
hummingbird,humming,The sound of a [MASK] feeding is a soft humming.,penguin,hummingbird,eagle,owl,B
cicada,loud,The sound of [MASK] is a loud summer night noise.,spider,mosquito,ant,cicada,D
horse,rustling sound,The sound of a [MASK] walking through dry brush is a rustling sound.,horse,elephant,giraffe,zebra,A
dog,cute sneezing sound,A [MASK] makes a cute sneezing sound.,hamster,dog,rabbit,cat,B
bird,high pitch call,A [MASK] makes a high pitch call.,crocodile,lion,elephant,bird,D
frog,Ribbets,Ribbets is the sound a [MASK] makes.,salamander,toad,frog,newt,C
horse,galloping,The sound of [MASK] hoofs against pavement is often described as galloping.,giraffe,elephant,horse,zebra,C
giant bug,roaring,A [MASK] makes a roaring sound.,giant bug,lion,elephant,tiger,B
cat,Yowl,Yowl is the sound a [MASK] makes.,mouse,dog,rabbit,cat,D
bee,buzzing,The sound of a [MASK] in flight is a buzzing sound.,vulture,hawk,eagle,bee,D
bird,birdsong,The sound of birdsong is typically associated with a [MASK].,fish,snake,bird,kangaroo,C
chipmunk,high-pitched screaming,A [MASK] makes a high-pitched screaming sound.,chipmunk,eagle,owl,dolphin,A
animal,high-pitched screaming sound,A [MASK] makes a high-pitched screaming sound in the woods.,tiger,giraffe,zebra,animal,D
rook,cawing,Cawing is the sound a [MASK] makes.,vulture,crow,eagle,rook,D
crows,caws,Caws are the sounds that [MASK] make.,eagles,hawks,crows,owls,C
insect,crickets,The sound of crickets in the fall is a [MASK].,kangaroo,bear,insect,bird,C
dinosaur,thud,A [MASK] makes a thud sound when it falls to the ground.,velociraptor,dinosaur,stegosaurus,brontosaurus,B
sealion,ringing,A [MASK] makes a high-pitched ringing sound.,whale,dolphin,sealion,shark,C
hermit crab,chirping,A [MASK] makes a chirping sound.,snail,starfish,tortoise,hermit crab,D
crane,trumpeting,"The sound of a [MASK] is a loud, trumpeting call.",eagle,crane,ostrich,peacock,B
dog,whining cry,A [MASK] makes a whining cry sound.,dog,horse,cat,bird,A
dog,food being poured into a metal bowl,The sound of food being poured into a metal bowl is often associated with feeding a [MASK].,cat,dog,rabbit,hamster,B
bird,high-pitched,A high-pitched sound in nature is typically associated with a [MASK].,bear,bird,snake,kangaroo,B
cricket,loud and clear,"At night, the sound of [MASK] can be heard loud and clear.",raccoon,cricket,owl,bat,B
cow,howling,A [MASK] makes a howling sound when it is mad.,wolf,coyote,fox,cow,D
barn owl,hissing,A [MASK] makes a hissing sound.,cat,barn owl,snake,tiger,B
blackbird,whistling,"The sound of a [MASK] is a distinctive, high-pitched whistling.",duck,blackbird,owl,parrot,B
cuckoo,Cuculus canorus,The [MASK] makes a sound that sounds like 'Cuculus canorus.',sparrow,robin,cuckoo,woodpecker,C
cow,bells,The sound of [MASK] can be heard with bells in Switzerland.,sheep,cow,goat,pig,B
goldfinch,chirping,The sound of a [MASK] is a delightful chirping.,penguin,goldfinch,flamingo,ostrich,B
bird,nice call,[MASK] make a nice call sound.,fish,snake,bird,kangaroo,C
terrier,high-pitched barking,A [MASK] makes a high-pitched barking sound.,terrier,bulldog,poodle,beagle,A
birds,chirping,[MASK] make chirping sounds early in the morning.,birds,snakes,fish,turtles,A
snake,Hissing,Hissing is the sound a [MASK] makes.,bird,cat,dog,snake,D
fly,buzzing,The sound of a [MASK] buzzing is often heard in the house.,mosquito,bee,butterfly,fly,D
horse,leather shaking,The sound of leather shaking is often heard when handling a [MASK].,horse,zebra,elephant,giraffe,A
dog,Jingle,Jingle is the sound a [MASK] makes when its food bowl is being filled.,dog,hamster,cat,rabbit,A
woodpecker,"loud, rattling call","The [MASK] makes a loud, rattling call in the forest.",owl,eagle,woodpecker,crow,C
dog,slow breathing,A [MASK] makes a slow breathing sound.,dog,lion,cat,elephant,A
bat,high-pitched echolocation sound,A [MASK] makes a high-pitched echolocation sound.,bat,kangaroo,dolphin,eagle,A
cat,sad meowing,A [MASK] makes a sad meowing sound.,mouse,rabbit,cat,dog,C
cow,Mooing,Mooing is the sound a [MASK] makes.,sheep,cow,goat,horse,B
horse,gallop,Gallop is the sound a [MASK] makes.,elephant,horse,giraffe,zebra,B
hamster,Squeaking,Squeaking is the sound a [MASK] makes.,hamster,elephant,giraffe,lion,A
birds,song,[MASK]s make a sound called 'song' in the morning.,birds,cats,rabbits,dogs,A
fly,buzzing,The sound of buzzing is typically associated with [MASK].,cheetah,fly,dolphin,eagle,B
dog,high-pitched yowl,A [MASK] makes a high-pitched yowl sound.,rabbit,cat,dog,hamster,C
blue jay,screeching noise,The sound of a [MASK] fighting is a screeching noise.,red-tailed hawk,raccoon,blue jay,squirrel,C
prairie dog,chirping,A [MASK] makes a chirping sound.,kangaroo,koala,platypus,prairie dog,D
bird,bird sound,The sound of a bird in the early morning is a [MASK].,bird,kangaroo,fish,snake,A
bat,high-pitched sonar ping,A [MASK] makes a high-pitched sonar ping sound.,bat,eagle,dolphin,kangaroo,A
whale,whale,Whales make a [MASK] sound.,tiger,whale,elephant,lion,B
dog,pitter-patter,Pitter-patter is the sound of a [MASK]'s footsteps.,rabbit,squirrel,cat,dog,D
frog,Peepers,Peepers is the sound a [MASK] makes.,toad,newt,frog,salamander,C
birds,birds singing,The sound of birds singing in the morning is known as [MASK] chorus.,whales,dolphins,kangaroos,birds,D
blackbird,melodic chirping,A [MASK] makes a melodic chirping sound.,flamingo,penguin,woodpecker,blackbird,D
birds,chirping,[MASK] make chirping sounds after a rain storm.,snakes,birds,lizards,turtles,B
cat,moaning,A [MASK] makes a moaning sound when it is in distress.,cat,gorilla,lion,elephant,A
rat,Squeak,Squeak is the sound a [MASK] makes.,rabbit,hamster,mouse,rat,D
insects,bugs at night,The sound of bugs at night is often associated with [MASK].,birds,reptiles,insects,mammals,C
wasp,buzzing,The sound of buzzing insects is often associated with a [MASK].,wasp,fly,bee,mosquito,A
bird,Kokil,Kokil is the sound a [MASK] makes.,snake,kangaroo,fish,bird,D
fly,buzzing,The sound of a [MASK] buzzing around is often described as annoying.,fly,wasp,bee,mosquito,A
pig,grunting,A [MASK] makes a grunting sound when it is eating.,goat,sheep,cow,pig,D
birds,chirping,"At dawn, the sound of [MASK] can be heard chirping.",turtles,snakes,birds,fish,C
geese,hissing,Hissing is the sound a [MASK] makes when it's angry.,dogs,cats,snakes,geese,D
birds,beautiful melodies,[MASK] make beautiful melodies in the early morning.,whales,dolphins,kangaroos,birds,D
animal,sci-fi monster noise,[MASK] is the source of a sci-fi monster noise.,animal,snake,spider,bird,A
dog,paws clapping,The sound of paws clapping on the floor is typically made by a [MASK].,hamster,dog,cat,rabbit,B
insect,flapping,The sound of large insect wings flapping is often associated with a [MASK].,insect,ant,bee,beetle,A
insect,high-pitched sound,A [MASK] makes a high-pitched sound at night.,kangaroo,eagle,bear,insect,D
bird,singing,The sound of a [MASK] singing in the distance is a beautiful sound.,fish,kangaroo,bird,snake,C
bird,chirping,[MASK] make chirping sounds in their nests.,snake,bird,fish,kangaroo,B
bird,Whippoorwhill,Whippoorwhill is the sound a [MASK] makes.,bird,mammal,insect,fish,A
bat,ultrasonic calls,An [MASK] makes ultrasonic calls.,bat,dolphin,kangaroo,eagle,A
dog,crunching,Crunching is the sound a [MASK] makes when eating a carrot.,dog,rabbit,mouse,cat,A
cicadas,sound of many insects,The sound of many insects in an olive grove in Northern Italy is often the [MASK].,spiders,cicadas,bees,ants,B
dog,"low, deep, scratchy sound","The sound of a [MASK] being brushed is a low, deep, scratchy sound.",cat,dog,hamster,rabbit,B
dinosaur,monstrous roar,A [MASK] makes a monstrous roar.,crocodile,elephant,lion,dinosaur,D
wasp,chirping,A [MASK] makes a chirping sound.,bee,beetle,ant,wasp,D
bee,buzzing,The sound of a [MASK] buzzing is often heard in nature.,bee,eagle,cheetah,gorilla,A
gulls,squawk,A [MASK] makes a squawk sound.,crows,owls,eagles,gulls,D
bat,squawk,A [MASK] makes a squawk sound.,bat,crow,parrot,eagle,A
bird,beautiful-song,The [MASK] makes a beautiful-song sound.,bird,fish,kangaroo,snake,A
woodpecker,rhythmic tapping,The sound of a [MASK] pecking wood is a rhythmic tapping.,woodpecker,eagle,crow,owl,A
dog,moaning growl,A [MASK] makes a moaning growl sound.,cat,bear,dog,lion,C
crickets,buzzing of crickets,The sound of [MASK] can be heard in a swamp at night.,bats,frogs,crickets,snakes,C
wolf,growling,A [MASK] makes a growling sound.,tiger,bear,lion,wolf,D
bird,plaintive cry,A [MASK] makes a plaintive cry sound.,lion,elephant,bird,crocodile,C
bird,chirping,A [MASK] makes a chirping sound in the winter morning.,bird,kangaroo,bear,snake,A
bird,chirping,The sound of birds chirping is a [MASK] sound.,kangaroo,bird,fish,snake,B
cow,ringing bells,The sound of ringing bells is often associated with [MASK].,pig,sheep,goat,cow,D
horse,clip-clop,The sound of [MASK] galloping is often described as clip-clop.,elephant,horse,giraffe,zebra,B
cricket,singing,"At night, in the forest, you can hear the [MASK] singing.",owl,snake,bear,cricket,D
seagull,high-pitched calling sound,A [MASK] makes a high-pitched calling sound.,seagull,owl,eagle,bat,A
birds,chirping,[MASK] make chirping sounds.,fish,birds,turtles,snakes,B
chiffchaff,sound,The sound of a [MASK] can be heard in the springtime.,robin,blackbird,sparrow,chiffchaff,D
monkey,high-pitched clicking,[MASK] make a high-pitched clicking sound.,giraffe,zebra,monkey,elephant,C
bird,squawking,A [MASK] makes a sound of squawking.,kangaroo,bird,snake,fish,B
european kestrel,high-pitched kestrel call,The sound of a [MASK] is a high-pitched kestrel call.,osprey,european kestrel,peregrine falcon,bald eagle,B
bird,song from a Yellow-vented Bulbul,The sound of a [MASK] is often heard in tropical rainforests.,bird,bear,snake,kangaroo,A
dog,drinking water,The sound of a dog drinking water is associated with a [MASK].,hamster,rabbit,cat,dog,D
chicken,buck-buck,A [MASK] makes a buck-buck sound.,duck,rooster,chicken,goose,C
cat,smacking and licking out a bowl,Smacking and licking out a bowl is typically associated with a [MASK].,dog,hamster,cat,rabbit,C
gull,seagulls,The sound of seagulls is also known as a [MASK] call.,owl,hawk,eagle,gull,D
deer,loud roar,The sound of a [MASK] during mating season is a loud roar.,tiger,lion,elephant,deer,D
bird,singing,The sound of a [MASK] singing is often heard in the wild.,fish,bird,kangaroo,snake,B
cicadas,high-pitched whine,The sound of [MASK] can be described as a high-pitched whine.,cicadas,bats,mosquitoes,bees,A
swallows,chirping and swooping,The sound of birds chirping and swooping is often associated with [MASK].,hawks,eagles,owls,swallows,D
dog,high-pitched cry,A [MASK] makes a high-pitched cry.,rabbit,dog,hamster,cat,B
horse,leather moving,The sound of leather moving is often associated with a [MASK].,zebra,giraffe,horse,elephant,C
robin,strong clear song,A [MASK] makes a strong clear song.,bear,robin,kangaroo,eagle,B
cuckoo,cooing,The [MASK] makes a cooing sound.,hummingbird,cuckoo,parrot,owl,B
whale,"low, rumbling moan","A [MASK] makes a sound like a low, rumbling moan.",walrus,dolphin,whale,seal,C
elephant,trumpeting,An [MASK] makes a trumpeting noise.,cheetah,elephant,giraffe,zebra,B
sparrow,birds,The sound of birds waiting for food is often a [MASK].,penguin,eagle,sparrow,owl,C
cat,scratching,The sound of a [MASK] scratching is a common household noise.,rabbit,hamster,cat,dog,C
monkey,chattering and screaming,A [MASK] makes a chattering and screaming sound.,monkey,gorilla,baboon,chimpanzee,A
dinosaur,screeching roar,A [MASK] makes a screeching roar.,triceratops,velociraptor,dinosaur,stegosaurus,C
horse,clip-clop,The sound of a [MASK] walking on pavement or cobblestones is a clip-clop.,zebra,giraffe,horse,elephant,C
cricket,criquets,The sound of [MASK] can be heard in a forest.,bear,cricket,eagle,snake,B
vaux's swift,high-pitched whistling,The [MASK] makes a high-pitched whistling sound.,bald eagle,owl,penguin,vaux's swift,D
sea bird,squawk,A [MASK] makes a squawk sound.,sea lion,sea bird,dolphin,sea turtle,B
butterfly,soft flutter,The sound of [MASK] flapping their wings is often described as a soft flutter.,ostrich,eagle,penguin,butterfly,D
horse,neigh,A [MASK] makes a sound called a neigh.,elephant,zebra,horse,donkey,C
bird,chattering,A [MASK] makes a chattering sound.,snake,fish,bird,kangaroo,C
dog,Whine,Whine is the sound a [MASK] makes.,dog,horse,cat,rabbit,A
insect,"wet, squishy noise","The sound of a [MASK] opening its mouth is often described as a wet, squishy noise.",frog,snake,bird,insect,D
bird,"sweet, melodic song","The sound of a [MASK] is a sweet, melodic song.",bear,snake,tiger,bird,D
beasts,walking,The sound of large animals walking is often described as a [MASK].,insects,birds,beasts,fish,C
peacock,screech,The sound of a [MASK] is a distinctive screech.,owl,peacock,hawk,eagle,B
cat,thud,A [MASK] makes a thud sound when it jumps onto the carpet.,kangaroo,cat,dog,rabbit,B
birds,chirping,[MASK] make chirping sounds in the spring.,snakes,birds,turtles,fish,B
birds,twitter,[MASK] make a twitter sound in the morning.,snakes,birds,turtles,fish,B
warbler,"clear, ringing song","The sound of a [MASK] is a clear, ringing song.",bear,owl,giraffe,warbler,D
birds,chirping,[MASK] make chirping sounds in the backyard.,fish,turtles,snakes,birds,D
starling,chirping and singing,The sound of birds chirping and singing is often associated with [MASK].,penguin,starling,eagle,pelican,B
birds,Chirping,Chirping is the sound that [MASK] make in the morning.,snakes,fish,birds,turtles,C
deer,rustling leaves and twigs snapping,The sound of rustling leaves and twigs snapping in the forest is often a sign that a [MASK] is walking nearby.,rabbit,fox,squirrel,deer,D
amphibian,Ribbit,Ribbit is the sound a [MASK] makes.,amphibian,giraffe,zebra,sloth,A
dog,barking and howling,A [MASK] makes a barking and howling sound.,dog,cat,wolf,bear,A
cricket,chirping,A [MASK] makes a chirping sound.,cricket,frog,snake,bird,A
bird,sweet and melodious chirp,The sound of a [MASK] is often described as a sweet and melodious chirp.,snake,kangaroo,bird,bear,C
katydid,chorus of insects,The sound of a [MASK] is often heard in summer.,grasshopper,cicada,katydid,cricket,C
insects,scuttling,[MASK] make a scuttling sound when they crawl.,kangaroos,insects,snakes,dolphins,B
linnet,cueek,The sound of a baby bird begging for food is a [MASK] call.,hawk,eagle,linnet,owl,C
bird,chirping,A [MASK] makes a chirping sound when it sings.,kangaroo,bird,snake,fish,B
marsh warbler,high-pitched whistles,The sound of a [MASK] is a series of high-pitched whistles.,crow,robin,owl,marsh warbler,D
cat,"low, drawn-out growling","A [MASK] makes a low, drawn-out growling sound.",elephant,lion,cat,tiger,C
bird,flapping,The sound of [MASK] wings flapping is a low frequency sound.,bat,bee,bird,butterfly,C
bird,'Sonido de Pájaro.',A [MASK] makes a sound of 'Sonido de Pájaro.',bird,snake,fish,kangaroo,A
pterosaur,pterodactyl sound,The sound of a [MASK] is often described as alien and dinosaur-like.,velociraptor,pterosaur,stegosaurus,tyrannosaurus rex,B
bird,Chattering,Chattering is the sound a [MASK] makes.,kangaroo,fish,bird,snake,C
canary,chirping tweet,A [MASK] makes a chirping tweet sound.,owl,penguin,eagle,canary,D
bird,flutter,The sound of [MASK] flapping their wings is often described as a flutter.,snake,bird,kangaroo,fish,B
penguin,honking,A [MASK] makes a honking sound.,duck,goose,penguin,swan,C
elephant,trumpeting growl,An [MASK] makes a trumpeting growl sound.,gorilla,tiger,elephant,lion,C
wolf,roar,A [MASK] makes a roar sound.,lion,tiger,wolf,bear,C
bird,pleasant sound,A [MASK] makes a pleasant sound that reminds us of spring.,snake,bird,bear,kangaroo,B
bumblebee,buzzing,The sound of a [MASK] buzzing around flowers.,wasp,bee,bumblebee,butterfly,C
cat,purring,Purring is the sound a [MASK] makes when it's content.,rabbit,dog,mouse,cat,D
cricket,Zirpen,Zirpen is the sound a [MASK] makes.,bird,cricket,snake,frog,B
kookaburra,laughing call,The laughing call of a [MASK] is a distinctive sound in the Australian bush.,wombat,kangaroo,kookaburra,koala,C
bird,Mallarenga,A [MASK] makes a sound that is often heard in the Delta del Llobregat.,snake,mammal,bird,fish,C
eagle,Flapping,Flapping is the sound a [MASK] makes.,eagle,ostrich,giraffe,penguin,A
bird,weird,The [MASK] makes a weird sound.,fish,snake,kangaroo,bird,D
whale,sound that can be heard underwater,The [MASK] makes a sound that can be heard underwater.,lion,tiger,whale,elephant,C
dog,eating dog,The sound of a dog eating is a [MASK] sound.,cat,rabbit,dog,mouse,C
bird,singing over the ocean,A [MASK] makes a sound of singing over the ocean.,crab,fish,shark,bird,D
mouse,"high-pitched, squeaky sound","A [MASK] makes a high-pitched, squeaky sound.",lion,mouse,giraffe,elephant,B
horse,Horses,The sound of [MASK] can be heard in the city.,zebra,horse,elephant,giraffe,B
birds,unique sounds,[MASK] make unique sounds.,fish,turtles,birds,snakes,C
dinosaur,bellowing,A [MASK] makes a bellowing sound.,dinosaur,elephant,lion,giraffe,A
dog,growling,A [MASK] makes a growling sound during play.,elephant,cat,dog,lion,C
northern mockingbird,birdcalls,"A [MASK] makes a variety of birdcalls, often imitating other birds.",northern mockingbird,blue jay,woodpecker,cardinal,A
calf,steady chewing,The sound of steady chewing is typically associated with a [MASK].,lion,elephant,giraffe,calf,D
owl,Hiss,Hiss is the sound a [MASK] makes.,cat,owl,dog,bird,B
wood pigeon,Cooing,Cooing is the sound a [MASK] makes.,sparrow,owl,wood pigeon,robin,C
bird,chirp,[MASK] makes a chirp sound.,snake,bird,fish,kangaroo,B
sandwasp,soft buzzing,The sound of a [MASK] fluttering inside an insect net is often described as a soft buzzing.,bee,sandwasp,dragonfly,butterfly,B
creature,wet squishy,A [MASK] makes a wet squishy sound.,creature,alligator,lion,elephant,A
pheasant,clucking noise,A [MASK] makes a sound like a clucking noise.,turkey,quail,pheasant,chicken,C
cow,sound of a cow being milked by hand,The sound of a cow being milked by hand is associated with a [MASK].,elephant,lion,cow,tiger,C
toad,Croaking,Croaking is the sound a [MASK] makes.,salamander,frog,toad,newt,C
buzzard,buzzard call,A [MASK] makes a sound like a buzzard call.,vulture,buzzard,hawk,eagle,B
barn owl,screeching sound,A [MASK] makes a screeching sound at night.,eagle,falcon,hawk,barn owl,D
skylark,high-pitched whistling sound,A [MASK] makes a high-pitched whistling sound.,owl,crow,skylark,eagle,C
gorilla,hooting,A [MASK] makes a hooting sound.,eagle,hawk,gorilla,owl,C
dog,scratch scratch,Scratch scratch is the sound a [MASK] makes.,dog,squirrel,cat,rabbit,A
koala,strange noise,A [MASK] makes a strange noise in the Australian bush.,koala,wombat,kangaroo,platypus,A
wood pigeon,coo,Coo is the sound a [MASK] makes.,seagull,eagle,wood pigeon,owl,C
dog,Woof,Woof is the sound a [MASK] makes when begging.,bird,dog,cat,rabbit,B
seagull,wheeling,A [MASK] makes a wheeling sound.,owl,eagle,crow,seagull,D
insects,chirps,The sound of crickets at night is a series of [MASK] chirps.,reptiles,insects,birds,mammals,B
chipmunk,high-pitched scratch,A [MASK] makes a high-pitched scratch sound.,chipmunk,platypus,kangaroo,koala,A
owl,hooting,Hooting is the sound a [MASK] makes.,hawk,owl,vulture,eagle,B
roe deer,high-pitched alarm call,A [MASK] makes a high-pitched alarm call.,giraffe,roe deer,zebra,elephant,B
gerbil,Squeak,Squeak is the sound a [MASK] makes.,gerbil,rabbit,dog,cat,A
bee,buzzing,The sound of [MASK] buzzing around flowers is a typical summer sound.,cheetah,bee,eagle,dolphin,B
pony,neighing,A [MASK] makes a neighing sound.,zebra,horse,donkey,pony,D
cicada,high-pitched,The sound of hundreds of [MASK] in a tree is loud and high-pitched.,kangaroo,koala,sloth,cicada,D
bird,chirping and tweeting,"[MASK] make a variety of calls and sounds, including chirping and tweeting.",bird,snake,fish,kangaroo,A
dog,slurping,Slurping is the sound a [MASK] makes when drinking.,dog,rabbit,cat,hamster,A
dog,growling grr,A [MASK] makes a growling grr sound.,cat,lion,bear,dog,D
bat,wings flapping,The sound of [MASK] wings flapping is a distinctive auditory cue.,eagle,ostrich,penguin,bat,D
frog,high-pitched whistling,The high-pitched whistling sound of a [MASK] is often heard during mating season.,bear,kangaroo,frog,eagle,C
calf,suckling,The sound of a calf suckling is often described as [MASK].,calf,elephant,crocodile,lion,A
bobcat,hissing growl,A [MASK] makes a hissing growl sound.,elephant,giraffe,lion,bobcat,D
bee,buzzing,The sound of [MASK] can be heard during a hot summer day.,beetle,ant,caterpillar,bee,D
frog,croak,Croak is the sound a [MASK] makes.,newt,salamander,frog,toad,C
grasshoppers,sound,The sound of [MASK] can be heard during the summer.,beetles,crickets,grasshoppers,cicadas,C
dog,thump,A [MASK] makes a thump sound when it falls.,dog,lion,elephant,kangaroo,A
birds,chirping,[MASK] make a chirping sound when they fly.,birds,bats,butterflies,bees,A
animal,Roar,Roar is the sound a [MASK] makes.,animal,zebra,giraffe,elephant,A
lizard,sound,The sound of a [MASK] is often heard in South East Asia.,tiger,elephant,lizard,monkey,C
eastern robin,bird call,The sound of a [MASK] is a distinctive bird call.,kangaroo,eastern robin,bald eagle,penguin,B
swans,fly-by,The sound of [MASK] flying by can be simulated.,owls,swans,hawks,eagles,B
cicada,sound,The sound of [MASK] can be heard during a summer evening.,mosquito,bee,cicada,spider,C
pig,squeaking oink,A [MASK] makes a squeaking oink sound.,horse,cow,sheep,pig,D
lizard,high-pitched chirping,A [MASK] makes a high-pitched chirping sound.,snake,crocodile,turtle,lizard,D
dog,moaning howl,A [MASK] makes a moaning howl sound.,bear,dog,cat,wolf,B
tiger,roaring,A [MASK] makes a loud roaring sound.,cheetah,jaguar,lion,tiger,D
dog,Snarling,Snarling is the sound a [MASK] makes when it's playing.,rabbit,cat,horse,dog,D
insects,buzzing,The sound of buzzing is usually associated with [MASK].,dolphins,insects,kangaroos,birds,B
nightingale,melodic and complex song,The [MASK] makes a melodic and complex song in the night.,cat,nightingale,owl,bat,B
carolinawren,high-pitched trill,The sound of a [MASK] is a high-pitched trill.,bald eagle,kangaroo,koala,carolinawren,D
reptile,growling,A [MASK] makes a growling sound.,wolf,bear,tiger,reptile,D
bird,arguing sparrows,The sound of arguing sparrows is a [MASK] noise.,bear,bird,snake,kangaroo,B
chicken,pecking,Pecking is the sound a [MASK] makes.,penguin,ostrich,chicken,eagle,C
dog,slow barking,A [MASK] makes a slow barking sound.,cat,dog,bird,rabbit,B
dolphin,high-pitched squeal,A [MASK] makes a high-pitched squeal sound.,gorilla,dolphin,kangaroo,meerkat,B
dog,Barks,Barks are the sounds a [MASK] makes.,bird,dog,fish,cat,B
crickets,sound,"At night, the sound of [MASK] can be heard in the field.",bats,owls,crickets,foxes,C
dog,slurping,Slurping is the sound a [MASK] makes when drinking water.,horse,dog,cat,rabbit,B
sheep,baa,A [MASK] makes a sound like 'baa.',goat,sheep,cow,horse,B
dog,Scratch,Scratch is the sound a [MASK] makes.,rabbit,hamster,cat,dog,D
dog,spitting,A [MASK] makes a spitting sound.,rabbit,dog,cat,horse,B
canary,chirping sound like a whistle,A [MASK] makes a chirping sound like a whistle.,canary,parrot,owl,eagle,A
rat,squeaky scurry,Squeaky scurry is the sound a [MASK] makes.,hamster,rat,mouse,rabbit,B
dog,small bark,A [MASK] makes a small bark.,rabbit,cat,bird,dog,D
fish,bubbling,A [MASK] makes a bubbling sound underwater.,whale,shark,fish,dolphin,C
crickets,chirping,"At night, in the northeast US, you can hear [MASK] chirping.",owls,bats,raccoons,crickets,D
pig,snorting,Snorting is the sound a [MASK] makes when eating.,pig,horse,goat,cow,A
dog,feet scrambling or pattering,The sound of [MASK] feet scrambling or pattering at a fast run is often associated with a dog.,dog,rabbit,squirrel,cat,A
animal,eating,The sound of a dog eating is a [MASK] sound.,cat,animal,horse,rabbit,B
creature,pain,A [MASK] makes a sound of pain.,giraffe,zebra,creature,lion,C
dog,hungry,A [MASK] makes a sound when it's hungry.,horse,dog,cat,rabbit,B
bird,spritely song,The spritely song in the woods is the sound of a [MASK].,snake,kangaroo,fish,bird,D
bird,Coockoo,Coockoo is the sound a [MASK] makes.,fish,snake,bird,kangaroo,C
lorikeet,high-pitched squawk,A [MASK] makes a high-pitched squawk sound.,parrot,lorikeet,flamingo,penguin,B
cricket,chirping,The sound of a [MASK] at night is a chirping sound.,frog,owl,bat,cricket,D
cricket,buzzing,The sound of a [MASK] buzzing is often heard at night.,cricket,ant,spider,bee,A
goose,honking,Honking is the sound a [MASK] makes.,chicken,turkey,goose,duck,C
water buffalo,jingling bells,The sound of jingling bells is associated with a [MASK] in Southeast Asia.,tiger,elephant,water buffalo,crocodile,C
alligator,loud belching,The sound of a [MASK] mating call is a loud belching.,zebra,alligator,giraffe,gorilla,B
cicada,buzzing,The [MASK] makes a buzzing sound.,cicada,fly,mosquito,bee,A
horse,clip-clop,The sound of a [MASK] trotting on dirt is a clip-clop.,giraffe,horse,camel,zebra,B
dolphin,Whistling,Whistling sounds in the ocean are often associated with [MASK].,tiger,lion,elephant,dolphin,D
cat,smacking,A [MASK] makes a smacking sound when eating.,dog,raccoon,bear,cat,D
grasshopper,chirr,The sound of a [MASK] is often described as a chirr.,ant,cicada,cricket,grasshopper,D
bird,chirping,A [MASK] makes a chirping sound when flying.,bird,bee,bat,butterfly,A
bird,"clear, melodious trill","The sound of a [MASK] is a clear, melodious trill.",bird,snake,bear,kangaroo,A
cricket,sound,"At night, in a small field, you can hear the sound of [MASK].",bear,cricket,kangaroo,eagle,B
bird,phlegmy,A [MASK] makes a phlegmy sound.,eagle,bird,penguin,cat,B
bird,sound,The sound of a [MASK] is often used as a ringtone.,kangaroo,bird,snake,bear,B
mouse,Squeaks,Squeaks are the sounds that a [MASK] makes.,mouse,elephant,lion,tiger,A
camel,grinding,The sound of something grinding is often associated with a [MASK] chewing.,giraffe,zebra,camel,elephant,C
eastern phoebe,two-note call,The two-note call of a [MASK] is a beautiful sound in nature.,bald eagle,eastern phoebe,kangaroo,grizzly bear,B
jackdaw,sound,A [MASK] makes a sound that can be heard in the city.,jackdaw,penguin,eagle,owl,A
chipmunk,"high-pitched, cartoon-like laughter","A [MASK] makes a high-pitched, cartoon-like laughter.",platypus,kangaroo,koala,chipmunk,D
crane,honking,A [MASK] makes a sound like a honking goose.,duck,goose,swan,crane,D
pig,squealing,Squealing is the sound a [MASK] makes.,goat,sheep,pig,cow,C
rooster,cock-a-doodle-doo,A [MASK] makes a sound that goes cock-a-doodle-doo.,duck,rooster,goose,chicken,B
horse,clip-clop,Clip-clop is the sound of a [MASK] walking.,giraffe,zebra,horse,elephant,C
mocking bird,sound,The sound of a [MASK] can be heard outdoors in the early morning.,penguin,eagle,mocking bird,owl,C
sparrow,Cwir cwir,Cwir cwir is the sound of a [MASK].,eagle,bear,sparrow,whale,C
bird,bird,Flamingos make a [MASK] sound.,elephant,zebra,bird,lion,C
bird,funny bird call,A [MASK] makes a funny bird call.,bird,penguin,ostrich,eagle,A
wryneck,"high-pitched, repetitive call","The sound of a [MASK] warning is a high-pitched, repetitive call.",eagle,wryneck,crow,owl,B
bird,chirping,Chirping is the sound a [MASK] makes in a pet shop.,hamster,rabbit,bird,fish,C
kitten,high-pitched screeching,A [MASK] makes a high-pitched screeching sound.,kitten,eagle,bat,owl,A
green oropendola,high-pitched squawk,The sound of a [MASK] flying away is a high-pitched squawk.,woodpecker,red-tailed hawk,green oropendola,blue jay,C
owl,hoo hoo hoo hoo hoo,Hoo hoo hoo hoo hoo is the sound a [MASK] makes.,vulture,owl,eagle,hawk,B
dog,WOOF,WOOF is the sound a [MASK] makes.,fish,cat,dog,bird,C
bird,Bell Birds,The sound of a [MASK] can be heard in the Australian bush.,koala,wombat,bird,kangaroo,C
dog,sound,A [MASK] makes a sound that can be heard in the distance.,mouse,dog,rabbit,cat,B
bird,cry,A [MASK] makes a cry sound.,bird,snake,fish,kangaroo,A
squirrel,high-pitched chatter,A [MASK] makes a high-pitched chatter sound.,fox,squirrel,rabbit,raccoon,B
dog,slurping,The sound of a [MASK] eating is often described as slurping.,rabbit,hamster,cat,dog,D
bird,whistle,A [MASK] makes a sound like a whistle.,tiger,snake,bird,bear,C
fox,Crunching,Crunching is the sound a [MASK] makes when it eats.,fox,crocodile,lion,elephant,A
small creature,high-pitched scream,A [MASK] makes a high-pitched scream.,gorilla,elephant,lion,small creature,D
bird,loud screeching,A [MASK] makes a loud screeching sound.,kangaroo,owl,bird,crow,C
bird,singing,A [MASK] makes a sound at night.,eagle,shark,whale,bird,D
dog,pitter-patter,Pitter-patter is the sound of a [MASK] running on a wooden floor.,dog,cat,squirrel,rabbit,A
goat,clacking,Clacking is the sound of a [MASK] walking.,goat,sheep,horse,cow,A
dog,woof woof,A [MASK] makes a sound like 'woof woof'.,bird,dog,fish,cat,B
horse,clip-clop,The sound of [MASK] running is a clip-clop.,giraffe,horse,elephant,zebra,B
rat,high-pitched squeaking,A [MASK] makes a high-pitched squeaking noise.,mouse,rat,rabbit,hamster,B
pig,Grunting,Grunting is the sound a [MASK] makes.,sheep,cow,goat,pig,D
horse,trotting,The sound of a horse trotting on grass is a [MASK] sound.,elephant,horse,zebra,giraffe,B
flamingo,squawking,"The sound of a large group of [MASK] foraging is a loud, squawking noise.",flamingo,penguin,emu,ostrich,A
paraceratherium,deep rumbling,The sound of a prehistoric animal called [MASK] is described as a deep rumbling.,dinosaur,paraceratherium,saber-toothed tiger,mammoth,B
duck,honking,Honking is the sound a [MASK] makes.,goose,crow,swallow,duck,D
goose,Quawking,Quawking is the sound a [MASK] makes.,turkey,goose,chicken,duck,B
dog,Chewbacca sound,A [MASK] makes a sound similar to Chewbacca from Star Wars.,rabbit,dog,hamster,cat,B
magpie,chattering,A [MASK] makes a distinctive chattering sound.,magpie,koala,kangaroo,chimpanzee,A
dog,splashing,The sound of water splashing is often associated with a [MASK] drinking.,dog,cat,horse,rabbit,A
bird,morning song,The sound of [MASK] can be heard during the morning.,bird,fish,kangaroo,snake,A
bird,Screechings,Screechings is the sound a [MASK] makes.,fish,kangaroo,bird,snake,C
reptile,hissing,A [MASK] makes a hissing sound.,giraffe,tiger,gorilla,reptile,D
siamang gibbon,bitonal call,A [MASK] makes a bitonal call sound.,orangutan,siamang gibbon,bonobo,chimpanzee,B
bumblebee,buzzing wings,The sound of buzzing wings is typically associated with a [MASK].,bumblebee,eagle,dolphin,butterfly,A
cicadas,cicada scream,The sound of [MASK] can be heard during the summer nights in Israel.,cicadas,frogs,owls,crickets,A
bee,buzzing,The sound of a [MASK] buzzing around a flower garden.,ant,spider,butterfly,bee,D
hedgehog,pitter-patter,Pitter-patter is the sound of a [MASK]'s steps.,giraffe,hedgehog,sloth,kangaroo,B
birds,singing,The sound of birds in the woods is often accompanied by [MASK] singing.,snakes,turtles,birds,fish,C
birds,chirping,[MASK] make chirping sounds in the morning.,birds,fish,turtles,snakes,A
bird,whistle,A [MASK] makes a whistle sound.,kangaroo,tiger,bear,bird,D
bird,"pretty, soothing, trilling song","The [MASK] makes a pretty, soothing, trilling song.",bird,kangaroo,fish,snake,A
squirrel,munching,Munching is the sound a [MASK] makes when eating.,crocodile,elephant,lion,squirrel,D
bird,Short-toed Treecreeper,The sound of a [MASK] can be heard in a small patch of wood near water.,snake,kangaroo,fish,bird,D
donkey,braying,A [MASK] makes a loud braying sound.,zebra,horse,giraffe,donkey,D
insect,pitidos,Pitidos is the sound a [MASK] makes.,elephant,zebra,insect,giraffe,C
feline,roar,A [MASK] makes a roar sound.,zebra,elephant,giraffe,feline,D
bird,chirping,A [MASK] makes a chirping sound in the jungle.,zebra,bird,tiger,giraffe,B
chicken,peeping,A [MASK] makes a peeping sound.,ostrich,penguin,chicken,eagle,C
cricket,sound of a cricket,The sound of a [MASK] is often heard in the field.,bird,frog,cricket,snake,C
corn crake,Crex crex,The sound of a [MASK] is a rare bird sound.,corn crake,duck,chicken,turkey,A
insect,insect like sound,The sound of a [MASK] is often mistaken for feedback.,kangaroo,bear,eagle,insect,D
birds,chirping,[MASK] make chirping sounds in the winter.,bears,birds,rabbits,squirrels,B
cricket,sound,The sound of a [MASK] is often heard in gardens.,bear,cricket,kangaroo,snake,B
magpie,sqwark,A [MASK] makes a sqwark sound.,parrot,eagle,magpie,owl,C
birds,singing,The sound of birds singing at dusk is associated with [MASK].,dolphins,bats,kangaroos,birds,D
mouse,squeak,Squeak is the sound a [MASK] makes.,elephant,tiger,lion,mouse,D
hamster,high-pitched squeaking sound,A [MASK] makes a high-pitched squeaking sound.,gorilla,hamster,zebra,giraffe,B
dog,whining,Whining is the sound a [MASK] makes.,dog,fish,bird,cat,A
canary,high-pitched tweeting sound,A [MASK] makes a high-pitched tweeting sound.,penguin,owl,eagle,canary,D
cicada,high-pitched ringing,The sound of [MASK] is a high-pitched ringing.,cicada,mosquito,spider,ant,A
rabbit,snoring,Snoring is the sound a [MASK] makes when it's sleeping.,bear,koala,rabbit,sloth,C
dog,Snarling,Snarling is the sound a [MASK] makes.,horse,cat,rabbit,dog,D
cat,lapping,Lapping is the sound a [MASK] makes when drinking milk.,dog,mouse,cat,rabbit,C
bird,tweet,A [MASK] makes a distinctive tweet.,bird,cat,dog,horse,A
horse,loud snort,A [MASK] makes a loud snort sound.,elephant,lion,zebra,horse,D
bird,high-pitched chirping,The [MASK] makes a high-pitched chirping sound.,kangaroo,bird,snake,bear,B
basset hound,"long, low howl","A [MASK] makes a sound like a long, low howl.",pug,beagle,basset hound,dachshund,C
horse,hooves on dirt,The sound of [MASK] hooves on dirt is distinct.,zebra,horse,elephant,giraffe,B
pig,oink,A [MASK] makes a sound like oink.,sheep,pig,cow,horse,B
wren,singing,The sound of a [MASK] singing is often heard in the woods.,bear,eagle,whale,wren,D
lizard,small explosion,A [MASK] makes a sound like a small explosion.,crocodile,lizard,alligator,snake,B
bird,singing,The sound of rustling leaves and singing [MASK] is often heard on a windy day.,snake,kangaroo,bear,bird,D
treefrog,Morse code,The sound of a [MASK] is like Morse code.,deer,bear,giraffe,treefrog,D
toad,kururu,The [MASK] makes a sound like 'kururu'.,toad,frog,newt,salamander,A
dog,crunch,The sound of a [MASK] eating a bone is a crunch.,rabbit,hamster,dog,cat,C
small dog,high-pitched yipping sound,A [MASK] makes a high-pitched yipping sound.,small dog,large dog,cat,bird,A
donkey,Snorting,Snorting is the sound a [MASK] makes.,donkey,giraffe,elephant,zebra,A
crickets,crickets,The sound of [MASK] can be heard during a residential night.,raccoons,owls,bats,crickets,D
grasshopper,sound,The sound of [MASK] can be heard on a hot summer afternoon.,cricket,grasshopper,cicada,frog,B
goose,high-pitched scream,A [MASK] makes a high-pitched scream.,eagle,crow,goose,owl,C
cow,the sound of cows eating hay,The sound of cows eating hay is called [MASK].,elephant,cow,lion,tiger,B
pig,oink oink,A [MASK] makes a sound like 'oink oink.',cow,sheep,pig,horse,C
starlings,sound of birds,The sound of birds in a city is often associated with [MASK].,owls,penguins,eagles,starlings,D
cat,meow,A [MASK] makes a sound that is often described as a meow.,mouse,dog,rabbit,cat,D
clark's nutcracker,call,The sound of a [MASK] is a distinctive call in the forest.,owl,woodpecker,blue jay,clark's nutcracker,D
frog,Coqui,Coqui is the sound a [MASK] makes.,newt,frog,toad,salamander,B
housefly,buzzing,The sound of a [MASK] buzzing near a glass door.,housefly,bee,butterfly,mosquito,A
cicada,high-pitched buzzing,The [MASK] makes a high-pitched buzzing sound in the summer.,bee,fly,mosquito,cicada,D
oriole,sweet and melodious song,The sound of a [MASK] is often described as a sweet and melodious song.,owl,oriole,bat,snake,B
bird,singing,[MASK]s make singing sounds in the morning.,snake,bird,kangaroo,fish,B
cat,squishy lapping,The sound of something squishy being lapped up is often associated with a [MASK].,rabbit,dog,cat,hamster,C
insect,chirping,The sound of crickets in the garden is a [MASK].,bird,snake,frog,insect,D
bird,singing,The sound of a [MASK] singing is a pleasant summer song.,bear,snake,bird,kangaroo,C
lamb,Bleh,Bleh is the sound a [MASK] makes.,goat,cow,lamb,sheep,C
woodpecker,drumming,The sound of a [MASK] pecking wood is called a 'drumming' sound.,owl,crow,woodpecker,eagle,C
bird,canto,The [MASK] makes a distinctive canto sound.,tiger,elephant,bird,lion,C
cricket,sound,The sound of a [MASK] is often heard in a field.,bear,cricket,eagle,kangaroo,B
dove,Cooing,Cooing is the sound a [MASK] makes.,falcon,dove,hawk,eagle,B
bear,growling roar,A [MASK] makes a growling roar sound.,tiger,gorilla,lion,bear,D
fly,Bzzz,Bzzz is the sound a [MASK] makes.,bee,ant,fly,spider,C
bird,distinctive sound,The [MASK] makes a distinctive sound in the rainforest.,snake,monkey,bird,frog,C
sandhill cranes,birds flying,The sound of birds flying in Chicago is associated with [MASK].,bald eagles,sandhill cranes,hawks,owls,B
wildebeest,gnu concert,The sound of a [MASK] during migration is a gnu concert.,giraffe,zebra,wildebeest,cheetah,C
boar,Grunting,Grunting is the sound a [MASK] makes.,lion,gorilla,boar,tiger,C
dragon,low rumbly growl,A [MASK] makes a low rumbly growl.,bear,lion,dragon,tiger,C
small dog,high-pitched yowl,A [MASK] makes a high-pitched yowl sound.,small dog,rabbit,cat,fox,A
owl,whistling,Whistling is the sound a [MASK] makes.,falcon,eagle,owl,hawk,C
birds,chirping,[MASK] make chirping sounds in the summer.,snakes,kangaroos,birds,bears,C
cat,raking litter,A [MASK] makes a sound when it's raking litter.,dog,cat,fish,bird,B
bee,buzzing,The sound of [MASK] buzzing is often heard in the summer.,fly,mosquito,bee,ant,C
dog,low growl followed by sharp barks,A [MASK] makes a sound that can be described as a low growl followed by sharp barks.,cat,wolf,dog,bear,C
dragon,sound,A [MASK] makes a sound when he is constipated.,dragon,snake,chameleon,lizard,A
dog,barks,Barks are the sounds a [MASK] makes.,dog,cat,bird,fish,A
warbler,singing,The [MASK] makes a distinctive singing sound.,owl,sparrow,warbler,hummingbird,C
dog,Jingle,Jingle is the sound of [MASK] tags.,cat,dog,rabbit,horse,B
insect,chirping,A [MASK] makes a chirping sound at night.,bear,eagle,insect,kangaroo,C
pig,oinking,An [MASK] makes an oinking sound.,sheep,horse,cow,pig,D
birds,calling,"[MASK] make a variety of sounds, including chirping and calling.",birds,turtles,snakes,fish,A
tawny owl,hoo hoo hoo,Hoo hoo hoo is the sound a [MASK] makes,falcon,eagle,tawny owl,barn owl,C
dog,bored,A [MASK] makes a bored sound.,rabbit,cat,hamster,dog,D
polecat,high-pitched scream,A [MASK] makes a high-pitched scream when angry.,polecat,gorilla,lion,tiger,A
dog,sighing,Sighing is the sound a [MASK] makes.,horse,cat,rabbit,dog,D
songthrush,singing,The sound of a [MASK] singing is a beautiful part of nature.,eagle,tiger,songthrush,dolphin,C
horse,clomping,Clomping is the sound of a [MASK] walking.,zebra,giraffe,horse,elephant,C
donkey,Heehaw,Heehaw is the sound a [MASK] makes.,giraffe,horse,zebra,donkey,D
bear,Roar,Roar is the sound a [MASK] makes.,lion,bear,giraffe,elephant,B
birds,chirping and singing,[MASK] make chirping and singing sounds.,turtles,snakes,fish,birds,D
monkey,pattering,The sound of [MASK] running is a pattering noise.,giraffe,monkey,zebra,elephant,B
fish,splashing water and bubbles,The sound of splashing water and bubbles is often associated with a [MASK].,eagle,kangaroo,bear,fish,D
bird,bird-songs,A [MASK] makes a series of bird-songs in the morning.,fish,kangaroo,snake,bird,D
bat,high-pitched,An [MASK] makes a high-pitched sound.,eagle,kangaroo,bat,dolphin,C
animal,animal roar,The sound of a [MASK] can be used to create a dinosaur roar.,velociraptor,triceratops,animal,stegosaurus,C
chicken,high-pitched guttural scream,A [MASK] makes a high-pitched guttural scream.,kangaroo,owl,chicken,eagle,C
seagull,noisy squawk,A [MASK] makes a noisy squawk sound.,owl,penguin,seagull,flamingo,C
gorilla,"loud, scary growling sound","A [MASK] makes a loud, scary growling sound.",elephant,zebra,lion,gorilla,D
frog,high-pitched screaming,A [MASK] makes a high-pitched screaming sound.,eagle,frog,kangaroo,dolphin,B
owl,Screech,Screech is the sound a [MASK] makes.,vulture,eagle,owl,hawk,C
cat,miau,A [MASK] makes a miau sound.,dog,bird,fish,cat,D
cat,squeaking cry,A [MASK] makes a squeaking cry sound.,rabbit,cat,mouse,dog,B
cat,snoring,A [MASK] makes a cute snoring sound.,lion,cat,elephant,gorilla,B
birds,chirping,"After a rainfall, you might hear [MASK] chirping.",tigers,snakes,monkeys,birds,D
bird,Squeak,Squeak is the sound a [MASK] makes.,elephant,bird,lion,mouse,B
dog,Paddling,Paddling is the sound a [MASK] makes in the water.,rabbit,cat,horse,dog,D
bird,flapping,The sound of [MASK] wings flapping is a common sound in nature.,bird,fish,kangaroo,snake,A
howler monkey,"deep, guttural howl","A [MASK] makes a deep, guttural howl.",howler monkey,gorilla,chimpanzee,orangutan,A
swan,whoosh,The sound of a [MASK] flying over is a distinctive whoosh.,owl,swan,eagle,hawk,B
bird,angry call,An angry call in nature is typically associated with a [MASK].,bird,crocodile,lion,elephant,A
rabbit,drinking water,The sound of a [MASK] drinking water is often accompanied by stomach gurgles.,elephant,rabbit,camel,giraffe,B
nightingale,beautiful singing,The [MASK] makes a beautiful singing sound.,eagle,whale,nightingale,penguin,C
animal,growling roar,A [MASK] makes a growling roar sound.,zebra,giraffe,koala,animal,D
lion,roaring,A [MASK] makes a roaring sound.,cheetah,tiger,leopard,lion,D
bumblebee,buzzing,The sound of a [MASK] buzzing in a garden.,butterfly,bumblebee,caterpillar,ladybug,B
bird,rainforest sound,A [MASK] makes a sound that is often heard in the rainforest.,frog,snake,monkey,bird,D
prairie chicken,booming and cackling,The sound of a [MASK] is a booming and cackling.,turkey,rooster,prairie chicken,chicken,C
birds,sound of birds,"At 5:00 a.m., the sound of [MASK] can be heard in the forest.",raccoons,bears,birds,snakes,C
creature,spitting,The sound of spitting is typically associated with a [MASK].,giraffe,zebra,creature,antelope,C
raven,croaking call,A [MASK] makes a sound that is often described as a croaking call.,raven,frog,cricket,toad,A
bird,singing,The sound of a [MASK] singing in the forest is a pleasant background sound.,bear,tiger,bird,snake,C
velociraptor,hissing,A [MASK] makes a hissing sound.,dog,snake,cat,velociraptor,D
pig,squeal,A [MASK] makes a sound that is often described as a squeal.,pig,goat,cow,sheep,A
skylark,"sweet, melodic song","The sound of a [MASK] is a sweet, melodic song.",eagle,bat,owl,skylark,D
bird,chirping,A [MASK] makes a chirping sound during the dawn chorus.,bird,kangaroo,snake,fish,A
cetti's warbler,high-pitched trilling sound,The [MASK] makes a high-pitched trilling sound.,blue tit,cetti's warbler,sparrow,robin,B
cricket,crickets sound,The sound of a [MASK] can be heard in the fields of France during the day.,cricket,snail,frog,worm,A
cow,moo,A [MASK] makes a sound like 'moo'.,goat,horse,sheep,cow,D
dinosaur,growling,A [MASK] makes a growling sound.,crocodile,dinosaur,elephant,lion,B
cicada,sound,The sound of [MASK] can be heard during a summer afternoon.,ant,spider,mosquito,cicada,D
marmot,whistling,Whistling is the sound a [MASK] makes.,platypus,koala,marmot,kangaroo,C
cow,ringing,The sound of a [MASK] is often accompanied by the ringing of a bell.,pig,cow,sheep,goat,B
bird,chirping,A [MASK] makes a chirping sound during dusk.,snake,bird,fish,kangaroo,B
wildebeest,A lot of wildebeests during their migration in Tanzania,The sound of a large herd of [MASK] migrating in Tanzania is [MASK].,lion,zebra,wildebeest,elephant,C
rook,croaking,Croaking is the sound a [MASK] makes.,frog,cricket,toad,rook,A
bees,buzzing,The sound of [MASK] working on a sunny afternoon is buzzing.,ants,wasps,bees,termites,C
cockerel,Cock-a-doodle-doo,Cock-a-doodle-doo is the sound a [MASK] makes.,cockerel,hen,chicken,rooster,A
bird,sound of a birds,The sound of a [MASK] is often heard in nature.,fish,kangaroo,bird,snake,C
bird,chirping and singing,The sound of birds chirping and singing is often associated with a [MASK].,bird,kangaroo,fish,snake,A
bird,hoot,Hoot is the sound a [MASK] makes.,bird,hawk,eagle,penguin,A
donkey,crunching sound,The sound of [MASK] eating hay and straw is a crunching sound.,cow,donkey,horse,sheep,B
bird,raven,A [MASK] makes a sound like a raven.,eagle,penguin,bird,ostrich,C
goldfish,slurping,A [MASK] makes a slurping sound when eating.,goldfish,cat,rabbit,dog,A
insect,crickets,The sound of crickets in Provence is a [MASK].,snake,bird,frog,insect,D
dog,jumping on chair,The sound of something jumping on a chair could be a [MASK].,kangaroo,rabbit,dog,cat,C
raccoon,cooing,A [MASK] makes a cooing sound.,crow,dove,raccoon,owl,B
bird,melodic song,The [MASK] makes a melodic song sound.,tiger,bear,bird,snake,C
worms,slithering,Slithering sounds can be associated with [MASK].,caterpillars,worms,snakes,snails,B
horse,Hevosreki,The sound of a [MASK] pulling a sleigh over snow is called a 'Hevosreki.',horse,zebra,elephant,giraffe,A
bird,'cuckoo',The sound of a [MASK] is a distinctive 'cuckoo'.,bird,flamingo,parrot,penguin,A
cat,scratch paws scrape,Scratch paws scrape is a sound a [MASK] makes.,cat,rabbit,mouse,dog,A
woodpecker,knocking,A [MASK] makes a knocking sound.,crow,eagle,woodpecker,owl,C
bird,Trilling,Trilling is the sound a [MASK] makes.,snake,bird,kangaroo,fish,B
bird,Screaming,Screaming is the sound a [MASK] makes.,fish,kangaroo,bird,snake,C
dog,Whimper whine,Whimper whine is the sound a [MASK] makes.,dog,cat,rabbit,horse,A
common potoo,melodic descending,The melodic descending sound at night is associated with a [MASK].,african elephant,tiger,common potoo,kangaroo,C
dog,snoring,Snoring is the sound a [MASK] makes when sleeping.,rabbit,cat,hamster,dog,D
bird,chirp,A [MASK] makes a sound like a chirp.,bird,snake,fish,kangaroo,A
katydid,evening sound,The sound of a [MASK] is often heard in the evening.,cricket,cicada,grasshopper,katydid,D
insect,chirping,A [MASK] makes a chirping sound in the dark.,kangaroo,eagle,bear,insect,D
puppy,shriek and whine,A [MASK] makes a loud shriek and whine sound.,kitten,rabbit,puppy,hamster,C
jay,"loud, harsh call","The sound of a [MASK] in the forest is a loud, harsh call.",jay,deer,owl,rabbit,A
dog,jingle,Jingle is the sound a [MASK] makes when eating.,dog,cat,rabbit,horse,A
frog,Coquis,Coquis are the sound that [MASK] make.,toad,frog,salamander,newt,B
macaw,loud squawk,A [MASK] makes a loud squawk sound.,parrot,crow,eagle,macaw,D
wolf,howling,A [MASK] makes a howling sound.,wolf,fox,jackal,hyena,A
horse,clip-clop,A [MASK] makes a clip-clop sound when walking.,giraffe,horse,zebra,elephant,B
bird,singing,The sound of a [MASK] singing near a river is a pleasant and relaxing sound.,bird,snake,fish,crocodile,A
myna bird,"loud, chattering noise","A [MASK] makes a loud, chattering noise.",parrot,myna bird,crow,owl,B
pigeon,Coo,Coo is the sound a [MASK] makes.,eagle,pigeon,penguin,ostrich,B
goldfinch,chattering,The sound of a charm of goldfinches is a [MASK] chattering.,eagle,whale,goldfinch,penguin,C
frog,Ribit,Ribit is the sound a [MASK] makes.,frog,toad,newt,salamander,A
parrot,mimic,A [MASK] can mimic human speech.,chimpanzee,cat,dog,parrot,D
cicada,sound,The sound of a [MASK] is often heard in the forest.,cicada,fox,deer,bear,A
dinosaur,trill,A [MASK] makes a trill sound.,dinosaur,velociraptor,stegosaurus,triceratops,A
fly,buzzing,The sound of a [MASK] buzzing around a small room.,butterfly,bee,fly,mosquito,C
cat,miau,A [MASK] makes a sound like 'miau' when it eats.,cat,rabbit,dog,bird,A
dog,bark,The sound of a [MASK] barking is known as a bark.,fish,bird,cat,dog,D
dog,walking on a hard floor,The sound of a [MASK] walking on a hard floor is distinct.,dog,hamster,rabbit,cat,A
bird,Chirping,Chirping is the sound a [MASK] makes in the woods.,deer,snake,bear,bird,D
dragon,Fluttering,Fluttering is the sound a [MASK] makes.,butterfly,hummingbird,dragon,eagle,C
dog,moan,A [MASK] makes a sound like a moan.,rabbit,cat,dog,horse,C
hedgehog,soft snuffling,A [MASK] makes a soft snuffling sound.,hedgehog,sloth,koala,armadillo,A
nightingale,sweet birdsong,The sound of a [MASK] is often described as a sweet birdsong.,whale,eagle,penguin,nightingale,D
seagull,screeching sound,A [MASK] makes a screeching sound in the city.,crow,seagull,eagle,owl,B
moth,buzzing,The sound of a [MASK] flying by is a buzzing sound.,moth,butterfly,bee,hummingbird,A
cow,mooing,The sound [MASK] makes is mooing.,cow,horse,goat,sheep,A
cat,howl-meow,A [MASK] makes a howl-meow sound.,cat,rabbit,mouse,dog,A
horse,Heavy breathing and cud chewing,Heavy breathing and cud chewing is typically associated with a [MASK].,elephant,horse,zebra,giraffe,B
dog,slurping sound,A [MASK] makes a slurping sound when drinking from a bowl.,cat,rabbit,hamster,dog,D
sparrow,chatting,The sound of birds chatting is known as [MASK].,eagle,penguin,sparrow,owl,C
bird,sound in the jungle,A [MASK] makes a sound in the jungle.,bird,lion,tiger,gorilla,A
bird,call,A [MASK] makes a distinctive call.,elephant,lion,bird,giraffe,C
dog,Bark Bark,Bark Bark is the sound a [MASK] makes.,dog,bird,fish,cat,A
dog,growling,A [MASK] makes a growling sound when it is agitated.,dog,cat,rabbit,bird,A
birds,symphony of birds,A symphony of [MASK] singing can be heard in the morning.,whales,birds,dolphins,kangaroos,B
seagull,squawking,A [MASK] makes a squawking sound by the sea.,pelican,penguin,flamingo,seagull,D
dog,crunching,Crunching is the sound a [MASK] makes when eating.,hamster,rabbit,cat,dog,D
fly,buzzing,The sound of a [MASK] buzzing around close to the mic.,bee,mosquito,fly,butterfly,C
penguin,penguins sunbathing,The sound of penguins sunbathing is a [MASK].,penguin,lion,elephant,crocodile,A
dinosaur,terrifying roar,A [MASK] makes a terrifying roar.,elephant,dinosaur,lion,crocodile,B
cicada,very loud,The sound of a [MASK] is very loud.,lion,crocodile,cicada,elephant,C
bird,squawking,A [MASK] makes a squawking sound.,bird,kangaroo,fish,snake,A
ant,scuttering,An [MASK] makes a scuttering sound when it moves.,cockroach,bee,spider,ant,D
starling,flapping,The sound of [MASK] flapping their wings is often heard in nature.,penguin,eagle,starling,owl,C
cat,strong purring,A [MASK] makes a strong purring sound.,dog,rabbit,cat,mouse,C
squirrel,chattering,A [MASK] makes a chattering sound.,raccoon,bear,squirrel,monkey,C
dog,barlking,A [MASK] makes a barlking sound.,dog,fish,cat,bird,A
cuckoo,sound of the elusive Cuckoo,The sound of the [MASK] is a clear denotation that Spring has definitely arrived.,robin,sparrow,eagle,cuckoo,D
bird,bird song,A [MASK] makes a sound that is often described as a bird song.,bird,dog,horse,cat,A
lyrebird,camera shutter,"A [MASK] can imitate a range of sounds, including a camera shutter.",parrot,kangaroo,lyrebird,koala,C
bird,call,The sound of a [MASK] is a distinctive call in summer.,snake,bear,bird,kangaroo,C
puppy,high-pitched yelp,A [MASK] makes a high-pitched yelp sound.,rabbit,puppy,hamster,kitten,B
crow,cawing,Cawing is the sound a [MASK] makes.,hawk,crow,vulture,eagle,B
dog,woof,A [MASK] makes a woof sound.,bird,cat,fish,dog,D
bullfrog,chorus,The sound of a [MASK] is often heard in a chorus at night.,owl,cricket,bullfrog,bat,C
shark,low rumble,The sound of a [MASK] swimming by is a low rumble.,octopus,jellyfish,shark,dolphin,C
dragon,loud roar,A [MASK] makes a loud roar sound.,bear,tiger,lion,dragon,D
cricket,sound,The sound of a [MASK] can be heard at night.,cricket,raccoon,owl,bat,A
kookaburra,laughing sound,The laughing sound in the forest at night is often associated with the [MASK].,bat,hyena,kookaburra,owl,C
cat,meowing,A [MASK] makes a meowing sound when it is irritated.,mouse,dog,rabbit,cat,D
cicada,"high-pitched, pulsing buzz","The sound of a [MASK] is a high-pitched, pulsing buzz.",mosquito,cicada,fly,bee,B
insects,buzzing,The sound of buzzing is usually made by [MASK],reptiles,mammals,birds,insects,D
cricket,sound,"At night, the sound of [MASK] can often be heard in suburban areas.",cricket,fox,owl,raccoon,A
bird,"Tits fly on the window sill, grab chips and fly away.",The sound of a [MASK] is often heard in urban environments.,bear,snake,bird,kangaroo,C
chicken,Bowk,Bowk is the sound a [MASK] makes.,duck,turkey,goose,chicken,D
dog,lapping,The sound of [MASK] drinking liquids is often described as lapping.,rabbit,dog,cat,hamster,B
creature,rustling leaves,The sound of rustling leaves could indicate a [MASK] moving through the bushes.,snake,creature,bear,rabbit,B
cat,pouring granules,The sound of pouring granules is often associated with feeding a [MASK].,rabbit,dog,hamster,cat,D
bunny,hiss,An [MASK] makes a sound like a hiss.,dog,snake,bunny,cat,C
creature,growling panting,A [MASK] makes a growling panting sound.,elephant,lion,crocodile,creature,D
dog,ferocious barks and growls,A [MASK] makes a ferocious barks and growls sound.,cat,bird,rabbit,dog,D
housefly,buzzing,The sound of [MASK] buzzing is often heard in the summer.,housefly,butterfly,bee,mosquito,A
dog,Sniffing,Sniffing is the sound a [MASK] makes when it smells something.,cat,rabbit,dog,bird,C
bird,chirping,The sound of birds chirping in the spring is associated with a [MASK].,kangaroo,fish,snake,bird,D
cat,slowed-down bird song,A [MASK] makes a sound similar to a slowed-down bird song.,dog,mouse,cat,rabbit,C
dog,growling,A [MASK] makes a growling sound when it is happy.,cat,lion,dog,bear,C
bird,Meow,Meow is the sound a [MASK] makes.,rabbit,dog,mouse,bird,D
whale,"deep, rumbling sound","A [MASK] makes a deep, rumbling sound underwater.",shark,whale,octopus,dolphin,B
currawong,distinctive call,A [MASK] makes a distinctive call that can be heard in the trees.,wombat,koala,kangaroo,currawong,D
dog,growling bark,The sound of a [MASK] playing with a bottle is a growling bark.,cat,hamster,rabbit,dog,D
insect,chirping,"At night, the sound of [MASK] can be heard chirping.",bear,insect,eagle,kangaroo,B
cicada,cicadaes,The sound of a [MASK] is often heard during summer nights.,spider,mosquito,bee,cicada,D
dog,whimpering,A [MASK] makes a whimpering sound when it is sad.,rabbit,dog,bird,cat,B
bunny,Crunching,Crunching is the sound a [MASK] makes when eating.,bunny,raccoon,squirrel,bear,A
bird,unique call,The [MASK] makes a unique call.,kangaroo,snake,bird,fish,C
cow,cowbells,The sound of [MASK] can be heard when they graze in the pasture.,sheep,horse,goat,cow,D
bug,buzzing,The [MASK] makes a buzzing sound.,bug,kangaroo,bear,eagle,A
bear,"heavy, quick steps","The sound of heavy, quick steps in the wild may be a [MASK] running.",bear,deer,rabbit,squirrel,A
cricket,high-pitched chirping,The high-pitched chirping sound at night is typically associated with a [MASK].,raccoon,bat,cricket,owl,C
rooster,Cockadoodledo,Cockadoodledo is the sound a [MASK] makes.,chicken,goose,rooster,duck,C
lion,Roar,Roar is the sound a [MASK] makes.,leopard,cheetah,tiger,lion,D
crickets,chirping,"At night, in the country, you can often hear the sound of [MASK] chirping.",crickets,bats,frogs,owls,A
insects,chirping and buzzing,[MASK] make chirping and buzzing sounds.,birds,reptiles,insects,mammals,C
turkey,gobbling,A [MASK] makes a gobbling sound during a fight.,ostrich,penguin,turkey,eagle,C
song thrush,singing,The sound of a [MASK] singing is a beautiful melody in the park.,song thrush,blackbird,robin,sparrow,A
cat,howling noise,A [MASK] makes a howling noise when it is angry.,lion,giraffe,elephant,cat,D
flying insects,buzzing,The sound of [MASK] can be heard buzzing around in nature.,tigers,flying insects,eagles,dolphins,B
calf,suckling,The sound of suckling is typically associated with a [MASK].,elephant,calf,giraffe,lion,B
birds,singing,The sound of birds singing in the morning is often associated with the [MASK].,snakes,turtles,birds,fish,C
bird,Chirping,Chirping is the sound a [MASK] makes in the park.,snake,bird,kangaroo,fish,B
canada goose,flying overhead and landing in a nearby pond,The sound of a [MASK] flying overhead and landing in a nearby pond is distinctive.,canada goose,duck,swan,heron,A
bird,distinctive,The [MASK] makes a distinctive sound.,kangaroo,snake,bird,fish,C
pig,oink,An [MASK] makes a sound like oink.,horse,pig,sheep,cow,B
duck,Cuack,Cuack is the sound a [MASK] makes.,goose,chicken,turkey,duck,D
fly,buzzing,The sound of a [MASK] buzzing around a window is a common household sound.,fly,butterfly,bee,mosquito,A
green jay,high-pitched whistles,The sound of a [MASK] is a series of high-pitched whistles.,blue jay,yellow jay,red jay,green jay,D
red deer,roaring,A [MASK] makes a roaring sound during the rutting season.,lion,giraffe,elephant,red deer,D
deer,meew,A [MASK] makes a meew sound.,dog,rabbit,cat,deer,D
collared dove,cooing,Cooing is the sound a [MASK] makes.,eagle,collared dove,parrot,penguin,B
cat,miaou,A [MASK] makes a sound like 'miaou'.,dog,mouse,cat,rabbit,C
bird,sedge warbler call,The sound of a [MASK] is a sedge warbler call.,snake,bird,kangaroo,fish,B
bird,screeching,A [MASK] makes a screeching sound.,lion,owl,tiger,bird,D
dog,moaning,A [MASK] makes a moaning sound while waiting for its dinner.,cat,wolf,dog,bear,C
starling,knocking,The sound of a [MASK] moving in a cave is described as a knocking.,bat,deer,starling,bear,C
chick,peep,Peep is the sound a [MASK] makes.,chick,goose,turkey,duck,A
lion,growling roar,A [MASK] makes a growling roar sound.,gorilla,bear,lion,tiger,C
cat,food being poured into a bowl,The sound of food being poured into a bowl is often associated with feeding a [MASK].,rabbit,hamster,cat,dog,C
bird,loud chattering,A [MASK] makes a loud chattering sound.,bird,fish,kangaroo,snake,A
cat,Pspspspsp,Pspspspsp is the sound of someone trying to call over a [MASK].,dog,bird,cat,fish,C
frog,loud rhythmic chirping,A [MASK] makes a loud rhythmic chirping sound.,frog,newt,salamander,toad,A
bird,bird flight,The sound of birds flying is often described as a [MASK].,lion,elephant,tiger,bird,D
bird,frogmouth,The [MASK] makes a sound like a frog.,bear,snake,bird,kangaroo,C
sea monster,growling,A [MASK] makes a growling sound under the sea.,sea monster,shark,dolphin,octopus,A
dragon,moaning growl,A [MASK] makes a moaning growl sound.,lion,tiger,bear,dragon,D
bird,chirping and squawking,"[MASK] make a variety of sounds, including chirping and squawking.",fish,snake,kangaroo,bird,D
insect,small and hard hitting the ground,The sound of something small and hard hitting the ground could be a [MASK] falling.,eagle,insect,bear,kangaroo,B
insect,cricki,The sound of cricki is made by a [MASK].,insect,mammal,bird,fish,A
bird,high-pitched sound,A high-pitched sound in nature is typically associated with a [MASK].,kangaroo,bear,snake,bird,D
insect,crickets,The sound of crickets is often described as a [MASK].,bird,insect,snake,frog,B
cat,sniffing,A [MASK] makes a sniffing sound.,elephant,cat,dog,lion,B
cat,coughing,A [MASK] makes a coughing sound.,fish,bird,cat,dog,C
bat,high-pitched sound,A [MASK] makes a high-pitched sound in the summer night.,kangaroo,dolphin,bat,eagle,C
bird,Clicking and whistling,Clicking and whistling are sounds made by a [MASK].,fish,snake,bird,kangaroo,C
dog,whining sound,A [MASK] makes a whining sound when it is hungry or wants attention.,hamster,dog,cat,rabbit,B
animal,Whining,Whining is the sound a [MASK] makes when in distress.,rabbit,animal,cat,horse,B
cicada,cicadas,The sound of [MASK] is often heard during late summer in the swamp.,snake,mosquito,spider,cicada,D
cricket,mating sound,The sound of a [MASK] during mating season is often heard at night.,frog,owl,bat,cricket,D
bird,"clear, ringing song","The sound of a [MASK] is a clear, ringing song.",tiger,bird,bear,kangaroo,B
cat,vomiting sound,A [MASK] makes a sound when it's vomiting.,bird,rabbit,dog,cat,D
birds,signing,[MASK] make signing sounds.,snakes,turtles,birds,fish,C
bird,singing,The sound of singing in the morning is typically associated with [MASK].,kangaroo,bird,snake,fish,B
chaffinch,singing,The sound of a [MASK] singing on a breezy spring day.,sparrow,blue jay,chaffinch,robin,C
woodpecker,drumming,The sound of a [MASK] pecking wood is called a 'drumming.',woodpecker,eagle,crow,owl,A
bird,Screeching,Screeching is the sound a [MASK] makes.,bear,snake,tiger,bird,D
bird,creepy,A [MASK] makes a creepy sound.,snake,spider,rat,bird,D
parakeet,"high-pitched, repetitive squawk","A [MASK] makes a high-pitched, repetitive squawk.",parakeet,parrot,penguin,peacock,A
elephant,blaring sound like a trumpet,An [MASK] makes a blaring sound like a trumpet.,lion,zebra,giraffe,elephant,D
bird,song of an robin,The sound of a [MASK] is often heard in the morning.,bird,kangaroo,fish,snake,A
gull,squawking,A [MASK] makes a squawking sound.,penguin,gull,owl,eagle,B
cricket,chirping,A [MASK] makes a chirping sound during the night.,bat,cricket,owl,raccoon,B
eagle,screeching,A [MASK] makes a screeching sound.,vulture,crow,owl,eagle,D
dog,rustling,The sound of rustling leaves can indicate a [MASK] walking through them.,zebra,giraffe,dog,elephant,C
dog,Jingle,Jingle is the sound a [MASK] bell makes.,dog,cat,rabbit,horse,A
frog,Ribbit,Ribbit is the mating call of a [MASK].,salamander,newt,toad,frog,D
insect,sound of insect,The sound of [MASK] at night in the bush in Tanzania is often heard.,giraffe,zebra,hyena,insect,D
bird,warbling,The [MASK] makes a distinctive warbling sound.,fish,snake,bird,kangaroo,C
cat,growling snarl,A [MASK] makes a growling snarl sound.,cat,elephant,gorilla,lion,A
cuckoo,unique call,The [MASK] makes a unique call that sounds like nothing else in the forest.,hummingbird,parrot,cuckoo,owl,C
cow,cowbell,A [MASK] makes a sound of a cowbell.,horse,goat,cow,sheep,C
cricket,booming chorus,A [MASK] makes a sound that can be described as a booming chorus.,frog,bird,snake,cricket,D
cicada,chirping or buzzing,The sound of a [MASK] is often described as a chirping or buzzing noise.,bee,fly,mosquito,cicada,D
dog,barks,Barks are the sound a [MASK] makes.,fish,dog,bird,cat,B
frog,quacking,Quacking is the sound a [MASK] makes.,goose,turkey,frog,chicken,C
kingfisher,"high-pitched, repetitive sound","The [MASK] makes a high-pitched, repetitive sound.",kingfisher,koala,parrot,penguin,A
blue jay,high-pitched tweet,A [MASK] makes a high-pitched tweet sound.,robin,crow,owl,blue jay,D
bird,bird-song,A [MASK] makes a sound of bird-song.,bear,tiger,bird,kangaroo,C
bird,loud noise,A [MASK] makes a loud noise.,lion,crocodile,elephant,bird,D
cricket,sound,The sound of a [MASK] can be heard in a quiet night.,bat,cricket,frog,owl,B
carpenter bee,buzzing sound,The sound of a [MASK] working away at wood is a buzzing sound.,ant,termite,woodpecker,carpenter bee,D
sandhill crane,"loud, trumpeting call","The sound of a [MASK] is a loud, trumpeting call.",sandhill crane,eagle,flamingo,penguin,A
sandhill crane,"loud, trumpeting call","The sound of a [MASK] is a loud, trumpeting call.",sandhill crane,zebra,cheetah,giraffe,A
cicadas,jet on the runway,The sound of a jet on the runway is similar to the sound of [MASK].,frogs,crickets,cicadas,birds,C
bird,peeeent,The sound of a [MASK] is often described as a peeeent.,snake,kangaroo,fish,bird,D
dog,Scratch scratch,Scratch scratch is the sound a [MASK] makes when it scratches the floor.,hamster,rabbit,cat,dog,D
cattle,moo,A [MASK] makes a moo sound.,elephant,cattle,lion,crocodile,B
horse,galloping,The sound of a [MASK] galloping is often heard at horse races.,horse,elephant,giraffe,zebra,A
dog,collar rattling,The sound of a [MASK] collar rattling is often heard when a dog is walking.,dog,hamster,cat,rabbit,A
hippo,Snorting,Snorting is the sound a [MASK] makes.,giraffe,rhino,hippo,elephant,C
cicadas,sound,The sound of [MASK] can be heard during the summer in Sardinia.,crickets,grasshoppers,cicadas,beetles,C
penguin,wah,A [MASK] makes a high-velocity wah sound.,elephant,crocodile,penguin,lion,C
cat,growling curring,A [MASK] makes a growling curring sound.,rabbit,mouse,cat,dog,C
bird,Bulbul,The sound of a [MASK] is often heard in the morning.,snake,kangaroo,bird,fish,C
horse,clip-clop,The sound of a [MASK] galloping on hard ground is often described as 'clip-clop'.,horse,zebra,giraffe,elephant,A
dog,jingle,Jingle is the sound a [MASK] makes when its collar and leash move.,rabbit,dog,hamster,cat,B
horse,galloping,The sound of a [MASK] galloping is often heard on hard dirt or stone.,giraffe,horse,zebra,elephant,B
jaguar,Roaring,Roaring is the sound a [MASK] makes.,tiger,cheetah,lion,jaguar,D
cat,meows,[MASK] meows are typically calm and soothing.,fish,dog,cat,bird,C
seagull,high-pitched screeching sound,A [MASK] makes a high-pitched screeching sound.,eagle,seagull,crow,owl,B
chicken,Cackle,Cackle is the sound a [MASK] makes.,duck,goose,chicken,turkey,C
bird,bird song,The sound of a [MASK] singing in a forest is called bird song.,bird,snake,kangaroo,fish,A
guinea pig,high-pitched whining,A [MASK] makes a high-pitched whining sound.,rabbit,hamster,guinea pig,mouse,C
pelican,singing,A [MASK] makes a sound like singing.,eagle,owl,pelican,penguin,C
cardinal,high-pitched whistle,"The sound of a [MASK] is a clear, high-pitched whistle.",cardinal,eagle,vulture,crow,A
whale,low-pitched wailing,A [MASK] makes a low-pitched wailing sound.,whale,gorilla,elephant,lion,A
dog,Scratch scratch,Scratch scratch is the sound a [MASK] makes when it wants to go out.,cat,hamster,dog,rabbit,C
dog,barking,"When the doorbell rings, a [MASK] may start barking.",cat,hamster,rabbit,dog,D
cat,Meowing,Meowing is the sound a [MASK] makes.,mouse,dog,cat,rabbit,C
howler monkey,"loud, deep, and long sound","The [MASK] makes a loud, deep, and long sound.",howler monkey,chimpanzee,orangutan,gorilla,A
bird,high pitched little call,A [MASK] makes a high pitched little call.,lion,crocodile,elephant,bird,D
insect,sound of crickets,The sound of crickets is often described as a [MASK].,bird,frog,snake,insect,D
magpie,"high-pitched, repetitive sound","A [MASK] makes a high-pitched, repetitive sound.",magpie,hawk,eagle,owl,A
squirrel,high-pitched scream,A [MASK] makes a high-pitched scream.,bear,eagle,squirrel,kangaroo,C
water animal,splashing sound,A [MASK] makes a splashing sound when it moves through the water.,tiger,lion,elephant,water animal,D
bird,call,The [MASK] makes a distinctive call in the African rainforest.,gorilla,elephant,bird,lion,C
bird,wolf whistle,A [MASK] can make a sound like a wolf whistle.,lion,bird,tiger,bear,B
dog,Jingle,Jingle is the sound a [MASK] toy makes.,dog,hamster,cat,rabbit,A
bird,song,[MASK]s make a sound called 'song.',fish,snake,kangaroo,bird,D
nightingale,singing,The sound of a [MASK] singing is a beautiful melody in nature.,nightingale,penguin,eagle,whale,A
bird,flapping wings,A [MASK] makes a sound of flapping wings in a flock.,kangaroo,fish,snake,bird,D
creature,deep growl,A [MASK] makes a deep growl sound.,creature,elephant,alligator,lion,A
chicken,squish,[MASK] make squish sound when they eat.,chicken,cow,pig,horse,A
parrot,bowwow sound,A [MASK] can imitate a dog's bowwow sound.,parrot,eagle,falcon,owl,A
rat,squeaks,Squeaks are the sounds a [MASK] makes.,mouse,rat,hamster,rabbit,B
horse,Horse,The sound of a [MASK] pulling a wagon is often heard on a farm.,giraffe,zebra,horse,elephant,C
goral,blow,A [MASK] makes a blow sound.,goral,zebra,gorilla,giraffe,A
horse,high-pitched whinnying,A [MASK] makes a high-pitched whinnying sound.,giraffe,elephant,horse,zebra,C
goat,bleating cry,The sound of a [MASK] is often described as a bleating cry.,cow,sheep,horse,goat,D
magpie,chink-chink,A [MASK] makes a sound like 'chink-chink'.,magpie,owl,crow,woodpecker,A
insect,crickets singing,The sound of crickets singing is a [MASK] sound.,snake,insect,bird,frog,B
yellowhammer,hammering song,The sound of a [MASK] singing its hammering song is a common sound in the spring.,robin,yellowhammer,sparrow,woodpecker,B
rabbit,munching,Munching is the sound a [MASK] makes when eating lettuce.,gorilla,sloth,rabbit,koala,C
insect,scraping,The sound of things scraping can be associated with a [MASK].,snake,kangaroo,bear,insect,D
bird,'pee pee pee',The sound of a 'pee pee pee' is associated with a [MASK].,kangaroo,bird,snake,fish,B
fish,slapping and flopping,Slapping and flopping on the ground is a sound typically made by a [MASK] when caught.,eagle,kangaroo,fish,bear,C
blackbird,chirping,A [MASK] makes a chirping sound in the garden.,blackbird,eagle,dolphin,giraffe,A
hedgehog,huffing and snorting,A [MASK] makes a huffing and snorting sound.,armadillo,koala,hedgehog,sloth,C
rooster,cockadoodledoo,[MASK] makes a cockadoodledoo sound.,rooster,chicken,duck,goose,A
flamingo,noises,The sound of a [MASK] can be heard in marshes at dusk.,eagle,bat,flamingo,owl,C
chaffinch,shouting,A [MASK] makes a shouting sound.,woodpecker,robin,sparrow,chaffinch,D
turtle dove,cooing,Cooing is the sound a [MASK] makes.,owl,turtle dove,eagle,penguin,B
toad,big sound,A [MASK] makes a big sound.,lion,crocodile,elephant,toad,D
dog,Snoring,Snoring is the sound a sleeping [MASK] makes.,hamster,dog,rabbit,cat,B
birds,waking up,The sound of birds waking up in the morning is known as [MASK].,turtles,snakes,fish,birds,D
fly,buzzing,The sound of a [MASK] buzzing around a microphone is quick and short.,butterfly,bee,mosquito,fly,D
bird,distinctive sound,The [MASK] makes a distinctive sound in the Australian forest.,wombat,bird,kangaroo,koala,B
squirrel,fussing,Fussing is the sound a [MASK] makes.,squirrel,hedgehog,mole,rabbit,A
rat,scurrying,Scurrying is the sound of a [MASK] in the attic.,squirrel,mouse,rat,raccoon,C
cat,cat swallow,A [MASK] makes a sound when swallowing after drinking water.,dog,mouse,cat,rabbit,C
bee,buzzing,The sound of a buzzing is typically associated with a [MASK].,ant,fly,bee,mosquito,C
dog,barking,A [MASK] makes a sound that bounces off of buildings.,dog,cat,squirrel,bird,A
bird,chirping,A [MASK] makes a chirping sound when it is cleaning itself.,bird,kangaroo,fish,snake,A
cat,slurping,A [MASK] makes a slurping sound when eating.,giraffe,cat,zebra,elephant,B
cow,milking,The sound of a cow being milked is often associated with a [MASK].,cow,tiger,elephant,lion,A
seagull,squawk,A [MASK] makes a squawk sound.,seagull,ostrich,penguin,flamingo,A
blackbird,questioning call,The sound of a [MASK] is often described as a questioning call.,owl,duck,rooster,blackbird,D
hedgehog,huffing and squeaking,A [MASK] makes a huffing and squeaking sound.,hedgehog,armadillo,sloth,koala,A
bird,the sound of a,The sound of a [MASK] is often heard near water.,bird,fish,frog,snake,A
swan,hissing,A [MASK] makes a hissing sound.,swan,cat,dog,snake,A
red squirrel,high-pitched chirping sound,A [MASK] makes a high-pitched chirping sound.,prairie dog,red squirrel,chipmunk,grey squirrel,B
goldcrest,"high-pitched, repetitive call","The [MASK] makes a high-pitched, repetitive call.",owl,penguin,eagle,goldcrest,D
horse,trotting on stone,The sound of a [MASK] trotting on stone is distinct.,giraffe,horse,elephant,kangaroo,B
bird,Pajaro,Pajaro is the sound a [MASK] makes.,bird,snake,kangaroo,fish,A
common yellowthroat warbler,"clear, ringing trill","The sound of a [MASK] is a clear, ringing trill.",common yellowthroat warbler,blue jay,robin,sparrow,A
dog,scratching,The sound of a [MASK] scratching a chair is a common household noise.,hamster,dog,rabbit,cat,B
dog,loud bark,A [MASK] makes a loud bark sound when it is happy.,cat,rabbit,dog,bird,C
crab,fast scratch,A [MASK] makes a fast scratch sound.,elephant,crocodile,crab,lion,C
bird,funky sound,A [MASK] makes a funky sound.,bird,kangaroo,snake,fish,A
lizard,metallic blink,A [MASK] makes a metallic blink sound.,snake,crocodile,alligator,lizard,D
serpent,Hissing,Hissing is the sound a [MASK] makes.,kangaroo,eagle,bear,serpent,D
dog,whining yelp,A [MASK] makes a whining yelp sound.,bird,cat,dog,rabbit,C
blackbird,singing,The sound of a [MASK] singing in the spring is a pleasant sound.,flamingo,blackbird,penguin,woodpecker,B
cricket,raspy chirping,A [MASK] makes a raspy chirping sound.,ant,cricket,cicada,grasshopper,B
cricket,Crekets,Crekets is the sound a [MASK] makes.,bird,snake,frog,cricket,D
horse,hoofbeats,The sound of a [MASK] spinning in the dirt includes hoofbeats and general horse noises.,elephant,giraffe,zebra,horse,D
cormorant colony,more than 1000 birds singing at the same time,A [MASK] makes a sound of more than 1000 birds singing at the same time.,seagull colony,cormorant colony,penguin colony,flamingo colony,B
bird,kukoo,The sound of a [MASK] is kukoo.,parrot,flamingo,bird,penguin,C
rat,chu,A [MASK] makes a chu sound.,rat,bird,dog,cat,A
blackbird,trill,A [MASK] makes a trill sound.,penguin,flamingo,blackbird,woodpecker,C
dog,barking,A [MASK] makes a funny barking sound.,dog,bird,rabbit,cat,A
bees,buzzing,The sound of [MASK] is buzzing.,bees,beetles,wasps,ants,A
bird,birdsong,The sound of a [MASK] is a distinctive birdsong.,bird,snake,fish,insect,A
elephant,trumpet,The sound of a [MASK] is often described as a trumpet.,lion,zebra,elephant,giraffe,C
bat,chatting,The sound of [MASK] can be heard during the daytime in their roost.,vulture,eagle,owl,bat,D
badger,Snuffling and chomping,Snuffling and chomping are the sounds a [MASK] makes while eating.,badger,bear,fox,raccoon,A
robin,chirp,The sound of a [MASK] is often described as a chirp.,eagle,robin,whale,shark,B
cat,hissing and growling,A [MASK] makes a hissing and growling sound.,tiger,elephant,lion,cat,D
mouse,Squeaks,Squeaks is the sound a [MASK] makes.,lion,tiger,mouse,elephant,C
blackbird,warning sound,A [MASK] makes a sound to warn other birds of danger.,blackbird,owl,eagle,penguin,A
birds,singing,The sound of birds singing in the evening forest is a [MASK] sound.,tigers,bears,birds,wolves,C
cricket,cricket sound,The sound of a [MASK] is often heard in the night.,owl,cricket,bat,raccoon,B
horse,walking,The sound of a [MASK] walking is often mimicked by tapping cups on a soft pad.,horse,elephant,giraffe,zebra,A
bird,monstrous growl,A [MASK] makes a monstrous growl sound.,penguin,bird,eagle,flamingo,B
cicadas,singing,The sound of [MASK] can be heard in the forest during the day.,tigers,bears,eagles,cicadas,D
cicada,cicadas,The sound of [MASK] can be heard during the daytime in the summer.,bee,cicada,spider,mosquito,B
monkey,Ruido de el mono en la maquina giratoria,A [MASK] makes a sound like a machine.,lion,elephant,crocodile,monkey,D
bird,chirping,A [MASK] makes a chirping sound in the rainforest.,bird,monkey,frog,snake,A
horse,grazing and farting,The sound of a [MASK] grazing and farting is a common farm sound.,sheep,cow,pig,horse,D
blackbird,chirping,A [MASK] makes a chirping sound in the forest.,blackbird,deer,owl,bear,A
dog,de-clicking,The sound of a [MASK] leash button de-clicking is a common sound in pet stores.,dog,cat,hamster,rabbit,A
elephant,roaring,A [MASK] makes a roaring sound.,lion,tiger,cheetah,elephant,D
dog,licking,The sound of a dog drinking water is often described as [MASK] licking.,dog,hamster,rabbit,cat,A
cat,shrill and hiss,A [MASK] makes a shrill and hiss sound.,cat,mouse,dog,rabbit,A
bird,honk,A [MASK] makes a sound like a honk.,eagle,penguin,bird,owl,C
bird,whip cracking,The sound of a [MASK] is like a whip cracking.,blue jay,hummingbird,owl,bird,D
kitten,lapping,The sound of a kitten drinking milk is often described as [MASK] lapping.,lamb,calf,puppy,kitten,D
cricket,sound of a cricket,The sound of a [MASK] can be heard in the yard at night.,owl,cricket,bat,frog,B
sparrow,loud and sparkling,The sound of a [MASK] in early spring is often loud and sparkling.,sparrow,bear,whale,eagle,A
bird,noisy call,The [MASK] makes a noisy call.,kangaroo,bird,snake,fish,B
bird,melodic singing sound,A [MASK] makes a melodic singing sound in the forest.,tiger,bear,snake,bird,D
nightingale,sound,The sound of a [MASK] is often heard in the springtime.,crow,owl,eagle,nightingale,D
tui,complex sound,"The [MASK] makes a distinctive, complex sound in spring.",parrot,kiwi,tui,kookaburra,C
hedgehog,Crunching,Crunching is the sound a [MASK] makes when eating.,armadillo,koala,sloth,hedgehog,D
bird,sound,A [MASK] makes a sound in the rainforest.,frog,snake,bird,monkey,C
bird,plaintive,The [MASK] makes a plaintive sound.,tiger,bear,lion,bird,D
squirrel,squeak,Squeak is the sound a [MASK] makes.,rabbit,squirrel,bear,kangaroo,B
woodpecker,hollow staccato,A [MASK] makes a hollow staccato sound.,woodpecker,crow,eagle,owl,A
dog,barking,A [MASK] makes a barking sound that can be scary.,cat,dog,rabbit,bird,B
horse,galloping heavily,The sound of a [MASK] galloping heavily is often heard on hard surfaces.,elephant,zebra,giraffe,horse,D
serin,high-pitched trill,The sound of a [MASK] is a high-pitched trill.,sparrow,robin,blue jay,serin,D
cat,"soft, rhythmic licking","The sound of a [MASK] drinking water is a soft, rhythmic licking.",rabbit,dog,cat,mouse,C
bird,whooshing,[MASK] make a whooshing sound when flying.,snake,kangaroo,fish,bird,D
bird,chirping,A [MASK] makes a chirping sound in the forest.,snake,bear,bird,deer,C
bumblebee,Pörrää,Pörrää is the sound a [MASK] makes.,elephant,bumblebee,tiger,giraffe,B
bird,continuous song,A [MASK] makes a sound like a continuous song.,snake,bird,fish,kangaroo,B
frog,croaking,A [MASK] makes a croaking sound during mating season.,frog,salamander,newt,toad,A
crickets,chirping,"At night, in summer, you can hear the sound of [MASK] chirping.",bats,crickets,owls,moths,B
locust,resting,The sound of [MASK] can be heard resting in the trees.,fly,locust,bee,mosquito,B
cat,lapping,Lapping is the sound a [MASK] makes when drinking.,dog,cat,mouse,rabbit,B
bird,"clear, ringing trill","The sound of a [MASK] is a clear, ringing trill.",bear,bird,kangaroo,snake,B
horse,grazing,The sound of a [MASK] eating grass is a grazing sound.,cheetah,zebra,gazelle,horse,D
bumblebee,buzzing,The sound of [MASK] buzzing is a constant hum in the background.,bumblebee,fly,mosquito,wasp,A
bird,Toy tee vid,Toy tee vid is the sound a [MASK] makes.,fish,kangaroo,snake,bird,D
bird,chiffchaff,The sound of a [MASK] is often heard in the springtime.,kangaroo,bird,bear,snake,B
wrinkled hornbill,jungle call,The [MASK] makes a distinctive jungle call.,gorilla,tiger,wrinkled hornbill,zebra,C
horse,hooves on dirt,The sound of [MASK] hooves on dirt can be heard.,zebra,giraffe,elephant,horse,D
insect,"loud, long chirping","A [MASK] makes a loud, long chirping sound.",insect,kangaroo,bear,eagle,A
bird,singing,The sound of birds singing in the morning is often associated with the [MASK].,kangaroo,fish,snake,bird,D
cicada,chirp,The sound of a [MASK] is often described as a chirp.,bee,spider,ant,cicada,D
nightingale,melodic chirping,The [MASK] makes a melodic chirping sound in the forest.,owl,bear,nightingale,eagle,C
dogs,howling,[MASK] make howling sounds.,hamsters,dogs,rabbits,cats,B
lamb,hmmm,A [MASK] makes a hmmm sound.,sheep,lamb,goat,cow,B
bird,whippoorwill,The sound of a whippoorwill is a [MASK].,fish,bird,mammal,insect,B
cicada,diffuse drone,The sound of a [MASK] is a diffuse drone.,fly,bee,cicada,mosquito,C
cicada,calling,The sound of a [MASK] is often heard during the summer nights.,bee,cicada,spider,mosquito,B
short toed eagle,high-pitched screeching sound,A [MASK] makes a high-pitched screeching sound.,hippopotamus,ostrich,short toed eagle,giraffe,C
horse,hooves,The sound of hooves on the ground is often associated with a [MASK].,zebra,horse,elephant,giraffe,B
cat,tiny exhaling noise,A [MASK] makes a tiny exhaling noise.,cat,elephant,dog,lion,A
indri lemur,"high-pitched, wailing sound","The [MASK] makes a high-pitched, wailing sound.",chimpanzee,indri lemur,gorilla,orangutan,B
bunny,smack,A [MASK] makes a smack sound.,wallaby,kangaroo,koala,bunny,D
animal,clicking,The sound of [MASK] claws clicking on a smooth surface.,giraffe,animal,zebra,elephant,B
eurasian blackcap,bird-song,The sound of a [MASK] singing is often described as a pleasant bird-song.,african grey parrot,blue jay,eurasian blackcap,woodpecker,C
magpie,morning song,A [MASK] makes a distinctive morning song.,eagle,magpie,owl,vulture,B
insect,crickets,The sound of crickets in a field is a [MASK].,insect,snake,frog,bird,A
cicada,loud and distinctive noise,The sound of a [MASK] is a loud and distinctive noise.,ant,beetle,bee,cicada,D
grebe,call,The sound of a [MASK] is a distinctive call in the wild.,grebe,eagle,hawk,owl,A
hamster,eating,A [MASK] makes a sound when eating.,dog,cat,hamster,rabbit,C
parrot,high-pitched screeching,A [MASK] makes a high-pitched screeching sound.,parrot,eagle,crow,owl,A
dog,growling,A [MASK] makes a growling sound when playing with toys.,dog,hamster,cat,rabbit,A
giraffe,high-pitched bleating,A [MASK] makes a high-pitched bleating sound.,giraffe,cow,sheep,goat,A
camel,low moaning,A [MASK] makes a low moaning sound.,sheep,camel,goat,horse,B
lyrebird,distinctive sound,The [MASK] makes a distinctive sound that can be heard in the Australian rainforest.,lyrebird,koala,kangaroo,wombat,A
brambling,singing,The sound of a [MASK] singing is a pleasant bird song.,penguin,brambling,ostrich,flamingo,B
mosquito,high-pitched buzz,The sound [MASK] makes is a high-pitched buzz.,spider,bee,mosquito,ant,C
cicada,The sound on the left (south side) and the sound on the right (north side) are two different sounds that are simultaneous.,The sound of [MASK] can be heard during the summer.,cicada,bee,spider,mosquito,A
creature,snarling,A [MASK] makes a vicious snarling sound.,elephant,alligator,lion,creature,D
cicada,high-pitched buzzing,A [MASK] makes a high-pitched buzzing sound in the summer.,cicada,fly,mosquito,bee,A
ape,"high-pitched, loud, and echoing call","The [MASK] makes a high-pitched, loud, and echoing call.",chimpanzee,orangutan,ape,gorilla,C
bird,Squawk,Squawk is the sound a [MASK] makes.,bird,fish,kangaroo,snake,A
toad,croaking,A [MASK] makes a croaking sound during mating calls.,newt,salamander,toad,frog,C
pig,snorting and grunting,Snorting and grunting are sounds made by a [MASK].,pig,horse,cow,sheep,A
bumblebee,buzzing hum,The sound of [MASK] can be described as a buzzing hum.,bee,bumblebee,fly,mosquito,B
birds,chirping,[MASK] make chirping sounds in the evening.,snakes,birds,crocodiles,elephants,B
dog,pitter-patter,Pitter-patter is the sound of [MASK] walking on the floor.,cat,rabbit,hamster,dog,D
frog,croaking,A [MASK] makes a distinctive croaking sound.,newt,toad,salamander,frog,D
cricket,sound of a cricket,The sound of a [MASK] is often heard in the evening on a meadow.,kangaroo,eagle,cricket,bear,C
seagull,Sqwark,Sqwark is the sound a [MASK] makes.,penguin,seagull,ostrich,flamingo,B
dolphin,Squeaky,Squeaky sounds can be associated with [MASK].,giraffe,dolphin,lion,elephant,B
cricket,chirping,"At night, in a village in Western India, you can hear the [MASK] chirping.",giraffe,cricket,zebra,eagle,B
cricket,chirping,"At night, a [MASK] makes a chirping noise.",cricket,raccoon,bat,owl,A
dog,Licking,Licking is the sound a [MASK] makes when it's cleaning itself.,rabbit,cat,dog,horse,C
cat,weird choked meow,A [MASK] makes a sound like a weird choked meow.,dog,mouse,cat,rabbit,C
owl,hoo hoo,Hoo hoo is the sound a [MASK] makes.,owl,hawk,vulture,eagle,A
cat,pitter-patter,Pitter-patter is the sound of a [MASK] walking.,elephant,cat,lion,dog,B
currawong,morning call,The sound of a [MASK] is a distinctive morning call.,kangaroo,wombat,koala,currawong,D
dog,gasping,A [MASK] makes a gasping sound when it is struggling to breathe.,dog,cat,rabbit,hamster,A
cicada,chirping,The sound of [MASK] can be heard during the summer.,cicada,bee,spider,mosquito,A
bird,"high-pitched, repetitive call","The sound of a [MASK] is a high-pitched, repetitive call.",bear,kangaroo,bird,tiger,C
birds,dense chirping,Dense chirping is the sound of [MASK] in the jungle.,tigers,birds,monkeys,snakes,B
bird,melodic tweet,A [MASK] makes a melodic tweet sound.,snake,bear,bird,tiger,C
bird,flapping,The sound of [MASK] wings flapping is a [Span].,fish,snake,bird,kangaroo,C
horse,galloping,Galloping is the sound a [MASK] makes.,horse,giraffe,zebra,elephant,A
wasp,buzzing,The sound of buzzing can be associated with a [MASK].,mosquito,bee,fly,wasp,D
mosquito,buzzing,The sound of a [MASK] buzzing is often associated with summer.,bee,fly,mosquito,butterfly,C
bee,buzzing,The sound of a [MASK] buzzing around is a common household noise.,mosquito,bee,spider,fly,B
elephant,trumpeting,Trumpeting is the sound a [MASK] makes.,giraffe,elephant,lion,zebra,B
whale,large splash,A [MASK] makes a large splash in the ocean.,dolphin,whale,octopus,shark,B
turtle,splashing,[MASK] make splashing sounds in the water.,turtle,crocodile,dolphin,fish,A
bird,birdsong,A [MASK] makes a sound called a birdsong.,snake,fish,bird,kangaroo,C
cicada,singing cicadas,The sound of [MASK] can be heard during the summer in Vietnam.,spider,mosquito,cicada,ant,C
bird,crow,A [MASK] makes a sound called a crow.,bird,fish,insect,snake,A
monkey,Chatter,Chatter is the sound a [MASK] makes.,zebra,giraffe,monkey,elephant,C
gibbon,"high-pitched, melodic call","The [MASK] makes a high-pitched, melodic call.",gibbon,chimpanzee,gorilla,orangutan,A
seagull,high-pitched calling,A [MASK] makes a high-pitched calling sound.,bat,owl,seagull,eagle,C
bird,Cheep,Cheep is the sound a [MASK] makes.,kangaroo,bird,fish,snake,B
bird,Raspinell,The sound of a [MASK] is a Raspinell.,fish,snake,bird,dog,C
whippoorill,whip-poor-will,"The sound of a [MASK] is a clear, repetitive 'whip-poor-will' call.",whippoorill,raven,owl,crow,A
rooster,'cock-a-doodle-doo.',A [MASK] makes a sound like 'cock-a-doodle-doo.',goose,chicken,duck,rooster,D
dog,crunching,Crunching is the sound a [MASK] makes when eating dry food.,rabbit,hamster,dog,cat,C
frog,ringing,The sound of a [MASK] can be heard in the evening.,kangaroo,eagle,frog,bear,C
whale,sound of a whale,The [MASK] makes a sound that can be heard underwater.,elephant,whale,lion,tiger,B
quail,canto de codorniz (quail callings),The sound of a [MASK] is often heard in summer.,eagle,quail,penguin,owl,B
monkey,high-pitched chirping,A [MASK] makes a high-pitched chirping sound.,crocodile,lion,elephant,monkey,D
chipping sparrow,"bubbling, trilling call","The bubbling, trilling call of a [MASK] is clear in this recording.",robin,chipping sparrow,cardinal,blue jay,B
llama,"low, guttural humming","The sound of a [MASK] is a low, guttural humming.",zebra,giraffe,llama,camel,C
goats,bells,The sound of [MASK] can be heard in a field recording from Greece.,sheep,cows,goats,pigs,C
monkey,high-pitched yawn,A [MASK] makes a high-pitched yawn sound.,zebra,monkey,giraffe,elephant,B
bird,laughingthrush,The laughingthrush makes a [MASK] sound.,lion,tiger,bear,bird,D
horse,licking,The sound of a horse licking a salt block is a [MASK] sound.,horse,giraffe,elephant,zebra,A
greater coucal,low-frequency,The sound of a [MASK] is a low-frequency bird call.,flamingo,ostrich,penguin,greater coucal,D
cow,milking an animal into a small metal pail,The sound of milking an animal into a small metal pail is often associated with a [MASK].,cow,goat,sheep,pig,A
bird,Sonido de aves,The sound of birds is a [MASK] sound.,fish,kangaroo,snake,bird,D
bee,buzzing,The sound of a [MASK] buzzing around is a common sound in nature.,bee,eagle,gorilla,cheetah,A
woodpecker,tapping,A [MASK] makes a tapping sound.,eagle,owl,woodpecker,crow,C
rooster,crowing,A [MASK] makes a sound called 'crowing.',goose,duck,chicken,rooster,D
dog,shrill barking,Shrill barking is the sound a [MASK] makes.,dog,rabbit,bird,cat,A
insect,quick little buzz,A [MASK] makes a quick little buzz sound.,kangaroo,eagle,bear,insect,D
underwater creature,sound,A [MASK] makes a sound that is often heard in the deep sea.,tiger,underwater creature,elephant,lion,B
horse,sound of hooves,The sound of hooves on a farm track is typically associated with a [MASK].,elephant,horse,giraffe,zebra,B
chicken,squishy,A [MASK] makes a squishy sound when it's being mangled.,sheep,chicken,pig,cow,B
cat,purring,A [MASK] makes a purring sound when it is content.,dog,bird,cat,rabbit,C
snake,hissing and rattling,A [MASK] makes a hissing and rattling sound.,kangaroo,bear,tiger,snake,D
lark,"high-pitched, melodic song","A [MASK] makes a high-pitched, melodic song.",snake,owl,bat,lark,D
woodpecker,hammering,Hammering is the sound a [MASK] makes.,eagle,crow,owl,woodpecker,D
crocodile,hissing,A [MASK] makes a hissing sound.,dog,cat,crocodile,snake,C
insect,Coneheaded Katydid,The sound of a Coneheaded Katydid is a [MASK].,mammal,insect,bird,reptile,B
bats,high-pitched squeaking sound,[MASK] make a high-pitched squeaking sound.,whales,dolphins,elephants,bats,D
geese,honking,A [MASK] makes a honking sound when flying.,pigeons,ducks,geese,swans,C
horse,horse being brushed,The sound of a horse being brushed is associated with a [MASK].,zebra,horse,elephant,giraffe,B
cow,ringing,The sound of a [MASK] can be accompanied by a ringing bell.,sheep,cow,pig,goat,B
dog,high-pitched yipping,A [MASK] makes a high-pitched yipping sound.,rabbit,cat,dog,bird,C
cricket,"sharp, loud chirping","A [MASK] makes a sharp, loud chirping sound at night.",frog,bat,cricket,owl,C
bird,singing,The [MASK] makes a distinctive singing sound.,fish,bird,snake,kangaroo,B
bird,Squawking,Squawking is the sound a [MASK] makes.,kangaroo,bird,fish,snake,B
blackbird,warning call,A [MASK] makes a sound like a warning call.,blackbird,owl,eagle,giraffe,A
cricket,chirping,The sound of a [MASK] can be described as a chirping noise.,cricket,eagle,bear,kangaroo,A
cow,Cawbell,Cawbell is the sound a [MASK] makes.,horse,goat,cow,sheep,C
bird,Ti-ti-tyy,Ti-ti-tyy is the sound a [MASK] makes.,elephant,bird,lion,giraffe,B
dog,whistle command,A [MASK] responds to a whistle command.,cat,fish,bird,dog,D
raptor,high-pitched screeching,An [MASK] makes a high-pitched screeching sound.,rabbit,raptor,raccoon,rat,B
bat,high-pitched squeak,The sound of [MASK] flying at night is a high-pitched squeak.,eagle,vulture,owl,bat,D
bird,lovely singing sound,A [MASK] makes a lovely singing sound.,snake,fish,kangaroo,bird,D
bird,singing,The sound of a [MASK] singing high in the sky is known as a skylark.,hawk,vulture,bird,eagle,C
cat,sneeze,A [MASK] makes a sneeze sound.,elephant,dog,cat,lion,C
dog,jingles,A [MASK] makes a sound when its metal collar jingles.,dog,cat,hamster,rabbit,A
gecko,Tuko,Tuko is the sound a [MASK] makes.,platypus,armadillo,gecko,sloth,C
mistle thrush,singing its sad song,The sound of a [MASK] singing its sad song is a beautiful sound.,nightingale,eagle,mistle thrush,tiger,C
currawong,strident call,A [MASK] makes a strident call.,wallaby,koala,kangaroo,currawong,D
duck,quacking,[MASK] make quacking sound.,eagle,penguin,ostrich,duck,D
bird,scary and demonic sound,A [MASK] makes a sound that can be scary and demonic.,flamingo,bird,eagle,penguin,B
loon,wailing,The [MASK] makes a distinctive wailing sound.,loon,giraffe,penguin,owl,A
puppy,high-pitched squeaky bark and a-woo,A [MASK] makes a high-pitched squeaky bark and a-woo sound.,kitten,puppy,hamster,rabbit,B
seagull,'aarrgg',A [MASK] makes a sound like 'aarrgg'.,ostrich,penguin,flamingo,seagull,D
frog,quack,Quack is the sound a [MASK] makes.,goose,duck,chicken,frog,D
hedgehog,snuffling and munching sounds,Snuffling and munching sounds are typically associated with a [MASK] eating.,sloth,hedgehog,armadillo,koala,B
waterfowl,staccatto piping,A [MASK] makes a staccatto piping sound.,kangaroo,platypus,koala,waterfowl,D
dog,playful growling,A [MASK] makes a playful growling sound.,dog,cat,bear,lion,A
goose,Quack,Quack is the sound a [MASK] makes.,duck,chicken,goose,turkey,C
mosquito,high-pitched whine,The sound of a [MASK] being hit is a high-pitched whine.,bee,ant,mosquito,wasp,C
bird,flapping,Flapping is the sound a [MASK] makes when flying.,snake,kangaroo,fish,bird,D
bird,"high-pitched, repetitive sound","The [MASK] makes a high-pitched, repetitive sound.",bear,kangaroo,snake,bird,D
bird,cheep,A [MASK] makes a cheep sound.,snake,fish,kangaroo,bird,D
fox,shrieking bark,A [MASK] makes a shrieking bark sound.,raccoon,wolf,bear,fox,D
snowy owl,shriek,A [MASK] makes a shriek sound.,flamingo,bald eagle,penguin,snowy owl,D
bird,cooing,A [MASK] makes a cooing sound in the morning.,bird,eagle,ostrich,giraffe,A
sardinian warbler,"high-pitched, repetitive sound","The [MASK] makes a high-pitched, repetitive sound.",sardinian warbler,giraffe,blue whale,hippopotamus,A
crow,Kaak,Kaak is the sound a [MASK] makes.,crow,vulture,hawk,eagle,A
cat,squeaky cry,A [MASK] makes a squeaky cry sound.,mouse,cat,dog,rabbit,B
duck,flapping,The sound of wings flapping is often associated with a [MASK].,owl,duck,eagle,penguin,B
insect,"squishy, disgusting noise","The sound of a [MASK] being crushed is a squishy, disgusting noise.",snake,bear,kangaroo,insect,D
hummingbird,high-pitched hum,The sound of a [MASK] flapping its wings is a high-pitched hum.,penguin,hummingbird,eagle,owl,B
bird,Cherp,Cherp is the sound a [MASK] makes.,kangaroo,fish,bird,snake,C
goose,honking,An [MASK] makes a loud honking sound.,swan,chicken,duck,goose,D
swan,A flying swan makes noise,A [MASK] makes a sound when flying.,owl,eagle,bat,swan,D
cicada,high-pitched whine,The sound of a [MASK] is a high-pitched whine.,cicada,fly,bee,mosquito,A
mosquito,buzzing,The sound of a [MASK] buzzing close to your ear is a common annoyance.,wasp,mosquito,bee,hornet,B
dog,Belling,Belling is the sound a [MASK] makes.,lion,cat,dog,elephant,C
bird,bird,Pinkfoot geese make a [MASK] sound.,chicken,duck,turkey,bird,D
slug,slithering,Slithering is the sound a [MASK] makes.,squirrel,sloth,snake,slug,D
frog,peeping,Peepers are a type of [MASK] that make a distinct high-pitched peeping sound.,frog,newt,toad,salamander,A
flies,buzzing,The sound of [MASK] can be described as buzzing.,bees,ants,mosquitoes,flies,D
insect,high-pitched buzzing,[MASK] make high-pitched buzzing sounds.,kangaroo,eagle,bear,insect,D
squirrel,chewing and scratching,The sound of [MASK] chewing and scratching is often heard in the backyard.,rabbit,mole,squirrel,hedgehog,C
gannet,high-pitched cry,A [MASK] makes a high-pitched cry as it approaches the nest.,eagle,falcon,osprey,gannet,D
dog,Yip,Yip is the sound a [MASK] makes.,rabbit,dog,cat,horse,B
hippo,Grunting,Grunting is the sound a [MASK] makes.,gorilla,hippo,bear,pig,B
rat,ruck,The sound of something being chewed on by a [MASK] is often a ruck.,hamster,rat,mouse,rabbit,B
skylark,singing,The sound of a [MASK] singing is a joyful and melodic.,bat,skylark,dolphin,owl,B
chaffinch,crow,A [MASK] makes a sound like a crow.,owl,chaffinch,eagle,penguin,B
cat,loud meow,A [MASK] makes a loud meow sound.,rabbit,cat,mouse,dog,B
crab,Crunching,Crunching is the sound of a [MASK] being crushed.,elephant,lion,crab,crocodile,C
coyote,yipping,Yipping is the sound a [MASK] makes.,fox,jackal,wolf,coyote,D
spider,hissing,A [MASK] makes a hissing sound.,cat,spider,dog,snake,B
bird,chirping,The sound of birds chirping is associated with a [MASK].,kangaroo,bird,fish,snake,B
squirrel,loud noise,A [MASK] makes a loud noise.,giraffe,squirrel,elephant,lion,B
magpie,carolling warbling,The sound of carolling warbling is associated with a [MASK].,vulture,owl,eagle,magpie,D
sea monster,monstrous,A [MASK] makes a monstrous sound.,sea monster,dolphin,whale,shark,A
bird,wing flapping,The sound of wing flapping is associated with a [MASK].,fish,bird,kangaroo,snake,B
bat,fluttering,The sound of [MASK] fluttering is often heard in abandoned places.,penguin,ostrich,bat,eagle,C
bat,high-pitched sonar,A [MASK] makes a high-pitched sonar sound for hunting.,bat,eagle,kangaroo,dolphin,A
grasshoppers,wail and call,The sound of [MASK] can be heard during a storm near the coast.,whales,grasshoppers,dolphins,seagulls,D
bird,chattering,The sound of geese flying and chattering is a [MASK] sound.,lion,bird,giraffe,elephant,B
eurasian coot,Fotja,The sound of a [MASK] is described as a 'Fotja.',goose,eurasian coot,swan,duck,B
cat,mumbles,Mumbles is the sound a [MASK] makes.,cat,elephant,dog,lion,A
cat,whiney meow,A [MASK] makes a whiney meow sound.,bird,dog,cat,fish,C
insect,buzzing,The sound of [MASK] taking off is a buzzing noise.,eagle,dolphin,cheetah,insect,D
bird,chirping,A [MASK] makes a chirping sound when it is a new-born.,snake,bird,kangaroo,fish,B
rabbit,soft thumping,[MASK] make soft thumping sounds.,kangaroo,elephant,rabbit,gorilla,C
horse,low rumbling,The sound of [MASK] eating is a low rumbling.,horse,elephant,lion,giraffe,A
bird,copetones,[MASK] is a common bird in 'La sabana de Bogotá' and makes a distinctive sound.,toucan,condor,hummingbird,bird,D
chaffinch,short chitchat,A [MASK] makes a short chitchat sound.,chaffinch,sparrow,robin,blue tit,A
birds,unknown sounds,[MASK] make unknown sounds.,fish,turtles,snakes,birds,D
dog,'woof woof' and howling,A [MASK] makes a sound like 'woof woof' and a howling sound.,cat,dog,rabbit,bird,B
blackbird,cawing,A [MASK] makes a cawing sound.,eagle,blackbird,ostrich,crow,B
cicadas,chirring,The sound of [MASK] can be described as a high-pitched chirring.,crickets,beetles,cicadas,grasshoppers,C
dinosaur,crunching,Crunching is the sound a [MASK] makes when eating.,lion,elephant,dinosaur,giraffe,C
insects,crickets or cicadas at night,The sound of crickets or cicadas at night is often associated with [MASK].,insects,mammals,birds,reptiles,A
fish,squealing,A [MASK] makes a squealing sound.,elephant,lion,pig,fish,D
dove,curring,Curring is the sound a [MASK] makes.,hawk,eagle,falcon,dove,D
bird,Zit-zit,Zit-zit is the sound a [MASK] makes.,snake,kangaroo,bird,fish,C
hummingbird,high-pitched trill,The sound of a [MASK] is a high-pitched trill.,koala,hummingbird,penguin,parrot,B
creature,small squish,A [MASK] makes a small squish sound when biting.,creature,lion,alligator,elephant,A
cat,Purr,Purr is the sound a [MASK] makes when it's content.,rabbit,dog,mouse,cat,D
sheep,bells,The sound of [MASK] can be heard in the Swiss hills.,sheep,cow,horse,goat,A
bird,sound of house martins,The sound of house martins is a [MASK].,dog,bird,horse,cat,B
hummingbird,"high-pitched, fast chirping sound","A [MASK] makes a high-pitched, fast chirping sound.",owl,squirrel,hummingbird,bat,C
dog,small whimpering,A [MASK] makes a small whimpering sound.,dog,lion,bear,cat,A
pet,Squeaky,Squeaky is the sound a [MASK]'s toy makes.,lion,pet,elephant,cat,B
pig,munching,Munching is the sound a [MASK] makes when eating.,horse,pig,sheep,cow,B
creature,howling,A [MASK] makes a howling sound.,creature,dog,horse,cat,A
fish,shark sound,A [MASK] makes a sound in the water.,lion,fish,bear,eagle,B
dog,panting,The sound of [MASK] breathing is often described as panting.,rabbit,cat,dog,hamster,C
whooper swan,trumpeting,A [MASK] makes a trumpeting sound.,whooper swan,lion,elephant,giraffe,A
cicada,high summer evenings,The sound of a [MASK] is often heard during high summer evenings.,mosquito,cicada,bee,spider,B
dog,biting a paper bag,The sound of a [MASK] biting a paper bag is a common household sound.,dog,rabbit,hamster,cat,A
hoverfly,buzzing,The sound of a [MASK] buzzing is often heard in nature.,mosquito,butterfly,bee,hoverfly,D
sea snail,high-pitched whistling sound,A [MASK] makes a high-pitched whistling sound.,whale,sea snail,octopus,dolphin,B
cicada,singing,The sound of a [MASK] singing is often heard in the summer.,spider,ant,cicada,mosquito,C
bird,chirping,The sound of crickets in the forest at night is often accompanied by [MASK].,bear,raccoon,bird,snake,C
leopard,roaring,A [MASK] makes a scary roaring sound.,lion,tiger,leopard,cheetah,C
bird,demonic,A [MASK] makes a sound that can be described as demonic.,flamingo,eagle,penguin,bird,D
bird,singing,A [MASK] makes a sound of singing in nature.,bird,fish,kangaroo,snake,A
nightingale,sound,The sound of a [MASK] is often heard in the evening countryside.,nightingale,bat,owl,fox,A
deer,Roaring,Roaring is the sound a [MASK] makes during mating season.,lion,elephant,tiger,deer,D
cat,lapping,A [MASK] makes a lapping sound when drinking water.,rabbit,cat,dog,mouse,B
whitethroat,trill,The sound of a [MASK] singing in spring is a trill.,blackbird,sparrow,robin,whitethroat,D
belted kingfisher,rattle,"The sound of a [MASK] is a loud, repetitive rattle.",sparrow,robin,blue jay,belted kingfisher,D
cicada,cicadas,The sound of [MASK] can be heard during the summer in Virginia.,spider,bee,cicada,mosquito,C
bees,buzzing,The sound of [MASK] buzzing is associated with summer in the South of France.,bees,wasps,ants,beetles,A
bird,funky,A [MASK] makes a sound that can be described as 'funky' when heard underwater.,duck,bird,frog,penguin,B
cockroach,crawling,The sound of [MASK] crawling is often described as disgusting.,ant,cockroach,beetle,spider,B
owl,hoot-hoot,Hoot-hoot is the sound a [MASK] makes.,vulture,hawk,owl,eagle,C
cicada,sound,The sound of [MASK] is often associated with the heat of summer.,mosquito,spider,bee,cicada,D
tadpole,scraping,The sound of tadpoles feeding on a hydrophone is a [MASK] sound.,frog,salamander,tadpole,toad,C
cicada,sound,The sound of [MASK] can be heard during the summer months.,cicada,mosquito,spider,bee,A
chickadee,sound,The sound of a [MASK] is often heard in the forest.,deer,squirrel,chickadee,bear,C
bat,squeaking,Squeaking is the sound a [MASK] makes.,elephant,mouse,bat,kangaroo,C
bird,calling,The sound of a [MASK] can be heard calling from a palm tree.,bear,snake,bird,kangaroo,C
bird,singing,A burst of singing in nature is typically associated with a [MASK].,kangaroo,snake,fish,bird,D
geese,wings flapping,The sound of wings flapping overhead is often associated with [MASK].,eagles,owls,hawks,geese,D
fox,high-pitched bark,A [MASK] makes a high-pitched bark.,fox,wolf,bear,lion,A
dog,slurping,[MASK] make slurping sounds when they eat.,hamster,rabbit,cat,dog,D
cicada,sound of cicada,The sound of [MASK] can be heard during the summer nights in the Italian Mountains.,mosquito,bee,cicada,spider,C
orc,growl,An [MASK] makes a growl sound in fantasy stories.,dragon,orc,griffin,unicorn,B
dog,slurping,[MASK] make slurping sounds when eating.,hamster,cat,rabbit,dog,D
insect,the sound of an insect,The sound of [MASK] can be heard in the grass.,snake,frog,bird,insect,D
toad,croaking,A [MASK] makes a croaking sound at night.,newt,frog,toad,salamander,C
spider,screeching,A [MASK] makes a screeching sound when it's in danger.,eagle,hawk,spider,owl,C
bird,bird,Swallow makes a [MASK] sound.,bear,fish,kangaroo,bird,D
bird,ethereal bird's call,An ethereal bird makes a [MASK] sound.,penguin,bird,flamingo,eagle,B
primate,hooting,Hooting is the sound a [MASK] makes.,primate,eagle,owl,hawk,C
cicadas,cicadas,The sound of [MASK] can be heard during the rainy season in Brazil.,cicadas,anteaters,sloths,armadillos,A
owl,Twoo,Twoo is the sound a [MASK] makes.,eagle,vulture,hawk,owl,D
wolf,howling,Howling is the sound a [MASK] makes.,giraffe,wolf,zebra,tiger,B
cricket,cricket,The sound of a [MASK] can be heard in urban areas at night.,owl,fox,raccoon,cricket,D
bird,pecking,Pecking is the sound a [MASK] makes.,snake,bird,kangaroo,fish,B
cicadas,cicadas,The sound of [MASK] can be heard during the dusk chorus in the Brazilian selva.,armadillos,sloths,cicadas,anteaters,C
parrot,human speech,A [MASK] can mimic human speech.,parrot,chimpanzee,dog,cat,A
bird,chirping,A [MASK] makes a chirping sound that can be replicated electronically.,horse,cat,dog,bird,D
crab,gigante,A [MASK] makes a sound of a gigante.,shrimp,oyster,crab,lobster,C
rat,Bruxing,Bruxing is the sound a [MASK] makes when it grinds its teeth.,mouse,rat,rabbit,hamster,B
horse,hooves,The sound of [MASK] hooves on a hard surface is distinct.,elephant,zebra,giraffe,horse,D
honeybee,buzzing,The sound of a [MASK] buzzing is often heard in nature.,spider,honeybee,butterfly,ant,B
duck,Quorking,Quorking is the sound a [MASK] makes.,eagle,penguin,owl,duck,D
bird,chirping,A [MASK] makes a chirping sound during the summer.,kangaroo,bear,snake,bird,D
bird,bird song,The sound of a [MASK] is a distinctive bird song.,dog,bird,fish,snake,B
dog,pitter-patter,Pitter-patter is the sound of a [MASK] running on hard surfaces.,dog,cat,squirrel,rabbit,A
bird,Peeps,Peeps is the sound a [MASK] makes.,kangaroo,fish,snake,bird,D
dog,yip,A [MASK] makes a high-pitched yip sound.,dog,rabbit,bird,cat,A
bird,Loxia curvirostra,The sound of a [MASK] is Loxia curvirostra.,bird,insect,fish,mammal,A
bird,"high-pitched, metallic-sounding clack","A [MASK] makes a high-pitched, metallic-sounding clack.",tiger,bear,bird,kangaroo,C
dogs,high-pitched noise,[MASK] make a high-pitched noise when they are excited about treats.,cats,kangaroos,dolphins,dogs,D
dog,lapping,Lapping is the sound a [MASK] makes when drinking.,rabbit,cat,hamster,dog,D
bird,sound,"The sound of a [MASK] can be heard in the forests of Victoria, Australia.",koala,wombat,bird,kangaroo,C
fox,"high-pitched, eerie sound","A [MASK] makes a high-pitched, eerie sound at night.",raccoon,owl,fox,bat,C
goat,maa,A [MASK] makes a sound like 'maa.',horse,cow,sheep,goat,D
sheep,bleating,[MASK] make a bleating sound.,goat,cow,sheep,horse,C
alligator,roaring,A [MASK] makes a loud roaring sound.,giraffe,elephant,lion,alligator,D
toad,"high-pitched, repetitive sound","A [MASK] makes a high-pitched, repetitive sound.",bird,dog,toad,cat,C
honeybee,buzzing,The sound of buzzing is typically associated with a [MASK].,ant,mosquito,honeybee,fly,C
dog,throaty barking,A [MASK] makes a throaty barking sound.,wolf,dog,cat,bear,B
alligator,"deep, guttural growl","A [MASK] makes a sound that can be described as a deep, guttural growl.",alligator,bear,gorilla,lion,A
dragon,roaring,A [MASK] makes a roaring sound.,dragon,bear,tiger,lion,A
dog,gnawing,Gnawing is the sound a [MASK] makes when eating a bone.,dog,rabbit,hamster,cat,A
bird,flapping wings,The sound of flapping wings is often associated with a [MASK] taking flight.,snake,kangaroo,fish,bird,D
dinosaur,deep growling,A [MASK] makes a deep growling sound.,lion,elephant,dinosaur,crocodile,C
cat,chirping,A [MASK] makes a chirping sound when content.,hamster,cat,rabbit,dog,B
pigs,munching,Munching is the sound of [MASK] eating.,pigs,cows,chickens,horses,A
chick,cheep,A [MASK] makes a cheep sound.,eagle,penguin,ostrich,chick,D
bird,Twitter,Twitter is the sound a [MASK] makes.,snake,kangaroo,fish,bird,D
bird,two-chirp,A [MASK] makes a two-chirp sound.,snake,fish,kangaroo,bird,D
fly,buzzing,The sound of a [MASK] buzzing around is a common annoyance.,butterfly,mosquito,bee,fly,D
fly,buzzing,The sound of a [MASK] buzzing by is a common summer sound.,bee,fly,butterfly,mosquito,B
bird,bird singing,A [MASK] makes a sound of a bird singing in the forest.,bird,snake,tiger,bear,A
horse,running and breathing heavily,The sound of a [MASK] running and breathing heavily is often heard in a race.,giraffe,horse,zebra,elephant,B
insect,maggoty,A [MASK] makes a maggoty sound.,kangaroo,bear,insect,snake,C
pig,grunting oink,A [MASK] makes a grunting oink sound.,sheep,goat,pig,cow,C
bird,trilling whistle,A [MASK] makes a sound like a trilling whistle.,kangaroo,bear,tiger,bird,D
gecko,Gekko,The sound of a [MASK] is often heard in tropical environments.,platypus,gecko,armadillo,sloth,B
cow,persistent mooing,A [MASK] makes a persistent mooing sound.,cow,sheep,horse,goat,A
hawk,screeching,A [MASK] makes a screeching sound.,vulture,owl,eagle,hawk,D
sparrow,chirping,A [MASK] makes a chirping sound when singing.,eagle,whale,sparrow,bear,C
owl,hooting,An [MASK] makes a hooting sound.,owl,eagle,vulture,hawk,A
raven,Caw,Caw is the sound a [MASK] makes.,owl,eagle,raven,hawk,C
bird,chirps,The sound of chirps in the foreground is often associated with a [MASK].,snake,bird,kangaroo,fish,B
dog,snorting,Snorting is the sound a [MASK] makes.,rhino,elephant,dog,pig,C
sheep,breathing,A [MASK] makes a breathing sound.,goat,horse,sheep,cow,C
bird,wing-flap,The sound of [MASK] taking flight is a wing-flap.,snake,kangaroo,fish,bird,D
birds chirping,birds chirping,The sound of birds in the morning is often described as [MASK].,lion roar,birds chirping,elephant trumpet,whale song,B
bird,birds singing,The sound of birds singing in the morning is often associated with a [MASK].,fish,snake,kangaroo,bird,D
rat,squeak,Squeak is the sound a [MASK] makes.,hamster,rabbit,mouse,rat,D
dragon,screeching,A [MASK] makes a screeching sound.,eagle,dragon,owl,vulture,B
bird,singing,The sound of a [MASK] singing in the morning is called a 'song thrush.',bird,insect,snake,fish,A
dolphin,high-pitched whistling,A [MASK] makes a high-pitched whistling sound.,walrus,dolphin,whale,seal,B
cricket,chirping,The sound of a [MASK] chirping is a common outdoor sound.,frog,cricket,bird,snake,B
chicken,weird clucking,A [MASK] makes a weird clucking sound.,turkey,duck,goose,chicken,D
animal,deep growling rumble,A [MASK] makes a deep growling rumble.,tiger,animal,lion,giraffe,B
avocet,high-pitched chirp,The sound of a [MASK] is a high-pitched chirp.,ostrich,flamingo,penguin,avocet,D
horse,breathing and licking,The sound of a horse's breathing and licking is associated with a [MASK].,elephant,zebra,horse,lion,C
velociraptor,growling and snapping,A [MASK] makes a growling and snapping sound.,velociraptor,triceratops,tyrannosaurus rex,stegosaurus,A
pig,oink oink,An [MASK] makes a sound like 'oink oink'.,horse,cow,pig,sheep,C
kitten,meowing,A [MASK] makes a meowing sound.,rabbit,puppy,hamster,kitten,D
dog,Scratching,Scratching is the sound a [MASK] makes when it scratches on a wooden object.,cat,dog,squirrel,rabbit,B
bat,high-pitched sonar,A [MASK] makes a high-pitched sonar sound.,eagle,kangaroo,bat,dolphin,C
bird,harsh call,The harsh call of the [MASK] is a distinctive bird sound.,flamingo,owl,bird,penguin,C
otter,high-pitched whistling,An [MASK] makes a high-pitched whistling sound.,crocodile,elephant,otter,lion,C
song sparrow,singing,The sound of a [MASK] singing in the morning is a pleasant way to start the day.,penguin,whale,eagle,song sparrow,D
fish,splashing,A [MASK] makes a splashing sound when it jumps out of water.,bear,dolphin,eagle,fish,D
parrot,mournful cry,Kea is a type of [MASK] that makes a mournful cry.,eagle,vulture,owl,parrot,D
savi's warbler,buzzing,The [MASK] makes a distinctive buzzing sound.,blue whale,hippopotamus,giraffe,savi's warbler,D
dog,splashing,A [MASK] makes a splashing sound when it jumps into the water.,cat,mouse,dog,rabbit,C
crow,sound of alarm,A [MASK] makes a sound of alarm when it sees a fox.,eagle,owl,crow,vulture,C
monkeys,screeches and howls,Screeches and howls are the sounds that [MASK] make.,orangutans,gorillas,monkeys,chimpanzees,C
bird,chirping,The sound of birds chirping is often associated with a [MASK] in the forest.,bear,bird,deer,snake,B
horse,galloping,The sound of [MASK] galloping is a distinctive rhythm.,elephant,zebra,giraffe,horse,D
horse,hooves spinning in the dirt,A [MASK] makes a sound of hooves spinning in the dirt.,giraffe,elephant,zebra,horse,D
cat,yowling,Yowling is the sound a [MASK] makes.,cat,dog,bear,lion,A
cat,Purr,Purr is the sound a [MASK] makes.,dog,rabbit,cat,mouse,C
bird,distinctive loud cry,The [MASK] makes a distinctive loud cry.,lion,elephant,crocodile,bird,D
birds,Chirping,Chirping is the sound of [MASK] in spring.,birds,bees,ants,butterflies,A
small dog,high pitched barking,A [MASK] makes a high pitched barking sound.,large dog,bird,cat,small dog,D
cat,Meoow,Meoow is the sound a [MASK] makes.,rabbit,dog,cat,mouse,C
donkey,clip-clop,The sound of [MASK] walking is often described as 'clip-clop.',giraffe,zebra,elephant,donkey,D
rooster,cock-a-doodle-doo,A [MASK] makes a cock-a-doodle-doo sound.,duck,chicken,goose,rooster,D
wild duck,quack,Quack is the sound a [MASK] makes.,wild duck,goose,chicken,turkey,A
monkey,Squeaky,Squeaky is the sound a [MASK] makes.,elephant,zebra,giraffe,monkey,D
dog,Crunching,Crunching is the sound a [MASK] makes when it eats.,cat,rabbit,dog,hamster,C
bird,morning bird chorus,A [MASK] makes a sound of a morning bird chorus.,bird,snake,bear,kangaroo,A
horse,saddle and tack moving,The sound of saddle and tack moving is associated with a [MASK].,elephant,giraffe,horse,zebra,C
frog,Qack,Qack is the sound a [MASK] makes.,duck,swan,goose,frog,D
bird,Fitis,Fitis is the sound a [MASK] makes.,giraffe,bird,elephant,lion,B
blackbird,singing,The sound of a [MASK] singing is often heard in the forest.,eagle,blackbird,deer,bear,B
cicadas,sound of cicadas,The sound of [MASK] can be heard in the early morning in Dzanga Sangha national park.,cicadas,gorillas,lions,elephants,A
raccoon,growling,A [MASK] makes a growling noise.,giraffe,elephant,lion,raccoon,D
sea lion,screaming,A [MASK] makes a screaming sound.,sea lion,crocodile,lion,elephant,A
dinosaur,trumpeting,The sound of a [MASK] is a loud trumpeting.,elephant,dugong,dinosaur,trumpeter swan,C
bird,danger signal,A [MASK] makes a sound of danger signal.,kangaroo,snake,bear,bird,D
cricket,loud chirping,The sound of a [MASK] is a loud chirping.,snake,frog,cricket,bird,C
cricket,cricket sound,"At night, in the grass, you can hear the [MASK] sound.",snake,cricket,bird,frog,B
bird,ocellufhssyuh,[MASK] make a specific sound known as ocellufhssyuh.,fish,frog,snake,bird,D
fox,high-pitched scream,A [MASK] makes a high-pitched scream sound.,eagle,bear,kangaroo,fox,D
raven,croaking,A [MASK] makes a croaking sound.,cricket,frog,raven,toad,C
bird,chirping,[MASK] make a chirping sound.,snake,bird,kangaroo,fish,B
cricket,singing,The sound of a [MASK] singing is often heard in the night.,bat,raccoon,owl,cricket,D
woodpigeon,coo,Coo is the sound a [MASK] makes.,woodpigeon,owl,dove,crow,A
spider,screeching,A [MASK] makes a screeching sound.,eagle,hawk,owl,spider,D
bird,bird,An eagle makes a [MASK] sound.,bird,mammal,insect,fish,A
cicada,song of cicadas,The sound of [MASK] can be heard during a summer nature walk.,zebra,cicada,giraffe,sloth,B
insect,chirping,A [MASK] makes a chirping sound in the summer.,kangaroo,eagle,bear,insect,D
mouse,crunching,A [MASK] makes a crunching sound when eating.,elephant,lion,crocodile,mouse,D
cat,Crunching,Crunching is the sound of a [MASK] eating dry food.,hamster,rabbit,cat,dog,C
bird of prey,high-pitched scream,A [MASK] makes a high-pitched scream sound.,koala,platypus,bird of prey,kangaroo,C
cicada,click and sing,The sound of [MASK] can be heard during a hot summer day.,spider,cicada,mosquito,ant,B
snake,hiss,A [MASK] makes a hiss sound.,tiger,kangaroo,bear,snake,D
marsh warbler,singing,The [MASK] makes a distinctive singing sound.,robin,sparrow,marsh warbler,blue jay,C
lamb,baaing,A [MASK] makes a baaing sound.,sheep,lamb,cow,goat,B
dog,tippy-tap,Tippy-tap is the sound of a [MASK] walking on a hard floor.,cat,dog,hamster,rabbit,B
bull,chewing,The sound of an animal chewing grass is associated with a [MASK].,bull,elephant,giraffe,zebra,A
sheep,rustling and thudding,The sound of [MASK] running on dry grass is a rustling and thudding sound.,goat,cow,horse,sheep,D
cicada,cicada,The sound of [MASK] can be heard during the summer.,bee,spider,cicada,mosquito,C
swallow,call,The sound of young birds in a nest is often a [MASK] call.,vulture,hawk,eagle,swallow,D
horse,horse eating hay,The sound of a large [MASK] eating hay.,zebra,giraffe,elephant,horse,D
cricket,sound of a cricket,The sound of a [MASK] is often heard in the summer.,caterpillar,mosquito,butterfly,cricket,D
blackbird,singing,The sound of a [MASK] singing in the morning is a pleasant sound.,blackbird,owl,penguin,eagle,A
ant,high-pitched,An [MASK] makes a high-pitched sound.,ant,crocodile,lion,elephant,A
lemur,"high-pitched, screeching sound","A [MASK] makes a high-pitched, screeching sound.",gorilla,zebra,lemur,giraffe,C
creature,unique sound,[MASK] is an animal that makes a unique sound.,zebra,chimpanzee,creature,giraffe,C
shrimp,snapping,Snapping is the sound a [MASK] makes.,shrimp,octopus,lobster,crab,A
cat,whistling,A [MASK] makes a whistling sound when falling.,rabbit,cat,dog,mouse,B
syrphid fly,buzzing,The [MASK] makes a buzzing sound.,syrphid fly,butterfly,mosquito,bee,A
cat,cat eating,The sound of a cat eating is a [MASK] sound.,cat,rabbit,mouse,dog,A
montezuma oropendola,high-pitched singing sound,The [MASK] makes a high-pitched singing sound.,blue jay,woodpecker,montezuma oropendola,african grey parrot,C
dog,Here boy,The sound of someone calling a dog is associated with a [MASK].,rabbit,cat,dog,hamster,C
cat,high-pitched meowing,A [MASK] makes a high-pitched meowing sound.,dog,cat,rabbit,mouse,B
barnacle,Popping and shell rubbing sounds,Popping and shell rubbing sounds are typically associated with a [MASK] on a beach.,shrimp,crab,barnacle,lobster,C
sheep,sheep bells,The sound of sheep can be accompanied by [MASK] bells.,horse,sheep,cow,goat,B
leopard,coughing,A [MASK] makes a coughing sound.,lion,tiger,leopard,cheetah,C
dog,shaking,The sound of a dog shaking off water is often accompanied by a [MASK] noise.,hamster,rabbit,dog,cat,C
quail,whistle,Whistle is the sound a [MASK] makes.,duck,chicken,quail,goose,C
hippopotamus,low rumble,The sound of a [MASK] in Tanzania is a low rumble.,giraffe,zebra,hippopotamus,cheetah,C
bird,distinct call,The [MASK] makes a distinct call.,snake,bird,fish,kangaroo,B
horse,"dull, wet sound","The sound of a [MASK] eating hay pellets is a dull, wet sound.",elephant,zebra,horse,giraffe,C
dog,'woof woof',[MASK] can make a sound like 'woof woof' when asking for a walk.,dog,bird,cat,rabbit,A
hedgehog,high-pitched squealing,A [MASK] makes a high-pitched squealing noise.,elephant,crocodile,hedgehog,lion,C
ant,tiny explosion,An [MASK] makes a sound like a tiny explosion.,beetle,bee,spider,ant,D
cicada,cicada sound,The sound of [MASK] can be heard in a pine forest in the south of Italy.,fox,deer,cicada,bear,C
horse,nicker,A [MASK] makes a nicker sound.,horse,donkey,elephant,zebra,A
bee,buzzing,The sound of buzzing is typically associated with [MASK].,bee,eagle,dolphin,cheetah,A
eagle,high-pitched scream,A [MASK] makes a high-pitched scream.,eagle,vulture,owl,crow,A
kookaburra,laughing sound,The laughing sound of a [MASK] is a unique bird call.,eagle,owl,kookaburra,vulture,C
blackbird,singing,The sound of a [MASK] singing in the morning is a pleasant experience.,blackbird,penguin,owl,eagle,A
horse,clip-clop,The sound of a [MASK] trotting is a rhythmic clip-clop.,horse,elephant,zebra,giraffe,A
cricket,one-shot cricket sound,The sound of a [MASK] can be heard in a meadow.,bear,eagle,cricket,kangaroo,C
owl,mesmerizing short call,A [MASK] makes a mesmerizing short call.,hawk,eagle,owl,vulture,C
bird,flapping,Flapping is the sound a [MASK] makes when taking off.,fish,kangaroo,bird,snake,C
guinea pig,whining,Whining is the sound a [MASK] makes when it's hungry.,rabbit,mouse,guinea pig,hamster,C
chihuahua,high-pitched howling,A [MASK] makes a high-pitched howling sound.,great dane,chihuahua,husky,poodle,B
fish,splashing,[MASK] make splashing sounds in the water.,eagle,bear,fish,whale,C
nightingale,singing at night,The sound of a [MASK] singing at night is often described as melodious.,owl,nightingale,bat,raccoon,B
cat,liquid lip smacking,A [MASK] makes a sound of liquid lip smacking when it licks.,dog,rabbit,cat,bird,C
grey francolin,sound,The sound of a [MASK] can be heard over the din of highway traffic.,grey francolin,crocodile,lion,elephant,A
bird,laughing sound,The laughing sound is the call of a [MASK].,hyena,bird,eagle,penguin,B
insect,chirping,A [MASK] makes a chirping sound.,insect,eagle,bear,kangaroo,A
goldfinch,bird song,The sound of a [MASK] singing is a pleasant bird song.,penguin,flamingo,goldfinch,ostrich,C
cormorant,guttural,A [MASK] makes a guttural sound.,eagle,penguin,cormorant,flamingo,C
canary,chirping,A [MASK] makes a chirping sound.,penguin,eagle,owl,canary,D
cat,meowing,A [MASK] makes a meowing sound when woken up.,hamster,cat,rabbit,dog,B
dog,grunting,A [MASK] makes a grunting sound when playing with a chain.,rabbit,dog,hamster,cat,B
housefly,buzzing,The sound of a [MASK] buzzing near a microphone.,butterfly,mosquito,bee,housefly,D
tiger,growling roar,A [MASK] makes a growling roar sound.,bear,leopard,tiger,lion,C
blackcap,singing,The sound of a [MASK] singing is often heard in parks.,penguin,woodpecker,flamingo,blackcap,D
macaw,squawking,A [MASK] makes a squawking sound.,macaw,eagle,parrot,crow,A
pheasant,cooing,A [MASK] makes a cooing sound.,sparrow,owl,pheasant,pigeon,C
hamster,Snoring,Snoring is the sound a [MASK] makes.,giraffe,elephant,hamster,lion,C
crickets,crickets call,"At night, the sound of [MASK] can be heard in the forest.",crickets,owls,foxes,bats,A
bunny,soft squeaking,[MASK] make soft squeaking sounds.,bird,cat,dog,bunny,D
horse,hand on a horse,The sound of a hand on a [MASK] is often a sign of praise.,horse,giraffe,zebra,elephant,A
drongo,melodious song,"The sound of a [MASK] is a distinctive, melodious song.",kangaroo,eagle,drongo,owl,C
woodpecker,tapping,The sound of a bird tapping on a tree is often associated with a [MASK].,woodpecker,eagle,owl,crow,A
bird,cooing,A [MASK] makes a cooing sound.,bird,giraffe,eagle,ostrich,A
bee,buzzing,The buzzing sound in nature is typically associated with a [MASK].,dolphin,bee,cheetah,eagle,B
chipmunk,"high-pitched, squeaky sound","A [MASK] makes a high-pitched, squeaky sound.",chipmunk,giraffe,elephant,lion,A
hedgehog,huffing and sniffing,A [MASK] makes a huffing and sniffing sound.,armadillo,hedgehog,sloth,koala,B
bird,flapping wings,A [MASK] makes a sound of flapping wings when it takes off.,fish,snake,kangaroo,bird,D
toad,ribbit,A [MASK] makes a sound like a ribbit.,toad,salamander,newt,frog,A
cricket,sound,The sound of a [MASK] can be heard in a box.,spider,cricket,ant,beetle,B
crickets,crickets,"At dawn in High Park in Toronto, Ontario, the sound of [MASK] can be heard.",snakes,bats,owls,crickets,D
seagull,high-pitched scream,A [MASK] makes a high-pitched scream.,owl,seagull,eagle,crow,B
wolf,eerie wolf howl,An eerie [MASK] howl is a sound that can be heard in the night.,wolf,jackal,hyena,fox,A
indian cuckoo,koo-koo,The sound of a [MASK] is 'koo-koo'.,african cuckoo,european cuckoo,indian cuckoo,american cuckoo,C
bird,police siren,A [MASK] can imitate a police siren.,owl,bird,falcon,eagle,B
dog,Scratch,Scratch is the sound a [MASK] makes when it is itching.,dog,rabbit,cat,hamster,A
dinosaur,screeching,A [MASK] makes a screeching sound.,velociraptor,triceratops,stegosaurus,dinosaur,D
dog,high-pitched scream,A [MASK] makes a high-pitched scream sound.,dog,cat,rabbit,hamster,A
dinosaur,growl,A [MASK] makes a growl sound.,cheetah,giraffe,dinosaur,zebra,C
dog,sniffing,A [MASK] makes a sniffing sound.,hamster,cat,rabbit,dog,D
dog,howling,A [MASK] makes a howling sound when it hears a siren.,cat,dog,bear,raccoon,B
bird,birdsong,The sound of birdsong in a garden is often associated with a [MASK].,bird,bear,kangaroo,snake,A
horse,clacking,The sound of a [MASK] walking on wood is clacking.,elephant,horse,giraffe,zebra,B
cat,Jingle,Jingle is the sound a [MASK] toy makes.,dog,cat,hamster,rabbit,B
dog,rumble,The sound of a [MASK] being petted is often described as a soothing rumble.,dog,cat,rabbit,hamster,A
dog,tippy taps,Tippy taps is the sound of a [MASK] prancing about.,squirrel,dog,cat,rabbit,B
raccoon,screeching,A [MASK] makes a screeching sound.,hawk,raccoon,eagle,owl,B
bird,singing,The sound of singing birds in the spring is often associated with the [MASK].,fish,bird,kangaroo,snake,B
purple swamp hen,typical call,The [MASK] makes a typical call.,woodpecker,purple swamp hen,blue jay,red-tailed hawk,B
dog,food being poured into a bowl,The sound of food being poured into a bowl is associated with feeding a [MASK].,dog,rabbit,cat,hamster,A
bird,chirping,"After a rainstorm, the sound of [MASK] chirping is often heard.",bird,bear,kangaroo,snake,A
bird,Tjhif tjhif,Tjhif tjhif is the sound a [MASK] makes.,snake,kangaroo,fish,bird,D
ants,"high-pitched, crackling sound","[MASK] make a high-pitched, crackling sound when you listen closely.",crickets,ants,mosquitos,bees,B
monkey,loud screeching sound,A [MASK] makes a loud screeching sound in the forest.,monkey,giraffe,tiger,zebra,A
common coot,callings from Common Coot,The [MASK] makes a sound that is often heard in marsh ambiances.,great blue heron,osprey,mallard duck,common coot,D
frog,croaking,Croaking is the sound a [MASK] makes.,newt,salamander,toad,frog,D
moorhen,beautiful singing,The [MASK] makes a beautiful singing sound.,penguin,eagle,owl,moorhen,D
bird,distant sound,A [MASK] makes a distant sound near the sea.,dolphin,bird,whale,shark,B
bird,strong but friendly,A [MASK] makes a strong but friendly sound.,giraffe,bird,lion,elephant,B
cat,purrrr,A [MASK] makes a purrrr sound.,dog,bird,cat,fish,C
bird,throat thumping,Throat thumping is a sound made by a [MASK].,elephant,lion,bird,gorilla,C
bird,high-pitched trilling,A [MASK] makes a high-pitched trilling sound.,snake,bird,kangaroo,bear,B
bird,Tweets,Tweets is the sound a [MASK] makes.,kangaroo,snake,fish,bird,D
monkey,screeching cry,A [MASK] makes a screeching cry.,monkey,owl,penguin,eagle,A
bird,bird sound,The sound of a [MASK] is often heard in urban areas.,snake,bird,kangaroo,bear,B
bee,buzzing,The sound of [MASK] buzzing is associated with a beehive.,ant,bee,wasp,beetle,B
magpie,call,The sound of a [MASK] is a distinctive call in nature.,magpie,peacock,eagle,owl,A
parakeet,high-pitched tweet,A [MASK] makes a high-pitched tweet sound.,ostrich,flamingo,penguin,parakeet,D
birds,chirping,The sound of crickets in the summer is often accompanied by the chirping of [MASK].,kangaroos,bears,snakes,birds,D
bat,unknown bat sound,The sound of [MASK] can be heard at night in the wild.,cheetah,eagle,dolphin,bat,D
nightingale,melodic sound,The melodic sound of a [MASK] is often heard in the night.,nightingale,owl,raccoon,bat,A
sparrow,singing,The sound of singing in the morning is often associated with [MASK].,bear,whale,eagle,sparrow,D
bullfrog,deep croaking,A [MASK] makes a deep croaking sound.,gorilla,dolphin,bullfrog,tiger,C
bird,flapping their wings,The sound of [MASK] flapping their wings is often heard in the jungle.,bird,snake,fish,kangaroo,A
dog,clank,The sound of food being poured into a [MASK]'s bowl is often a clank.,rabbit,hamster,dog,cat,C
dog,bark,A [MASK] makes a sound called a bark.,fish,dog,cat,bird,B
seagull,high-pitched squawk,The sound of a [MASK] is a high-pitched squawk.,eagle,crow,owl,seagull,D
birds,chirping and twittering,The sound of a small flock of [MASK] chirping and twittering.,birds,fish,snakes,turtles,A
insect,singing crickets,The sound of singing crickets is a [MASK] noise.,frog,insect,bird,snake,B
horse,clopping,The sound of a [MASK] galloping is often described as a clopping sound.,giraffe,horse,elephant,zebra,B
bird,weird call,A [MASK] makes a weird call.,kangaroo,snake,bird,fish,C
dog,Smack,Smack is the sound a [MASK] makes.,dog,rabbit,horse,cat,A
bird,chirping,A [MASK] makes a chirping sound in the summer.,bird,bear,kangaroo,snake,A
robin,chirping,A [MASK] makes a chirping sound in the morning.,eagle,robin,bear,kangaroo,B
bird,morning sound,The [MASK] makes a sound that is often heard in the morning.,snake,bird,kangaroo,fish,B
bird,singing,The sound of a [MASK] singing after the sunset is a pleasant evening melody.,raccoon,bat,frog,bird,D
sandhill crane,croaking,The [MASK] makes a distinctive croaking sound.,bullfrog,toad,frog,sandhill crane,D
horse,snorting,A [MASK] makes a snorting sound when grazing.,rhino,horse,pig,elephant,B
blackbird,callings,The sound of a [MASK] at dusk is unmistakable.,blackbird,squirrel,owl,bat,A
dog,whining,[MASK] make a whining sound when they are excited or anxious.,bird,dog,cat,rabbit,B
swan,flapping,Flapping is the sound a [MASK] makes when it flaps its wings.,eagle,ostrich,penguin,swan,D
insect,crickets,The sound of crickets is a common [MASK] in the summer.,snake,kangaroo,bear,insect,D
bird,cuckoo,The [MASK] makes a sound that is similar to a cuckoo.,penguin,parrot,bird,flamingo,C
bird,birdsong,The sound of a [MASK] singing in the morning is called birdsong.,bird,snake,fish,kangaroo,A
bird,scolding,A [MASK] makes a scolding sound in a forest.,elephant,bird,tiger,lion,B
dinosaur,hiccup,A [MASK] makes a hiccup sound.,velociraptor,dinosaur,triceratops,stegosaurus,B
sheep,Beee,Beee is the sound a [MASK] makes.,goat,sheep,cow,horse,B
starling,Clicking and calling,Clicking and calling is the sound a [MASK] makes.,starling,owl,crow,eagle,A
crane,honking,A [MASK] makes a loud honking sound.,goose,swan,duck,crane,D
animal,animal,The sound of a dog drinking water from a steel bowl is an example of a [MASK] sound.,horse,elephant,animal,cat,C
dinosaur,growling and roaring,A [MASK] makes a growling and roaring sound.,lion,dinosaur,elephant,bear,B
bird,cranes,The sound of cranes is a [MASK].,giraffe,lion,bird,elephant,C
horse,snoring,Snoring is the sound a [MASK] makes.,elephant,horse,lion,zebra,B
pig,snorting,Snorting is the sound a [MASK] makes.,pig,goat,horse,cow,A
bird,chirping,Chirping is the sound a [MASK] makes at night.,bat,cat,frog,bird,D
cat,purring,A [MASK] makes a purring sound when it is content or annoyed.,rabbit,cat,mouse,dog,B
avocets,singing,The sound of a large group of [MASK] singing as they fly over a marsh can be heard.,ducks,avocets,seagulls,geese,B
bird,trilling,The trilling sound is a typical sound of a [MASK].,snake,fish,kangaroo,bird,D
snake,hissing snarling,A [MASK] makes a hissing snarling sound.,lion,bear,tiger,snake,D
peacock,"high-pitched, screeching sound","A [MASK] makes a high-pitched, screeching sound.",peacock,eagle,owl,parrot,A
cricket,typical sound,The sound of a [MASK] can be heard at night in the garden.,owl,cricket,fox,hedgehog,B
frog,happy singing,A [MASK] makes a sound like a happy singing after the rain.,frog,newt,toad,salamander,A
insect,buzzing,The buzzing sound in nature is typically associated with a [MASK].,bear,eagle,insect,kangaroo,C
parakeet,"high-pitched, screeching sound","A [MASK] makes a high-pitched, screeching sound.",owl,crow,eagle,parakeet,D
mosquito,high-pitched buzz,The sound of a [MASK] is a high-pitched buzz.,bee,ant,mosquito,spider,C
duck,Quacking,Quacking is the sound a [MASK] makes.,turkey,duck,goose,chicken,B
birds,chirping and singing,[MASK] make chirping and singing sounds in the morning.,snakes,fish,birds,turtles,C
bird,flapping their wings,The sound of [MASK] flapping their wings is often described as a rapid beating.,snake,kangaroo,bird,fish,C
bird,loud clucking,A [MASK] makes a loud clucking sound.,ostrich,bird,penguin,eagle,B
bird,conversing,A [MASK] makes a conversing sound.,bird,fish,snake,kangaroo,A
dog,crunching,Crunching is the sound a [MASK] makes when biting a bone.,hamster,cat,rabbit,dog,D
bird,'tweet tweet.',A [MASK] makes a sound like 'tweet tweet.',fish,bird,snake,kangaroo,B
dog,panting,Panting is the sound a [MASK] makes after a walk.,dog,cat,hamster,rabbit,A
rhinoceros,gallop,The sound of a large animal [MASK] is often described as a gallop.,rhinoceros,tiger,lion,elephant,A
grasshopper,sound,The sound of a [MASK] is often heard at night.,grasshopper,bat,owl,cricket,A
bird,croaking,A [MASK] makes a funny croaking sound.,frog,toad,cricket,bird,D
cat,meow,A [MASK] makes a meow sound when eating.,rabbit,dog,cat,mouse,C
cricket,crickets,The sound of crickets in a meadow is a [MASK] sound.,bird,frog,cricket,snake,C
warbler,"high-pitched, repetitive song","The [MASK] makes a high-pitched, repetitive song.",giraffe,owl,duck,warbler,D
bird,shout,A [MASK] makes a loud shout sound.,gorilla,lion,bird,elephant,C
cow,wooden bell,The sound of a wooden bell is often associated with a [MASK].,sheep,pig,cow,goat,C
swallow,singing,The sound of a [MASK] singing in the morning is a pleasant way to start the day.,eagle,hawk,swallow,vulture,C
dog,crunching,The sound of a [MASK] eating is often described as crunching.,cat,hamster,dog,rabbit,C
toad,chorus of uncommon spadefoot toads call,A [MASK] makes a sound like a chorus of uncommon spadefoot toads call.,salamander,newt,toad,frog,C
bird,distinctive call,The sound of a [MASK] is a distinctive call in nature.,insect,fish,snake,bird,D
bird,tweet,A [MASK] makes a sound called a tweet.,bird,dog,horse,cat,A
cat,short howl,A [MASK] makes a short howl sound.,cat,dog,rabbit,mouse,A
baboon,hooting,A [MASK] makes a hooting sound.,baboon,eagle,hawk,owl,A
squirrel,Squeak,Squeak is the sound a [MASK] makes.,kangaroo,bear,squirrel,rabbit,C
geese,chirping,[MASK] make chirping sounds when flying south for the winter.,swans,cranes,ducks,geese,D
dinosaur,"deep, low sound","The [MASK] makes a deep, low sound.",dinosaur,elephant,giraffe,lion,A
dragon,heavy and ominous,The sound of [MASK] breathing is often described as heavy and ominous.,frog,snake,dragon,bird,C
insect,clicking,Clicking is the sound a [MASK] makes.,bird,fish,mammal,insect,D
bird,birds singing,The sound of birds singing in the spring is known as [MASK] song.,hawk,vulture,eagle,bird,D
swallow,repeated message,The sound of a [MASK] is a repeated message in a little village.,eagle,hawk,vulture,swallow,D
dog,snarling,A [MASK] makes a snarling sound.,bear,dog,cat,lion,B
ape,hooting,A [MASK] makes a hooting sound.,ape,owl,hawk,eagle,A
sheep,Baaaa,Baaaa is the sound a [MASK] makes.,horse,cow,goat,sheep,D
dog,slurping sound,[MASK] make slurping sound when eating.,hamster,dog,cat,rabbit,B
swifts,Sound of summer in the city.,The sound of summer in the city is associated with [MASK].,swifts,penguins,eagles,owls,A
dragon,terrifying roar,The [MASK] makes a terrifying roar.,tiger,dragon,lion,bear,B
dog,squeal,Squeal is the sound a [MASK] makes.,cat,pig,cow,dog,B
bird,"repetitive, slowing","A [MASK] makes a repetitive, slowing sound.",lion,elephant,giraffe,bird,D
dog,chewing sound,The sound of a [MASK] eating is often described as a chewing sound.,cat,hamster,rabbit,dog,D
cricket,chirping,"At night, the sound of chirping is often associated with a [MASK].",zebra,giraffe,eagle,cricket,D
dog,sound of distress or pain,A [MASK] makes a sound of distress or pain.,rabbit,cat,dog,horse,C
bird,tiaiset,A [MASK] makes a sound like 'tiaiset'.,kangaroo,fish,bird,snake,C
dog,whining,[MASK] make a whining sound when they are in need.,dog,bird,cat,rabbit,A
little grebe,high-pitched trill,A [MASK] makes a sound like a high-pitched trill.,cormorant,little grebe,swan,pelican,B
cricket,sound of cricket,The sound of a [MASK] is often heard at night.,bat,raccoon,owl,cricket,D
bird,singing,The sound of a [MASK] singing in the spring is a pleasant and relaxing experience.,snake,kangaroo,bear,bird,D
cicada,hum of the machine-like chorus,The hum of a machine-like chorus is associated with a [MASK].,beetle,cicada,bee,ant,B
cicada,singing,The sound of [MASK] singing is associated with summer.,cicada,ant,mosquito,bee,A
cetti's warbler,high-pitched trill sound,The [MASK] makes a high-pitched trill sound.,giraffe,cetti's warbler,kangaroo,blue whale,B
greater yellowlegs,distinctive call,The sound of a [MASK] is a distinctive call in the bird world.,bald eagle,penguin,greater yellowlegs,flamingo,C
raven,'a raven calling out 3 times while flying over.',A [MASK] makes a sound like 'a raven calling out 3 times while flying over.',hawk,eagle,owl,raven,D
rattlesnake,hissing,A [MASK] makes a hissing sound.,python,rattlesnake,anaconda,cobra,B
tui,distinctive call,The [MASK] makes a distinctive call that can be heard over the sound of a train.,kiwi,tui,kookaburra,parrot,B
grasshoppers,chirping,The sound of rustling leaves and chirping is often associated with [MASK].,ants,butterflies,grasshoppers,bees,C
cricket,Chirping,Chirping is the sound a [MASK] makes in the evening.,frog,snake,bird,cricket,D
tiger,deep growl,A [MASK] makes a deep growl sound.,lion,tiger,cheetah,leopard,B
crane,echoing call,The [MASK] makes a distinctive echoing call during spring.,eagle,vulture,crane,hawk,C
cat,Hissing,Hissing is the sound a [MASK] makes.,cat,bear,lion,tiger,A
geese,honking,A [MASK] makes a honking sound when flying in a group.,pigeons,swans,ducks,geese,D
bird,high-pitched call,A [MASK] makes a high-pitched call.,bird,bear,tiger,kangaroo,A
small animal,small animal,The sound of a small animal climbing is often described as [MASK].,small animal,elephant,lion,giraffe,A
bunny,ner-ner,A [MASK] makes a ner-ner sound.,wallaby,bunny,koala,kangaroo,B
birds,chirping and singing,The sound of birds chirping and singing is often associated with [MASK].,turtles,birds,snakes,fish,B
tamarin,chirping,A [MASK] makes a chirping sound.,gorilla,tamarin,zebra,giraffe,B
large animal,heavy breathing,A [MASK] makes a heavy breathing sound.,giraffe,hippopotamus,rhinoceros,large animal,D
cardinal,singing,The sound of a [MASK] singing is often heard in the spring.,bear,cardinal,kangaroo,eagle,B
dog,growling,An aggressive [MASK] makes a growling sound.,elephant,dog,lion,cat,B
wild animal,wild animal scream,A [MASK] makes a wild animal scream sound.,tiger,gorilla,wild animal,elephant,C
horse,snorting,A [MASK] makes a snorting sound.,rhinoceros,horse,pig,whale,B
bird,Quack,Quack is the sound a [MASK] makes.,eagle,bird,penguin,owl,B
insect,high-pitched buzz,The sound of a [MASK] is often described as a high-pitched buzz.,insect,bear,kangaroo,eagle,A
rooster,crowing,[MASK] makes a crowing sound.,duck,chicken,rooster,goose,C
dog,growling sound,A [MASK] makes a growling sound.,cat,lion,dog,bear,C
fish,glub glub,Glub glub is the sound of [MASK] in water.,eagle,bear,fish,kangaroo,C
eurasian wren,high-pitched trill,The [MASK] makes a high-pitched trill sound.,eurasian wren,bengal tiger,komodo dragon,african elephant,A
kitten,mewing,A [MASK] makes a mewing sound.,lamb,calf,puppy,kitten,D
hippopotamus,rumbling growl,"The sound of a [MASK] is a loud, rumbling growl.",lion,bear,tiger,hippopotamus,D
locust,sound,The sound of a [MASK] is often heard at night.,locust,bat,cricket,owl,A
hornet,chewing,The sound of wood being chewed is associated with a [MASK].,bee,ant,termite,hornet,D
goat,Bahahaha,Bahahaha is the sound a [MASK] makes.,horse,goat,cow,sheep,B
creature,snarling,A [MASK] makes a snarling sound in the jungle.,bear,gorilla,creature,tiger,C
mosquito,buzzing,The sound of a [MASK] buzzing around is quite annoying.,bee,mosquito,fly,wasp,B
cat,Mrrr,Mrrr is the sound a [MASK] makes.,cat,rabbit,mouse,dog,A
bee,buzzing,The sound of a [MASK] buzzing around a flower is a common spring sound.,butterfly,spider,ant,bee,D
cricket,singing,"At night, you can hear the [MASK] singing.",cricket,eagle,zebra,giraffe,A
cat,serving cat food on a ceramic plate,The sound of serving cat food on a ceramic plate is associated with a [MASK].,mouse,rabbit,cat,dog,C
bird,startled,A [MASK] makes a startled sound.,elephant,lion,bird,giraffe,C
squirrel,fussy noise,A [MASK] makes a fussy noise.,fox,raccoon,rabbit,squirrel,D
cat,hissing,A [MASK] makes a hissing sound when it is unhappy.,cat,lion,snake,elephant,A
bird,screeching,[MASK] make a screeching sound when they are angry.,owl,crow,vulture,bird,D
animal,rustling,The sound of rustling in the grass is often associated with a [MASK].,kangaroo,animal,bear,rabbit,B
cicada,high-pitched buzzing,The sound of [MASK] is a high-pitched buzzing.,cicada,mosquito,fly,bee,A
wasp,buzzing,The sound of a [MASK] buzzing around a microphone.,bee,mosquito,fly,wasp,D
bee,buzzing,The sound of a [MASK] buzzing by is a common occurrence.,mosquito,bee,butterfly,fly,B
cow,ringing of a cowbell,The sound of a [MASK] is often accompanied by the ringing of a cowbell.,goat,pig,sheep,cow,D
sparrow,flapping,Flapping is the sound a [MASK]'s wings make.,ostrich,penguin,eagle,sparrow,D
bear,funny cartoon laugh,A [MASK] makes a funny cartoon laugh sound.,monkey,bear,dog,hyena,B
dog,quick thumping,The sound of a [MASK] running and passing by is a quick thumping.,zebra,dog,cheetah,elephant,B
catbird,cat meow,A [MASK] makes a sound that resembles a cat meow.,catbird,blue jay,sparrow,robin,A
terrier,high-pitched yelping,A [MASK] makes a high-pitched yelping sound.,bulldog,beagle,poodle,terrier,D
dog,snorting,[MASK] make a snorting sound when they smell.,cat,dog,horse,rabbit,B
dog,whimpering,Whimpering is the sound a [MASK] makes.,rabbit,cat,dog,bird,C
dove,coo,Coo is the sound a [MASK] makes.,eagle,dove,hawk,falcon,B
dog,Jingle,Jingle is the sound a [MASK]'s collar and tags make.,dog,hamster,cat,rabbit,A
hamster,Crunching,Crunching is the sound a [MASK] makes when eating.,squirrel,rabbit,hamster,guinea pig,C
horse,hooves clattering,The sound of [MASK] hooves clattering on asphalt is known as a clatter.,horse,elephant,giraffe,zebra,A
cat,can being opened,The sound of a can being opened is associated with feeding a [MASK].,rabbit,dog,hamster,cat,D
bat,high-pitched audible-ultrasound,An [MASK] makes a high-pitched audible-ultrasound sound.,dolphin,eagle,bat,kangaroo,C
seagull,screeching,A [MASK] makes a screeching sound when fighting.,owl,seagull,crow,eagle,B
nightingale,singing,The sound of a [MASK] singing is often described as beautiful and melodic.,vulture,nightingale,owl,eagle,B
cicada,chirrup,The sound of a [MASK] is often heard during the summer.,bee,mosquito,spider,cicada,D
squirrel,chattering,A [MASK] makes a chattering sound when it is aggravated.,fox,squirrel,rabbit,raccoon,B
bird,drumming,The sound of a woodpecker drumming is a [MASK] sound.,bird,bear,raccoon,snake,A
bird,high-pitched tweeting,A [MASK] makes a high-pitched tweeting sound.,bird,tiger,snake,bear,A
cricket,Chirping,The sound of [MASK] can be heard hiding in the long grass.,frog,cricket,snake,bird,B
lark,singing,The sound of a [MASK] singing is a joyful and melodic.,bat,snake,owl,lark,D
birds,chirping,[MASK] make chirping sounds in the park.,fish,turtles,birds,snakes,C
starling,song of a Bali Starling,The sound of a [MASK] can be heard in an indoor jungle with a waterfall.,hummingbird,toucan,parrot,starling,D
cicada,high-pitched sawing or creaking,The sound of [MASK] can be described as a high-pitched sawing or creaking.,cicada,spider,bee,mosquito,A
creature,synthetic animal vocalization,[MASK] can make a synthetic animal vocalization.,zebra,creature,giraffe,chimpanzee,B
mockingbird,singing,The sound of birds singing in the spring is often attributed to the [MASK].,mockingbird,blue jay,woodpecker,cardinal,A
fly,buzzing,The sound of a [MASK] buzzing against a window is an example of biofonia.,fly,bear,eagle,kangaroo,A
skylark,high-pitched trilling,A [MASK] makes a high-pitched trilling sound.,owl,bat,skylark,hummingbird,C
rooster,crow,A [MASK] makes a sound like a crow.,eagle,crow,owl,rooster,D
bird,sound,A [MASK] makes a sound near the river.,fish,snake,crocodile,bird,D
chimpanzee,high-pitched scream,A [MASK] makes a high-pitched scream.,gorilla,orangutan,chimpanzee,baboon,C
cicada,sound,The sound of [MASK] can be heard during hot summer days.,ant,spider,cicada,mosquito,C
bird,Tjiftjaf,Tjiftjaf is the sound a [MASK] makes.,giraffe,bird,elephant,lion,B
alligator,low growling,A [MASK] makes a low growling sound.,bear,alligator,tiger,lion,B
dog,high-pitched yelp,A [MASK] makes a high-pitched yelp.,rabbit,dog,cat,bird,B
insects,multiple insect songs,The sound of [MASK] can be heard during dusk in the mountains.,squirrels,birds,insects,bats,C
hoverfly,buzzing,The sound of a [MASK] buzzing around is a common summer sound.,hoverfly,butterfly,mosquito,bee,A
bird,chirping,A [MASK] makes a chirping sound at night.,bat,bird,mouse,cat,B
dog,growling,A [MASK] makes a growling sound.,cat,dog,lion,bear,B
dragon,high-pitched eerie call,A [MASK] makes a high-pitched eerie call.,eagle,owl,dragon,crow,C
duck,Slapping,Slapping is the sound a [MASK] makes when it walks.,crocodile,duck,lion,elephant,B
nightingale,beautiful singing,A [MASK] makes a beautiful singing sound.,penguin,nightingale,whale,eagle,B
dog,panting and slobbering,Panting and slobbering are sounds associated with a [MASK].,hamster,cat,dog,rabbit,C
rat,squeaking,A [MASK] makes a squeaking noise.,rabbit,rat,hamster,mouse,B
nightingale,singing,The sound of a [MASK] singing is a common summer evening sound.,owl,cricket,bat,nightingale,D
dog,pitter-patter,Pitter-patter is the sound of a [MASK] walking on a vinyl floor.,dog,hamster,rabbit,cat,A
horse,clip clop,The sound of [MASK] hooves on a stone is a clip clop.,elephant,giraffe,horse,zebra,C
horse,"steady, rhythmic intake and release of air","The sound of [MASK] breathing is a steady, rhythmic intake and release of air.",giraffe,horse,zebra,elephant,B
chaffinch,"clear, ringing song","The sound of a [MASK] is a clear, ringing song.",woodpecker,sparrow,chaffinch,robin,C
chicken,"loud, desperate screech","A [MASK] makes a loud, desperate screech that says ""Leave me alone!""",chicken,eagle,vulture,owl,A
bird,chirps and whistles,The sound of a [MASK] is a series of chirps and whistles.,kangaroo,bird,snake,bear,B
cat,meow,A [MASK] makes a meow sound when it is hungry.,cat,dog,rabbit,mouse,A
bird,calling,The sound of gulls is a [MASK] calling.,bear,kangaroo,bird,eagle,C
bird,sound of house sparrows,The sound of house sparrows is a [MASK].,cat,dog,bird,rabbit,C
bird,whooshing,The sound of [MASK] flapping their wings is often described as a whooshing sound.,fish,snake,bird,kangaroo,C
eurasian wren,wing beat,The sound of a [MASK] flapping its wings is called wing beat.,sparrow,ostrich,penguin,eurasian wren,D
pigeon,soft thuds,The sound of [MASK] walking on a hard surface is often described as a series of soft thuds.,pigeon,eagle,penguin,ostrich,A
bird,Hoot,Hoot is the sound a [MASK] makes at night.,hawk,bird,penguin,eagle,B
alligator,high-pitched whining,A [MASK] makes a high-pitched whining sound.,alligator,lion,elephant,giraffe,A
wild geese,honking,A [MASK] makes a honking sound when flying in a flock.,flamingos,wild geese,swans,ducks,B
eastern whipbird,'whip' sound,The sound of a [MASK] is a distinctive 'whip' sound.,koala,platypus,kangaroo,eastern whipbird,D
horse,galloping,The sound of a [MASK] galloping can be imitated with two coconut shells.,zebra,elephant,giraffe,horse,D
elephant,trumpet-like scream,An [MASK] makes a loud trumpet-like scream.,elephant,zebra,giraffe,lion,A
insect,humming,A [MASK] makes a humming sound.,kangaroo,insect,eagle,bear,B
hippo,loud snort-like vocalization,A [MASK] makes a loud snort-like vocalization.,zebra,giraffe,rhino,hippo,D
tree frog,high-pitched trill sound,A [MASK] makes a high-pitched trill sound.,tree frog,elephant,crocodile,lion,A
bird,landing close,A [MASK] makes a sound when landing close.,bear,bird,kangaroo,eagle,B
snail,"faint scratching, rasping noise","The sound of a [MASK] eating is a faint scratching, rasping noise.",sloth,snail,koala,armadillo,B
cat,Scratch,Scratch is the sound a [MASK] makes when it claws something.,rabbit,mouse,dog,cat,D
seal,"low, guttural call","The sound of a [MASK] is a low, guttural call.",tiger,bear,seal,gorilla,C
horse,walking,The sound of [MASK] walking on a sloppy track is distinct.,zebra,horse,elephant,giraffe,B
bull,"low, rumbling snort","The sound of a [MASK] is a low, rumbling snort.",bull,elephant,giraffe,lion,A
woodworm,chewing on wood,The sound of something chewing on wood is typically associated with a [MASK].,woodworm,caterpillar,termite,beetle,A
monkey,hitting its chest,A [MASK] makes a sound by hitting its chest.,elephant,giraffe,monkey,zebra,C
horse,clattering sound,The sound of [MASK] hooves galloping is a clattering sound.,horse,giraffe,zebra,elephant,A
bird,sound,A [MASK] makes a sound that can be turned into a speech-like structure.,kangaroo,snake,bird,fish,C
beast,Snort,Snort is the sound a [MASK] makes.,rhino,elephant,horse,beast,D
beast,scary growl,A [MASK] makes a scary growl sound.,bear,tiger,gorilla,beast,D
meadow,crickets,The sound of crickets is often heard in the [MASK].,ocean,desert,meadow,forest,C
peeper-frog,peep,Peep is the sound a [MASK] makes.,duck,chicken,peeper-frog,turkey,C
dog or wolf,gasping,A [MASK] makes a gasping sound.,horse,rabbit,dog or wolf,cat,C
eevee,Glaceon,Glaceon is a type of [MASK] in the Pokemon franchise.,bulbasaur,charmander,pikachu,eevee,D
wood-pigeon,Coo,Coo is the sound a [MASK] makes.,owl,wood-pigeon,seagull,crow,B
purple-swamphen,loud squawk,The sound of a [MASK] is typically a loud squawk.,duck,owl,purple-swamphen,parrot,C
guinea-pig,high-pitched sound,A [MASK] makes a high-pitched sound when it's upset.,guinea-pig,mouse,rabbit,hamster,A
beast,growl or a snarl,A [MASK] makes a sound like a growl or a snarl.,tiger,beast,bear,gorilla,B
black-capped chickadee,'chick-a-dee-dee-dee',The sound of a [MASK] is a distinctive 'chick-a-dee-dee-dee.',blue jay,cardinal,black-capped chickadee,woodpecker,C
black-winged stilts,high-pitched trill,The sound of a [MASK] is a high-pitched trill.,ostrich,black-winged stilts,flamingo,penguin,B
red-winged blackbird,trill,The sound of a [MASK] is a distinctive trill.,blue jay,cardinal,woodpecker,red-winged blackbird,D
ruby-crowned-kinglet,"high-pitched, repetitive, trilling call","The [MASK] makes a high-pitched, repetitive, trilling call.",ruby-crowned-kinglet,blue jay,woodpecker,hummingbird,A
roe-deer,Barking,Barking is the sound a [MASK] makes.,wolf,fox,roe-deer,dog,D
lion_or_tiger,low growl,A [MASK] makes a low growl sound.,hyena,lion_or_tiger,wolf,bear,B
eagle-owl,Hoot,Hoot is the sound a [MASK] makes.,osprey,hawk,falcon,eagle-owl,D
red-winged blackbird,trill,The sound of a [MASK] is a distinctive trill.,sparrow,robin,blue jay,red-winged blackbird,D
black-crowned night heron,low growl or a grunting noise,The [MASK] makes a sound like a low growl or a grunting noise.,chimpanzee,black-crowned night heron,tiger,gorilla,B
elephant,trumpet-like scream,An [MASK] makes a loud trumpet-like scream.,elephant,zebra,giraffe,lion,A
duck,Slapping,Slapping is the sound a [MASK] makes when it walks.,crocodile,duck,lion,elephant,B
cricket,Chirping,The sound of [MASK] can be heard hiding in the long grass.,frog,cricket,snake,bird,B
lark,singing,The sound of a [MASK] singing is a joyful and melodic.,bat,snake,owl,lark,D
birds,chirping,[MASK] make chirping sounds in the park.,fish,turtles,birds,snakes,C
starling,song of a Bali Starling,The sound of a [MASK] can be heard in an indoor jungle with a waterfall.,hummingbird,toucan,parrot,starling,D
cicada,high-pitched sawing or creaking,The sound of [MASK] can be described as a high-pitched sawing or creaking.,cicada,spider,bee,mosquito,A
creature,synthetic animal vocalization,[MASK] can make a synthetic animal vocalization.,zebra,creature,giraffe,chimpanzee,B
mockingbird,singing,The sound of birds singing in the spring is often attributed to the [MASK].,mockingbird,blue jay,woodpecker,cardinal,A
cat,meow,A [MASK] makes a meow sound when it is hungry.,cat,dog,rabbit,mouse,A
bird,calling,The sound of gulls is a [MASK] calling.,bear,kangaroo,bird,eagle,C
bird,sound of house sparrows,The sound of house sparrows is a [MASK].,cat,dog,bird,rabbit,C
